battery_id,cycle,voltage_mean,voltage_min,voltage_max,voltage_std,voltage_range,current_mean,current_min,current_max,current_std,temperature_mean,temperature_min,temperature_max,temperature_std,discharge_duration,capacity_Ah,initial_capacity_Ah,SOH_percent
B0005,2,3.5298286688693397,2.612467347907089,4.191491807505295,0.2359570706808563,1.5790244595982057,-1.8187019641679727,-2.0180146876333027,0.000728585272845447,0.593546181674474,32.572328114029,24.325993424022467,38.98218133148803,3.4869204762216834,3690.234,1.8564874208181574,1.8564874208181574,100.0
B0005,4,3.5373201277859714,2.587208728940726,4.189773213846608,0.23476492928592219,1.6025644849058818,-1.8175598506612867,-2.016820542901454,0.002927403359080335,0.5951796218062511,32.72523522519307,24.685948163596,39.033397966787035,3.4267342264664666,3672.344,1.846327249719927,1.8564874208181574,99.45272071416714
B0005,6,3.5437367282719,2.6519168938437794,4.188186735991303,0.22752543549673088,1.536269842147524,-1.8164865418840956,-2.016573862170142,0.0014836763652280672,0.5964980204475099,32.64286193755933,24.734266163954402,38.818796689817404,3.379475042762775,3651.641,1.8353491942234077,1.8564874208181574,98.86138595081705
B0005,8,3.5436661072601456,2.592947964776547,4.188461118855572,0.23274431724182537,1.5955131540790246,-1.8255891938692528,-2.0159359571668354,0.001547011952723541,0.5834624841611844,32.51487646204882,24.652243741292516,38.7623045063458,3.3865437316993527,3631.563,1.8352625275821128,1.8564874208181574,98.85671763794173
B0005,10,3.5423432526672167,2.547419651124539,4.188298524761055,0.2366885716567803,1.6408788736365159,-1.8261139590277586,-2.017425579158831,0.001701454824503414,0.5834685498827803,32.38234901543077,24.518700434435164,38.66539257343368,3.3958806914600226,3629.172,1.8346455082120419,1.8564874208181574,98.82348178817772
B0005,12,3.5413347346347575,2.5209480504077413,4.188815807948604,0.23931625998293235,1.6678677575408627,-1.8168108743168803,-2.0162347618032066,0.0024899497555445145,0.5967015706365189,32.43418218230641,24.51442664842638,38.75169504640032,3.4173255675455376,3652.281,1.8356616600675495,1.8564874208181574,98.87821697485944
B0005,14,3.5410250495075215,2.487927319492314,4.18839163793879,0.2425153341196382,1.700464318446476,-1.816791144707133,-2.01583310669507,0.002314295882739856,0.5964919190059063,32.480416444757985,24.575581239008407,38.8207012322275,3.419542558294876,3650.828,1.8351461429226603,1.8564874208181574,98.85044855913476
B0005,16,3.554133296801584,2.6652049047458775,4.188927891511958,0.22731251096165395,1.5237229867660806,-1.8443412120754061,-2.0166395518034546,0.002227616056915605,0.5573831672048897,32.41046186109587,24.71132429046902,38.51713023385634,3.3516161723228617,3572.453,1.8257567905665537,1.8564874208181574,98.34468955151549
B0005,18,3.5529355991467955,2.6038584726333673,4.189029250882121,0.2324538495076242,1.5851707782487536,-1.853972745505648,-2.018357230695621,0.005401028321021492,0.5424840616663397,32.3461408313,24.628487294051176,38.526267904657,3.3724043396197616,3550.594,1.8247738529891333,1.8564874208181574,98.29174345738105
B0005,20,3.5512057319376997,2.552853984885676,4.189223427076418,0.23672870147542147,1.636369442190742,-1.8535899338510957,-2.0160718378149842,0.0030191479674457028,0.5423346882876612,32.27679750791685,24.561560340089137,38.52698128472781,3.384318782535614,3551.25,1.824613268496936,1.8564874208181574,98.2830935473199
B0005,22,3.549292319740949,2.4724483018527317,4.188916055911241,0.2430973444996006,1.7164677540585092,-1.863380178294828,-2.0160713863396573,0.002626400189938571,0.5267409991401001,32.15709350345252,24.43128509546442,38.54143406601644,3.4192563180601603,3530.25,1.8246195526864504,1.8564874208181574,98.28343204622077
B0005,25,3.559759220648976,2.64956413267546,4.189876247266316,0.22886185175957943,1.5403121145908556,-1.872968810287894,-2.016851865845563,0.00236452370176732,0.5116979707844124,32.36407129853099,24.74037188089418,38.52197451768004,3.3635991447660745,3491.016,1.8142019357673917,1.8564874208181574,97.72228539894279
B0005,27,3.558081969139198,2.5724981777366227,4.189286794768804,0.23460775776275253,1.616788617032181,-1.8826095043160833,-2.016393908986775,0.0018583785527610795,0.4942824152307196,32.3181954403762,24.733107699311514,38.582485834057856,3.3739283176724415,3470.281,1.8137521577549054,1.8564874208181574,97.69805803238793
B0005,29,3.555692244172496,2.5249886697730286,4.188837765892728,0.237911318298918,1.6638490961196997,-1.882536787636365,-2.0158117255163046,0.0022664654273509715,0.49428703573729343,32.15709029211502,24.44798340505406,38.520294134873915,3.426023279669047,3470.0,1.8134404914735822,1.8564874208181574,97.68127007692816
B0005,31,3.562746818017503,2.694621861688723,4.189110301768517,0.22392608690207388,1.494488440079794,-1.8817935155260215,-2.0193509920362724,0.001319946437255823,0.49541451927035984,32.04407000314609,24.463097121123557,38.21358592965045,3.360458061989185,3450.297,1.8025980036306504,1.8564874208181574,97.09723768751647
B0005,33,3.5614521756489204,2.64010141737067,4.18921207304098,0.22796979172772144,1.5491106556703098,-1.8921861285036712,-2.0164420273602586,0.0030782527761262007,0.4770160473926998,31.931593674911532,24.32051139249706,38.1983618706913,3.385244667118977,3429.407,1.80210690024615,1.8564874208181574,97.07078432300706
B0005,35,3.5603420474985823,2.5739035098380962,4.188899969428112,0.23297600498562532,1.614996459590016,-1.9027629207037406,-2.016465255161054,0.0009018486465400538,0.4571130109358775,31.941655359029298,24.357321702352365,38.31926916027133,3.4008083552683144,3409.484,1.802579500826209,1.8564874208181574,97.09624103091467
B0005,37,3.5591189041401865,2.4942396831720126,4.188779799856791,0.23873643876806222,1.6945401166847782,-1.9133470605822436,-2.0181069603406625,-0.00044812397487015555,0.4358942318853322,31.965008645476725,24.382419922756025,38.4787542519308,3.414795247499799,3390.422,1.8030683142834096,1.8564874208181574,97.12257104811376
B0005,39,3.557886771846508,2.4556793246645583,4.189272591516219,0.24145031412156678,1.7335932668516607,-1.9131602105481538,-2.0170254305215485,0.002337558709004184,0.43619046586394566,31.966241678512723,24.355030419469987,38.54659017774874,3.433369080629228,3390.281,1.8027776247196041,1.8564874208181574,97.1069130069902
B0005,42,3.5520375235511907,2.632142800798914,4.187614060563439,0.23416563071224794,1.5554712597645248,-1.8553455745575975,-2.01684718332263,0.005955165804640151,0.5400579358950733,32.37143341978575,24.549424447285215,38.44749852224995,3.358265608227543,3591.734,1.8470259949329193,1.8564874208181574,99.49035873989017
B0005,46,3.5525668436897124,2.5027764692056795,4.1876287811083985,0.2441722414090925,1.684852311902719,-1.8746995273150975,-2.016190951623346,0.0016182635202416972,0.5078881766945342,32.70024990461686,24.917503693363493,38.992275791716615,3.4144547200965945,3552.297,1.847417311283644,1.8564874208181574,99.5114370594272
B0005,50,3.556794038327039,2.617507742871704,4.187447226312926,0.23311973567394634,1.5699394834412224,-1.873827212788385,-2.016760348146938,0.002519215784369448,0.5090210348494151,32.32266411829938,24.56596639952811,38.51424197364312,3.395181230789341,3531.578,1.8361774213478947,1.8564874208181574,98.90599854098058
B0005,54,3.5614100044534203,2.694074478000972,4.187344026387161,0.22484633144049296,1.493269548386189,-1.883193546754683,-2.0160230713598764,0.0037933120349866447,0.49304941109665107,31.98795810666763,24.21658146702539,38.165816144899125,3.404274898198559,3492.907,1.8257807475776242,1.8564874208181574,98.34597999985365
B0005,58,3.5566107947817986,2.6237674644021887,4.187438187636325,0.23067449635182954,1.5636707232341367,-1.873239184822504,-2.01719076462715,0.00343888873867598,0.51045002675325,31.894456524691385,24.054990657817566,38.16526203587147,3.436465900023053,3511.594,1.8251136435078368,1.8564874208181574,98.31004632950896
B0005,62,3.5586742170266272,2.5010798299873738,4.18774138117799,0.23845858592777874,1.6866615511906167,-1.9139593751505897,-2.0161148625656655,0.0012614422239159216,0.4336815885962881,31.78039681801023,24.024851602995685,38.27549578575718,3.4449494445307676,3431.9370000000054,1.8255815042203762,1.8564874208181574,98.33524772367372
B0005,66,3.564103182686905,2.6849988185249796,4.188261122540052,0.22371289710668404,1.503262304015072,-1.9030532722310995,-2.0168636304742815,0.0031353992245556606,0.45609178373993275,31.688747146342205,23.93622764909489,37.982160799183106,3.4231952488727075,3431.125,1.8140311275083907,1.8564874208181574,97.71308478400267
B0005,70,3.559588063594272,2.547109116468133,4.187338767288234,0.23399060506233524,1.640229650820101,-1.9134590742247914,-2.024643671910137,0.0011043615738374486,0.434873129767018,31.596747992569153,23.811534187517502,38.11100191887773,3.461139819499428,3412.406,1.8147691941158939,1.8564874208181574,97.75284086310275
B0005,74,3.556833231052199,2.471314764334132,4.187560306288175,0.23947202414141244,1.7162455419540428,-1.913620909902553,-2.017291134571006,-3.060676830687782e-05,0.43491395027052004,31.565586498787077,23.754765330883426,38.18831137948753,3.480274215150429,3410.688,1.813969388710352,1.8564874208181574,97.70975921350076
B0005,78,3.5624410850948944,2.6613903306108773,4.18805176248713,0.22469381728284948,1.5266614318762528,-1.9025819745719061,-2.01713712589233,0.0037901043107805275,0.45735642874148813,31.59124667045208,23.79410930748377,37.998541119085836,3.455173082508427,3410.718,1.802765665167823,1.8564874208181574,97.10626880376819
B0005,82,3.5591407106855666,2.541762355407921,4.187667484260542,0.2337381121665522,1.645905128852621,-1.9130621638638965,-2.0159460285100574,0.0006901740069088986,0.4362089113558066,31.603485399391182,23.801300986918452,38.194201649765226,3.4825819327963465,3392.719,1.804077040117352,1.8564874208181574,97.17690623092355
B0005,86,3.5573161327793144,2.628919415830567,4.2010701773378685,0.2244802327371113,1.5721507615073014,-1.920618117118412,-2.0167372379007014,0.0008475435827522827,0.4205282536761078,31.91556385491565,23.78129749955371,38.45796400011448,3.5076959837591097,3470.672,1.8518025516704486,1.8564874208181574,99.74764875349146
B0005,90,3.561870782772737,2.6312552691827045,4.1996223345495824,0.22326557144507364,1.568367065366878,-1.9298830859597569,-2.0183057226929555,0.0011650883880798665,0.399294272689169,32.081128118597164,24.2036410699716,38.49126351534004,3.3915014198167084,3414.109,1.8307038456739428,1.8564874208181574,98.61116348782737
B0005,94,3.5617586337260088,2.654880745360911,4.199853323702163,0.22104596048351946,1.5449725783412518,-1.9293005284805407,-2.016579511976592,0.0019472390588109682,0.4002852377219257,31.849792632896243,24.00078927251757,38.31473393357882,3.3803301579998144,3395.219,1.8199041089501267,1.8564874208181574,98.02943389447215
B0005,98,3.5597307651083123,2.6749688422803803,4.199103467081427,0.21897224844365457,1.5241346248010466,-1.923330987770314,-2.0193879194408373,0.0018372947715281892,0.4135159697940358,31.465690433362017,23.53999092882516,37.861934640176806,3.416430218751927,3386.0,1.8093079637028517,1.8564874208181574,97.45867078945713
B0005,102,3.5575937553540915,2.6159705726789904,4.199998536865001,0.22364252387843475,1.5840279641860109,-1.9284469980320087,-2.015814483813837,0.0074961910680886356,0.40194096557758924,31.40934895665031,23.566095747572557,37.90665575786083,3.39766676229326,3368.187,1.80460990458052,1.8564874208181574,97.20560906279802
B0005,106,3.5597237883937995,2.658447162110498,4.19967522099872,0.22067304968852833,1.5412280588882217,-1.9231439161693824,-2.019901495893039,0.001392374886299951,0.4145005123309109,31.902247475518077,23.9730227457941,38.34003238560517,3.4319633187951024,3368.266,1.7993770651972192,1.8564874208181574,96.92374130950105
B0005,110,3.559061771422033,2.6979426084271156,4.1991847248803165,0.2174117074890921,1.5012421164532008,-1.9170149640438081,-2.016522387288751,0.0025753372180031702,0.42729035615010547,31.649024294808623,23.755161868961988,38.0745950590744,3.429628733786301,3358.719,1.7884432335370462,1.8564874208181574,96.33478867036308
B0005,114,3.557015527748059,2.6617272246516333,4.200012480335,0.2202112122344345,1.538285255683367,-1.922048805055383,-2.017112121704317,0.0011747056452339859,0.4161258984825695,31.48874626238971,23.51454265913581,38.07252758016199,3.4678195183884166,3339.5,1.7829230484252723,1.8564874208181574,96.03744299218224
B0005,118,3.5562481933590964,2.699288287625812,4.1992373656547874,0.21711532049783672,1.4999490780289753,-1.9162302821549877,-2.018009988339822,0.0023816748049826563,0.42893766203569794,31.329995610092634,23.27146353182613,37.80133585100446,3.5094402484809746,3331.265,1.7730337158018288,1.8564874208181574,95.50475246530081
B0005,122,3.5532756526091784,2.6127932408838532,4.1993957811187075,0.2242097776623701,1.5866025402348543,-1.9220800182578983,-2.017724236336294,0.0021374370347549054,0.4172895950868297,31.569551201845574,23.439367870877128,38.39873985476869,3.562748483599031,3321.188,1.773037755078937,1.8564874208181574,95.50497004162602
B0005,126,3.556266431640255,2.6637064901468075,4.1995786980260705,0.22065598640894563,1.535872207879263,-1.9162417890311958,-2.016792488625222,0.00151986195803867,0.42954821430451323,32.111426258867944,24.020578317587123,38.74929237918251,3.542509758652166,3321.844,1.7678721106662054,1.8564874208181574,95.22672175646096
B0005,130,3.5563095420140822,2.6668454289754746,4.199546957512695,0.22086472080479183,1.53270152853722,-1.9158809823517762,-2.0172551326315866,0.0018244735178706453,0.4301866281036963,32.271676011112376,24.256086319320033,38.87275464755104,3.505491291733021,3311.828,1.7623150704093087,1.8564874208181574,94.92739086983165
B0005,134,3.558950851054106,2.684431051981017,4.194091469340824,0.2248771520046519,1.5096604173598074,-1.9114406265753041,-2.0159457514475405,0.0005228307091433465,0.43944109419390154,31.842291659678658,23.99270220171187,38.503541429116005,3.5341086843673057,3327.391,1.7676172924938447,1.8564874208181574,95.21299593373234
B0005,136,3.5534418211598053,2.645224362345869,4.200715235801255,0.22263448201480376,1.5554908734553856,-1.9158166997544155,-2.021877555086194,0.002427106886628309,0.4299853699579859,31.759815453754253,23.826487051861594,38.27009094548294,3.4611972406700215,3312.078,1.762668359743147,1.8564874208181574,94.94642085785509
B0005,140,3.5510121537420285,2.6603527244917,4.1990980807180325,0.22130511019697496,1.5387453562263325,-1.9151304155635374,-2.0169903181968984,0.0006158711833322257,0.4310379045239763,31.41911167391793,23.348558306380394,38.11684755251712,3.5319955005201416,3293.172,1.7517304870664143,1.8564874208181574,94.35725054869607
B0005,144,3.551317608213948,2.6926849789916263,4.199398534411534,0.21900720749034402,1.5067135554199078,-1.9148485784393638,-2.016185456554963,0.0008035192993614022,0.43231390245118795,31.331626572312267,23.236214188565974,38.04152715355532,3.538620015044167,3275.328,1.7418496047960008,1.8564874208181574,93.82501520146927
B0005,148,3.549003180550162,2.670544734728978,4.199122915612965,0.22112880899864104,1.528578180883987,-1.9144128654409127,-2.0170647431651068,0.0014889451776809062,0.4327839754033059,31.35934131425137,23.214801785728056,38.17980302242767,3.580882360514829,3265.016,1.7360913511847138,1.8564874208181574,93.51484592444021
B0005,150,3.5597648340955175,2.605158060541757,4.190409478081396,0.22690811654164278,1.5852514175396388,-1.9388813849818083,-2.0168134548386294,0.002493114712392233,0.3772637665356265,34.31088483888259,26.647373946169793,40.71218198711114,3.3312911329320847,3328.937,1.7936240148573608,1.8564874208181574,96.61385230754256
B0005,154,3.5623454342368555,2.672012007453096,4.199933846791869,0.22196151611679193,1.5279218393387732,-1.927509725704535,-2.0165540953857675,0.002858970104521588,0.40406682162522617,33.43585640373788,25.69911743242072,39.885261233152924,3.3758093419223836,3329.266,1.7831890223273275,1.8564874208181574,96.05176972012408
B0005,158,3.558336657621618,2.674271233724938,4.199365021329158,0.22116302424041023,1.52509378760422,-1.9267185977839403,-2.022483480851903,0.0012369720338688353,0.4055885131371584,32.66698125020078,24.833281081823134,39.18287352945846,3.410710826213734,3301.579,1.7673642076278957,1.8564874208181574,95.19936347583841
B0005,162,3.554013138622869,2.6309416727017187,4.19902365945384,0.22441709628144815,1.5680819867521216,-1.9261308349663746,-2.0168041459037114,0.0027115029184951785,0.4068434847542995,32.28423408691397,24.361616832363048,38.951564804030774,3.477296802755773,3283.563,1.7570177850353066,1.8564874208181574,94.64205172265511
B0005,166,3.552376095886298,2.6629725743154204,4.199432142144215,0.22204569380260106,1.536459567828795,-1.9202346781375206,-2.0172800396238526,0.003127245831423531,0.42017980834668417,32.00739178780946,24.019157444608588,38.607510759873634,3.5114636089072517,3275.125,1.7468706179837907,1.8564874208181574,94.09547290193551
B0005,170,3.549618661283733,2.612942119873717,4.199640922827531,0.22622259329090488,1.5866988029538143,-1.9201011498853633,-2.0159193745006387,0.0012894534058489268,0.4206076443839264,32.06387071886056,24.006646494284762,38.920359903369054,3.565622841015737,3265.656,1.7417172507457144,1.8564874208181574,93.81788592880078
B0005,174,3.54938103086703,2.6157198442661476,4.199305653118061,0.22644463175198204,1.5835858088519132,-1.9144278105456467,-2.0206059195730015,0.0010352326876111328,0.43285900358177537,32.43754560319043,24.328038456694348,39.23273115358871,3.6022709283889247,3266.093,1.7364225056478186,1.8564874208181574,93.53268361401415
B0005,178,3.5472118680418956,2.6287695472774453,4.198949734540481,0.2256048866862126,1.5701801872630354,-1.908340706503589,-2.017554048083073,0.002141440621650397,0.44542459211819263,32.16809876635083,24.121591093765634,38.964927068400804,3.563053000695821,3257.594,1.7263217239235826,1.8564874208181574,92.988603346571
B0005,182,3.5467052098640246,2.6655106679421823,4.19834220599025,0.22260946236691775,1.5328315380480677,-1.902207182631691,-2.016416703030436,0.0017702200905978112,0.4575237574010793,32.05752645824972,23.971565610462942,38.83927283461771,3.580382906894387,3248.593,1.7158065389330133,1.8564874208181574,92.42220117908766
B0005,186,3.544629653883431,2.650495153350403,4.198995776266302,0.22441087883425337,1.548500622915899,-1.9020484449938713,-2.0170229987437884,0.0014307662327893813,0.45824944020161834,31.975920928072714,23.83541998401671,38.82796377704433,3.6137129639045322,3238.766,1.710533351135192,1.8564874208181574,92.13816005181208
B0005,190,3.5436291614253204,2.643236235233877,4.19916986492694,0.2251626394650501,1.555933629693063,-1.8964907679062355,-2.016783933430818,0.00490119980676573,0.4695119039783484,32.21689335291319,23.956923878018035,39.14007944734004,3.6809207416656733,3240.14,1.706014499648521,1.8564874208181574,91.89475137389712
B0005,194,3.5444946147995258,2.656450207001938,4.199246833083063,0.2250288003365719,1.5427966260811248,-1.895971437908019,-2.0199829306240713,0.001796424269077256,0.4700220134159711,32.55632993697177,24.465118009505925,39.349611598028886,3.5876341260521625,3230.109,1.7003110272642588,1.8564874208181574,91.58753289666399
B0005,198,3.5409201846556857,2.626177688152069,4.1992551886401595,0.22759267954042178,1.5730775004880906,-1.8899648799839277,-2.016448312230377,0.004899013626111221,0.4809252461296192,32.40048085325998,24.267851748683743,39.29444535878087,3.6261445424786727,3229.7810000000027,1.6945798601797895,1.8564874208181574,91.27882263985312
B0005,202,3.541195668799061,2.6582230344240045,4.199610827671791,0.2253901682415922,1.5413877932477869,-1.8893703824420507,-2.0264654916334726,0.002434406743192847,0.48225312231239975,32.29371860868794,24.14386556947967,39.10487658009542,3.637499367495382,3212.469,1.6849029086609286,1.8564874208181574,90.75757205607074
B0005,206,3.540671044783382,2.695100237338448,4.1994453812630566,0.22200337643732754,1.5043451439246085,-1.8776883243431417,-2.017330650607364,0.0014513205321675263,0.5029620620589579,32.136071448067796,23.934085583884677,39.0462609369598,3.654819125074113,3213.219,1.6744741591159717,1.8564874208181574,90.19582574806932
B0005,210,3.5376048790268775,2.639091813583503,4.198991968341307,0.22747021165023182,1.5599001547578042,-1.8831065986697755,-2.0225787607034706,0.005933998461667336,0.4936099038550067,32.38268549723498,24.080595341823642,39.398032192832,3.738665594798859,3203.578,1.6745692479879102,1.8564874208181574,90.2009477257823
B0005,214,3.538422485261741,2.6857210282450983,4.197785116892181,0.22445639503179138,1.5120640886470826,-1.876359921441716,-2.0158674131052456,0.0034449440902895195,0.5045046007331752,32.30899951427637,24.428816535813286,39.10678394120843,3.573601688124995,3195.125,1.663716375981405,1.8564874208181574,89.6163559916933
B0005,216,3.53928626988912,2.69017866510873,4.201331130571617,0.2237217691429451,1.5111524654628874,-1.8709550260104437,-2.016878594815316,0.0012286208011475699,0.5143997774045596,32.56636929496716,24.3288116844709,39.44448954135193,3.6987146279019267,3195.3129999999946,1.659013868748246,1.8564874208181574,89.3630546668135
B0005,220,3.533690170241391,2.639895313359579,4.199339974904826,0.2284155018484487,1.5594446615452475,-1.8705599868289542,-2.0190191551299326,0.0006759557151863035,0.5149956757914231,32.46542951751835,24.124885387020978,39.509602016775695,3.763161934375441,3186.297,1.6538540573335014,1.8564874208181574,89.08512057704355
B0005,224,3.534367734544495,2.68991452927918,4.198916244859707,0.22401128563800174,1.5090017155805273,-1.8640049795794804,-2.0179820220655023,0.0017286665299136564,0.5255367036226928,32.347056454418095,23.980294072799666,39.334865362245324,3.7686387838768005,3176.438,1.642653782130131,1.8564874208181574,88.48181591266643
B0005,228,3.5312941932103548,2.65935818848874,4.198537488587242,0.22709204592021853,1.539179300098502,-1.8636932149873204,-2.0158401305926343,0.0008822013179447034,0.5263075365065475,32.371538940646154,23.969183667109306,39.43723270017243,3.798378346405976,3167.593,1.6378578430223698,1.8564874208181574,88.22348186450748
B0005,232,3.5309134771684274,2.6657030585650423,4.198943932259475,0.22674511548841458,1.5332408736944325,-1.857820396301907,-2.0192083553177325,0.0032196054196979183,0.5360241740397207,32.45549347979197,24.037074564457942,39.51375235624076,3.806767841094206,3167.719,1.6327350407099108,1.8564874208181574,87.94754127611387
B0005,236,3.5287226893409893,2.642986759012803,4.199579806494986,0.22927035359609077,1.5565930474821834,-1.8572160981955346,-2.017754065523427,0.002329222708757339,0.5366022681919891,32.50017194695606,24.074008046047823,39.60170302810528,3.822022211269683,3159.077999999994,1.6277528915533617,1.8564874208181574,87.67917699307695
B0005,240,3.52625493581969,2.6311169118893036,4.198782234828033,0.23073247098074154,1.5676653229387294,-1.8568340008006827,-2.016206764491147,0.0036382151418645234,0.5375143566828329,32.50100298369444,24.043536678896338,39.687463597582074,3.84957926477219,3148.829,1.622125485521159,1.8564874208181574,87.37605584239753
B0005,244,3.528684324337005,2.696157404617167,4.19910517813207,0.2247705585097621,1.5029477735149035,-1.8448886500218815,-2.018425729441905,0.002409343074541808,0.5559145972091805,32.4728927422438,24.007622451152475,39.53535075538898,3.8316458393751693,3149.094,1.6113256603765849,1.8564874208181574,86.79432148624366
B0005,248,3.525556939424901,2.6667596238241567,4.198510853141954,0.22779895158764976,1.5317512293177975,-1.8444180038305806,-2.0200094988659028,0.0018183081167425818,0.5567175936954798,32.50480154634882,23.99346277596251,39.6502371632164,3.8641045055376444,3140.547,1.6065631397488385,1.8564874208181574,86.53778753000239
B0005,252,3.5226805646793737,2.6403185448373043,4.198732430468704,0.23050584047552053,1.5584138856313996,-1.8438790389835118,-2.0160906793454063,0.0023945547129780136,0.557421835420678,32.51218336210202,23.977316018708777,39.69929058154853,3.885789404543481,3131.625,1.6015142233917594,1.8564874208181574,86.26582682073705
B0005,256,3.524673458789008,2.69892986372897,4.198799630396931,0.22554614793423197,1.4998697666679615,-1.83711254029409,-2.017218805788003,0.003459179478904217,0.5670761474198778,32.45692821941515,23.92726467831658,39.56076309770468,3.8707779902612707,3121.907,1.590369231400328,1.8564874208181574,85.66549999565574
B0005,260,3.5213155754526824,2.6682466504352993,4.198753541225669,0.22838261270267754,1.5305068907903694,-1.8315957075983758,-2.017576881832417,0.002911553978859486,0.5758422473114834,32.447059186431154,23.878754027011194,39.63708096307912,3.902676905350374,3122.125,1.5857889968242211,1.8564874208181574,85.4187849075412
B0005,264,3.51803386486462,2.6479207279724903,4.200309982421394,0.23117872316851204,1.5523892544489035,-1.8311195242792309,-2.0163186530776205,0.001691287375631991,0.5758733468618624,32.32889654966259,23.90454749592773,39.43977047692484,3.8494187253951466,3121.672,1.5849430707374117,1.8564874208181574,85.37321895986369
B0005,266,3.5236841955396794,2.6741633856529066,4.201124089732316,0.22917796003491905,1.5269607040794093,-1.8432799764914718,-2.016322017667326,0.0031344620126884833,0.5581982237984048,32.84488475360107,24.472949639670766,39.839022256254516,3.7930289092436635,3120.86,1.5955263892495937,1.8564874208181574,85.94329115068511
B0005,270,3.519146638240668,2.6892528956736257,4.198150316653697,0.22719970590454205,1.5088974209800714,-1.829798505957538,-2.0160583834613157,0.002214915830402201,0.577259511293026,32.31731555011648,23.81400684876703,39.41794949618613,3.864121159323799,3103.828,1.5747301747801037,1.8564874208181574,84.82309964083233
B0005,274,3.516233648608237,2.688809122993162,4.198524048997099,0.2273324183483178,1.5097149260039369,-1.8236746835609148,-2.0176016183677974,0.0026959062866318295,0.5868747718090098,32.06376130177751,23.405971076202263,39.262781682151214,3.943799041030261,3095.094,1.5649019950937946,1.8564874208181574,84.29370312695895
B0005,278,3.514773138461639,2.6743555987897745,4.198840869468569,0.22847210016062755,1.5244852706787944,-1.8176720770210877,-2.018404141903304,0.002592567167286657,0.5952075610841622,32.21997626855924,23.504268200620626,39.47237839941986,3.9798848350523506,3095.781,1.5597659473370362,1.8564874208181574,84.01704907053151
B0005,282,3.5132992979150073,2.6430294964336345,4.198119631667182,0.2314217062849809,1.5550901352335473,-1.8179238657973993,-2.016777852675889,0.0015197601976623138,0.5952405875017754,32.7120225448885,23.986241979219916,40.037541469513684,3.9976006239496304,3094.328,1.5594815668184234,1.8564874208181574,84.00173086716403
B0005,286,3.514484830704665,2.6584858447131823,4.198320288264955,0.23060759962593796,1.5398344435517726,-1.817160673909645,-2.019500858990014,0.005375811737933425,0.5961269317003768,32.945022147355694,24.332016492731967,40.142730162011574,3.9422119635924115,3086.531,1.55468935359061,1.8564874208181574,83.74359751414073
B0005,290,3.5109677353595243,2.629782173759164,4.1980467610750285,0.2329526759800367,1.5682645873158645,-1.8110297241968543,-2.025028692484549,0.001299695920075446,0.6042377451924877,32.857549597381336,24.210935532035016,40.1165626728546,3.9688503842638565,3085.625,1.5488741079890418,1.8564874208181574,83.43035835418966
B0005,294,3.5109358749578012,2.6622967647315545,4.199047008209673,0.2307329830817022,1.5367502434781186,-1.8094435644526072,-2.017188769565156,0.003654247255878711,0.605972691577863,32.629663328789654,24.000424305912805,39.87503330866132,3.951047957236267,3067.203,1.538236598942558,1.8564874208181574,82.85736718133292
B0005,298,3.509393098217416,2.682380966742509,4.197669918520713,0.2288570136594319,1.5152889517782042,-1.8026537331443495,-2.0203529496154493,0.0013741929346254653,0.6147018605615803,32.379859014262976,23.66809609847637,39.61961987024145,3.988147604013235,3058.157,1.527914258251028,1.8564874208181574,82.30135260370756
B0005,302,3.5066782411556563,2.6401894768922713,4.197600624105256,0.2324429087783303,1.5574111472129846,-1.8031542757366414,-2.016749317444538,0.0020536118932937353,0.6147768190719081,32.68215852457039,23.845674209557426,40.067324667444815,4.061372918664878,3058.812,1.5285252629756445,1.8564874208181574,82.33426447360578
B0005,306,3.5109885623008092,2.693769409137257,4.197985718630326,0.2279824823099926,1.504216309493069,-1.7965666438696486,-2.016964364118414,0.002233821019065787,0.6225281437334834,32.99387423636739,24.23969113753901,40.24716716520102,4.008265788698764,3058.578,1.522647325284378,1.8564874208181574,82.01764839394087
B0005,310,3.510305462695178,2.695787450704935,4.198164128530042,0.2281087434098021,1.502376677825107,-1.7959771394311956,-2.0177154474110517,0.0029663849324865874,0.6233048468787379,33.04539707211165,24.30453859448875,40.30253125568348,4.01550117256657,3049.328,1.5174859938489869,1.8564874208181574,81.73963242800902
B0005,313,3.5222215314850214,2.6920548172137724,4.222920057935785,0.23455024881444192,1.530865240722013,-1.822916991757235,-2.017087516284557,0.0015450426899526494,0.5880606956486941,32.856295641052824,24.112523495131093,40.09418103142496,3.9810906805855084,3177.219,1.605818899130659,1.8564874208181574,86.49769888680268
B0005,316,3.5163492154331264,2.629071246219689,4.200423045909808,0.2342514069587575,1.5713517996901194,-1.8294275689587538,-2.0177115857667665,0.0029495288044011506,0.5790386830763732,33.33950238056361,24.719311536144843,40.52238496316615,3.9283338338688516,3082.937,1.5638491446744425,1.8564874208181574,84.23699116610504
B0005,320,3.5134397623234963,2.631343871050918,4.198372063670128,0.23338016528628605,1.56702819261921,-1.816317296828028,-2.0160877086861952,0.0016903309192767824,0.5967165768532282,33.35156485472646,24.73538913848975,40.56886357314186,3.951653441190732,3074.266,1.5480915247767786,1.8564874208181574,83.38820438085877
B0005,324,3.515137522009075,2.6983970036642315,4.198353213898968,0.22724285807568523,1.4999562102347364,-1.8033689952639713,-2.0174325692631547,0.0017335297510131795,0.6138243789661205,33.147486361012966,24.494140877553082,40.27804845768325,3.9517570424024644,3066.0,1.5323755631868592,1.8564874208181574,82.54166152720488
B0005,328,3.50830390643132,2.6338485871981514,4.197873789078739,0.2331667808997218,1.5640252018805874,-1.802670753119494,-2.017976023705107,0.003201402568771493,0.6146945270651876,33.007275861749356,24.254986942423244,40.2921849196155,4.008284181289492,3056.437,1.5269528268489705,1.8564874208181574,82.24956494324317
B0005,332,3.509190808443004,2.671566207861818,4.197955644238241,0.22983512055913674,1.526389436376423,-1.7958941337499832,-2.016684455267326,0.0012207622759792553,0.6233018675049735,32.91990812745461,24.1488106351578,40.184384347174266,4.0190435754293565,3048.219,1.5169573017136326,1.8564874208181574,81.71115433925789
B0005,336,3.5068097579555353,2.6540810507928123,4.197918434710392,0.23170359937392337,1.5438373839175794,-1.795344963527795,-2.0185074328810417,0.0027177292470912523,0.624318776563091,32.99903328622305,24.205952380559673,40.320066232195046,4.044741656549233,3039.218,1.5118975960142693,1.8564874208181574,81.43861246029738
B0005,340,3.50609090727422,2.656849703962618,4.197739340034368,0.23141529776276365,1.54088963607175,-1.7893518988259454,-2.0206154364574687,0.002966026743767936,0.6320325499876801,33.03772281691292,24.228213693022468,40.336505612651585,4.042950285126565,3039.047,1.5065638960681105,1.8564874208181574,81.1513118362076
B0005,344,3.5037157727265953,2.6363048614501152,4.19785490446139,0.23345025331554517,1.5615500430112745,-1.7883879159763685,-2.0174212119307557,0.0019690360203288167,0.6328913986760089,33.07740307192613,24.25745983903501,40.43267631588412,4.058632380945664,3030.375,1.5015453526671363,1.8564874208181574,80.88098717121403
B0005,348,3.5067479961367156,2.69951692300468,4.197306756122815,0.22782166398290293,1.4977898331181354,-1.7815447770741009,-2.0224772834102507,0.002722369357879482,0.6414356710358949,33.05467981523988,24.228985806758885,40.314538591575015,4.045827846714321,3021.0,1.4908444050400238,1.8564874208181574,80.30457886878683
B0005,352,3.5058813026542324,2.698216006032282,4.197528212001444,0.22798452244418208,1.499312205969162,-1.7753115642966961,-2.0179249554704706,0.0006217348755526608,0.6486068932660061,33.11570360624461,24.27409668200787,40.386661855917744,4.056672478286734,3021.75,1.485868384561201,1.8564874208181574,80.03654470798278
B0005,356,3.504168333530808,2.6911707598773864,4.19743662221161,0.22887754440273086,1.5062658623342235,-1.7742377662318358,-2.018486701026112,0.002574506411845257,0.6498057454815246,33.12942148982364,24.26045465629052,40.43384612547835,4.070998143447877,3012.265,1.480413677976106,1.8564874208181574,79.74272604140161
B0005,360,3.5030568931470634,2.690162319231471,4.197717228550219,0.22926505227297364,1.5075549093187477,-1.773860289771637,-2.0172029187594718,0.002304044135428048,0.6507355272479427,33.130681310493344,24.246954155128837,40.44479269068758,4.079963844026956,3002.641,1.4752095869031632,1.8564874208181574,79.46240682056631
B0005,364,3.4982324882487936,2.6355034454892072,4.192454851360723,0.23319573629206394,1.5569514058715157,-1.7809702419814517,-2.017032616337778,0.0013818757062667917,0.6422230325919555,33.20069210329718,24.337824191545764,40.58499656066617,4.0996268557124855,3012.0,1.4859035988304024,1.8564874208181574,80.03844153038008
B0005,367,3.5065859365661325,2.6594753656507684,4.202845001527377,0.2327793636251861,1.543369635876609,-1.7879098523188452,-2.020648432189961,0.003790346438351921,0.633757279790088,33.78697527817091,25.05068794027295,40.99869158762305,4.00137718412186,3020.11,1.4960918298136696,1.8564874208181574,80.58723226653154
B0005,371,3.501457140697961,2.644554999824577,4.197952808231904,0.2335250205477887,1.5533978084073272,-1.780229415660985,-2.018056806197647,0.0029141195307161565,0.6432393686749752,33.673365085761986,24.845214918132577,40.997807625227495,4.065518600867025,3002.172000000006,1.4808005946928984,1.8564874208181574,79.76356737393388
B0005,375,3.501658387162809,2.6719601666204564,4.198017952345714,0.23109365437747822,1.526057785725258,-1.7731015168894209,-2.017916668624779,0.0007844165488200334,0.6514705765655358,33.535818118317145,24.68293151974539,40.84213757482493,4.071805413255272,2992.703,1.4697543268466824,1.8564874208181574,79.168558341158
B0005,379,3.4966186408455298,2.6598211033173382,4.192162800008929,0.23123114842947284,1.5323416966915908,-1.7705879947441516,-2.027591717224413,0.005446235642757207,0.654212957890516,33.32269982188509,24.442107279152207,40.69012464267011,4.102402769286851,2964.468,1.4539012274845928,1.8564874208181574,78.31462853887025
B0005,383,3.4991645719433246,2.688360455508818,4.196993378341778,0.22947771879895953,1.5086329228329602,-1.7600629827474803,-2.017344770444764,0.0015596672777035013,0.667000512961465,33.346230327490304,24.375162099510042,40.69938049882204,4.1187097532725945,2983.375,1.4541462067235693,1.8564874208181574,78.32782438583529
B0005,387,3.496080777360074,2.6376728619288525,4.197603515102162,0.23426793601664392,1.5599306531733093,-1.765575132998529,-2.017072416845675,0.002686593832583876,0.6607978776580166,33.64948900485925,24.70475717255037,41.06026204078849,4.130055203457506,2975.297,1.455023751906683,1.8564874208181574,78.37509350133121
B0005,391,3.4959014526387993,2.645120521151077,4.196406678544622,0.23343364754226326,1.551286157393545,-1.7588271887545277,-2.0179388823247932,0.0031991265142638165,0.6677722505465497,33.79269513542102,24.851431185422516,41.19696040482682,4.127007891809572,2974.9850000000006,1.449042163761236,1.8564874208181574,78.05289427291893
B0005,395,3.49758697990267,2.698012437629632,4.197098662004674,0.229142139192038,1.4990862243750418,-1.7516428147438297,-2.029098489464331,0.003781794323562663,0.6759686601230658,33.52446663707275,24.582992198113057,40.84446688602949,4.107121567467311,2966.25,1.4386709371480566,1.8564874208181574,77.49424644709048
B0005,399,3.4956989619989507,2.6928942772989077,4.196909312093871,0.2296125408087406,1.5040150347949637,-1.7513097768253418,-2.025048878675005,0.0013123608369275883,0.6767833456075123,33.39042251934235,24.38167771883123,40.764203830749366,4.147556736723813,2956.359,1.433445432156979,1.8564874208181574,77.21277376203588
B0005,403,3.492875380810072,2.6483923655058113,4.197105220217278,0.2334116463244922,1.5487128547114666,-1.7511840784846122,-2.0170494375017745,0.0017334904566314662,0.6767869141766419,33.67370212742761,24.640411065560848,41.11212504270441,4.164046290316763,2956.344,1.4333958900838095,1.8564874208181574,77.21010517012333
B0005,407,3.49551076423368,2.6832134764261997,4.196244829545076,0.23026320374609258,1.5130313531188766,-1.7446206812145286,-2.017587381204539,0.0022931157457021885,0.6838024379199837,33.91080564765892,24.932873139487384,41.27256611507568,4.130728324479157,2956.406,1.42806487344776,1.8564874208181574,76.92294908297353
B0005,411,3.4942333590450834,2.684960445221862,4.1968026018066595,0.23051595773401903,1.5118421565847977,-1.7436362428649814,-2.0245398824990146,0.0014033494395084456,0.6846051890564013,33.7850680599871,24.80325379769347,41.15574924454392,4.144241804988197,2947.266,1.4229203181741186,1.8564874208181574,76.64583676775116
B0005,415,3.491197414255986,2.669922120529456,4.196227405416926,0.23192515902293845,1.5263052848874703,-1.7425325036061032,-2.01689808000431,0.00328323198086081,0.6854953037815841,33.61126807392732,24.578577776974136,41.03237216951879,4.1726745332912945,2937.984,1.417429032731308,1.8564874208181574,76.35004777498811
B0005,419,3.4889094081576237,2.664105530655056,4.196558172556389,0.23255290311170276,1.5324526419013331,-1.7419837011363046,-2.0197651300783948,0.0026192373361047815,0.6864030353770245,33.45598581472246,24.354940329833727,40.937269906716935,4.211566699707515,2929.125,1.412409228794446,1.8564874208181574,76.07965521102183
B0005,423,3.487376295811431,2.634098605983684,4.196870541112335,0.23502132753203192,1.562771935128651,-1.7421680980861822,-2.0182280835485455,0.0010338439367061337,0.686435308908867,33.723267448788484,24.616751003686066,41.240704611971786,4.224667834776898,2928.454,1.412578792940193,1.8564874208181574,76.08878881159706
B0005,427,3.491994243745711,2.68378702970616,4.196795527524874,0.23071791602007982,1.5130084978187144,-1.735841378420618,-2.0178512019397976,0.002279801917616979,0.6933478478788404,34.050076369857344,25.013633898401757,41.43649987692296,4.168989536988808,2929.375,1.4075983731469897,1.8564874208181574,75.82051768100095
B0005,431,3.491585878898649,2.660031949282934,4.189287343772767,0.2314340526179757,1.5292553944898328,-1.7567879869499758,-2.017223089332264,0.0036040078454246437,0.6705438927885254,33.889346908026745,25.159494190646395,41.16703904201915,4.072979899996419,2946.031,1.4333920485221476,1.8564874208181574,77.20989824377314
B0005,433,3.495576227046425,2.650011641082063,4.201144545237731,0.23397367076765024,1.5511329041556676,-1.7573176114092575,-2.0257290511470427,0.0022668920626443224,0.6694688446745368,34.067648550088656,25.21215090210571,41.36216559728765,4.085856241889734,2955.438,1.4382550176792908,1.8564874208181574,77.47184287655712
B0005,437,3.4938988589692483,2.6936969083341418,4.196925753814179,0.22954405726334065,1.5032288454800375,-1.7427628393326555,-2.01734921830549,0.003419658941394484,0.6856017380135446,33.75168100943646,24.8439113089274,41.02198772703674,4.104311380057595,2937.625,1.4173547174485526,1.8564874208181574,76.34604477007024
B0005,441,3.49159162968384,2.697073130067154,4.196901090271507,0.22932881459420568,1.4998279602043532,-1.7352637407600366,-2.016959683770622,0.0025963216962809578,0.6933146489933393,33.46482299584788,24.47190444990649,40.78818812957494,4.144480066638334,2929.078,1.406981663677643,1.8564874208181574,75.78729852409039
B0005,445,3.4885729299834787,2.6806995515145213,4.196688955833435,0.23087953878001954,1.5159894043189133,-1.7344350518111926,-2.0173176445033945,0.002009419144474731,0.6942236682134463,33.40210697922146,24.335820690902352,40.81506138506309,4.186006847766958,2918.375,1.4012037783587625,1.8564874208181574,75.47607178190572
B0005,449,3.4869021151089825,2.6695398084864568,4.196339302740304,0.23172009682163183,1.5267994942538472,-1.7280392046289716,-2.0174893103299003,0.004647788990613573,0.7011017090448697,33.410688917712235,24.324432889352373,40.858374219876424,4.202402162925674,2919.812,1.3967008232726328,1.8564874208181574,75.23351936621818
B0005,453,3.4855485210036417,2.671695307817951,4.196181412764837,0.2320368945792356,1.5244861049468859,-1.7326888725308258,-2.0162082324346313,0.0022916013939350667,0.6961086414901655,33.38984948261314,24.27764742305546,40.839876773287166,4.223993508985999,2900.422,1.391284788852726,1.8564874208181574,74.94178378216989
B0005,457,3.4838912547260388,2.661289185949965,4.195770804194879,0.23259470683920805,1.534481618244914,-1.7260735249920125,-2.0178551648279797,0.002276420033202403,0.7028749959302109,33.3700433438796,24.239023397259928,40.85376069244676,4.228319663198283,2901.375,1.3862287677978349,1.8564874208181574,74.66944037718937
B0005,461,3.483198941484065,2.667817533540102,4.195456241846729,0.2320093486771037,1.5276387083066272,-1.7195393742714093,-2.01649929452358,0.0016756334707971991,0.7094441800501549,33.27215987470977,24.12349712975845,40.74795214258888,4.234132939694458,2901.187,1.3804366761974138,1.8564874208181574,74.35744841131499
B0005,465,3.4836274447098883,2.684008069130594,4.19654355365607,0.23099757689946665,1.5125354845254755,-1.7185829844462923,-2.0162911974216766,0.0022384407354535305,0.7104295747135849,33.222444215660225,24.053006415445992,40.68794001196382,4.243207916713656,2891.64,1.3752364150256224,1.8564874208181574,74.07733548873459
B0005,469,3.480172442538601,2.6585256208771644,4.194357133255019,0.2328888860424913,1.5358315123778543,-1.717672415155695,-2.0164165307282076,0.004913397668118928,0.7114589545468621,33.26207748383125,24.058082195374322,40.7810749453613,4.270669269535446,2882.906,1.3705128024895008,1.8564874208181574,73.82289732324247
B0005,473,3.478452148610975,2.6372250579822927,4.195863681881766,0.2349115652478485,1.5586386238994736,-1.7177080769362936,-2.0166833595676397,0.001179478056536671,0.7112700457368812,33.312029905516525,24.086387020526896,40.88159339768709,4.285594428971785,2883.265,1.3705085566270399,1.8564874208181574,73.8226686191633
B0005,477,3.4785782556105507,2.6514257735606432,4.1955845546644195,0.23371613114596132,1.5441587811037762,-1.7109669363015376,-2.0156447128046424,0.0025249486819050103,0.7178817791871309,33.25287943255863,24.008188700976785,40.81191473576834,4.288549064319252,2882.969,1.3647355108681518,1.8564874208181574,73.51170256067292
B0005,481,3.4825195584604582,2.676384659108382,4.188483624251573,0.22996700565473227,1.5120989651431906,-1.7184206130755166,-2.015672372070857,0.0023505638634883142,0.7104440687417272,33.745054045019884,24.719545529723796,41.11793533148924,4.196060981362627,2891.656,1.375392016895762,1.8564874208181574,74.08571700903981
B0005,483,3.4886823636752826,2.6949138502817815,4.200346502821317,0.2305166507714859,1.5054326525395352,-1.7260471943596487,-2.01575998810726,0.0021180176276842364,0.7029280466636602,33.88841975386692,24.843079939814473,41.248795355864885,4.172985355606769,2901.25,1.3861115151535393,1.8564874208181574,74.6631245442362
B0005,485,3.4858502383832755,2.6973343716306273,4.1981749992980655,0.229689874761782,1.5008406276674382,-1.712021613408506,-2.016014837696764,0.0015018865835744713,0.7169288800053295,33.7353756996425,24.576580515525826,41.16242984455477,4.220925520758632,2891.703,1.3698500035838939,1.8564874208181574,73.78719555127383
B0005,489,3.478794177297151,2.642540259937964,4.195715092938243,0.23415766646771544,1.5531748330002788,-1.711022510206629,-2.0165238233233063,0.0014907630238953716,0.7178849800923008,33.59131052719714,24.340286688400784,41.16437554618679,4.292879138992345,2883.016,1.3647827949260758,1.8564874208181574,73.5142495242232
B0005,493,3.4812826020756744,2.699226257883075,4.195755769877104,0.2296261723890385,1.4965295119940296,-1.703421414006958,-2.0182163733141314,0.002981994184247595,0.7252203529345469,33.32366688599416,24.03013803682012,40.864216180205034,4.2977729880449305,2873.453,1.3543220466259964,1.8564874208181574,72.95077959801873
B0005,497,3.480352041587074,2.676480329780849,4.195911764444989,0.23135076723711012,1.5194314346641398,-1.703574708739156,-2.016150778973011,0.0015383602403595874,0.7250143495493764,33.691961507697364,24.392658600566655,41.25434553511566,4.308684792274605,2874.031,1.3546417018378962,1.8564874208181574,72.96799787853683
B0005,501,3.4781127815565127,2.642142168479886,4.195824004004723,0.23421513644395944,1.553681835524837,-1.7034912994217157,-2.0176181286216193,0.0030940952671648994,0.7251866928085958,33.887639684793655,24.647812199908287,41.45023191903855,4.288100406630046,2874.234,1.3547039213192407,1.8564874208181574,72.97134934112401
B0005,505,3.4765867130506125,2.644725254926797,4.196258226051591,0.23433904836584496,1.5515329711247938,-1.7023383270190764,-2.017297732143782,0.0056941514906116535,0.726300026957014,33.67308060941856,24.39982529977077,41.27708509224051,4.3052968556355395,2864.984,1.349314997503458,1.8564874208181574,72.68107407422197
B0005,509,3.4733769291841643,2.632270655366611,4.196612664794988,0.23574646332423185,1.564342009428377,-1.7014238498912502,-2.017223266913469,0.0031481012336326926,0.7272134622451198,33.411988203265814,24.071743981632668,41.064605154983276,4.343168774264048,2855.093,1.3441891937970554,1.8564874208181574,72.40497181525036
B0005,513,3.4726366397371127,2.6391006118876117,4.195850781215982,0.23483898171754727,1.55675016932837,-1.6950436046971957,-2.0197342717689364,0.0017629793721903892,0.7333519547642081,33.29926524979532,23.873389284419225,40.99284868101728,4.376203061199199,2855.625,1.3389913790695755,1.8564874208181574,72.12499067079483
B0005,517,3.473439372740961,2.637841830893275,4.1960023929619235,0.23479831383576488,1.5581605620686485,-1.695057731610264,-2.016896104476736,0.005009392491167575,0.7335626760276208,33.59980731390034,24.168977704033605,41.29040553417739,4.38509807605157,2855.594,1.3389145230206971,1.8564874208181574,72.1208508070922
B0005,521,3.4754777099091454,2.668286095904868,4.196207586734141,0.23268564565922872,1.5279214908292724,-1.6937809113323188,-2.0199925086996786,0.0025365511428236684,0.7343985203891996,33.61961195858585,24.28428480579148,41.22740227746052,4.3315046908749135,2847.437,1.3340066759761655,1.8564874208181574,71.8564888195292
B0005,525,3.4722884821666766,2.6490198126838553,4.195534582569042,0.23410417256729069,1.5465147698851869,-1.6869434054016965,-2.0167450744074586,0.0028787153794497824,0.7406453707024624,33.3945201718652,24.00593985304127,41.04619550953222,4.355772728473297,2847.36,1.3286444309174914,1.8564874208181574,71.56765060826295
B0005,529,3.471373665098864,2.664058512378051,4.1957439573980455,0.23334669694409094,1.5316854450199946,-1.6860649112944592,-2.0163628111205263,0.004270068564987734,0.7415168583920652,33.16734508187535,23.715060546682704,40.85874389007758,4.389640806041505,2837.328,1.3231708992276219,1.8564874208181574,71.27281792431958
B0005,533,3.4726160162875095,2.6883611693898826,4.19586805747139,0.2313300011614801,1.5075068880815077,-1.6795829780331424,-2.0162121238671036,0.0023204014455349238,0.7474505249209339,33.10962161613893,23.563561594833335,40.79196924883506,4.41254377922931,2837.281,1.3181691588445197,1.8564874208181574,71.00339835664494
B0005,537,3.4738146874457896,2.6869753836302124,4.195347750909715,0.23107179563833466,1.5083723672795024,-1.679793840292355,-2.0168197393548124,0.004169727934917151,0.7476125202754746,33.46501751186519,23.955208980751504,41.14127834456325,4.41399055456936,2838.515,1.3184664436640334,1.8564874208181574,71.01941165230103
B0005,541,3.4701426486639693,2.6507536817766586,4.196065828878837,0.23433499047226858,1.545312147102178,-1.6851739865098712,-2.0187637742643867,0.0033179608221933095,0.7426401126844396,33.4426191014044,23.967802824849826,41.14429319149828,4.405907457499604,2828.328,1.318293040102702,1.8564874208181574,71.01007124097441
B0005,545,3.467523652225441,2.6646322789106516,4.184534803011309,0.22993104314578544,1.5199025241006576,-1.6863812036302581,-2.016191969154752,0.0021406905839278507,0.7416010886402903,33.037928170775885,23.58968747789601,40.66184230912503,4.378936217766459,2838.265,1.323872422244268,1.8564874208181574,71.3106055768929
B0005,548,3.4767525840839255,2.6400211837268666,4.201240476440081,0.23540364113204323,1.561219292713214,-1.715777469309528,-2.021651287065962,0.0028823561171506806,0.7135712492118176,33.4949493613756,24.237681569505874,41.046694544970684,4.298521877619114,2864.547,1.3601216766554785,1.8564874208181574,73.26317762261326
B0005,552,3.4758956827369127,2.674198661305034,4.195703567262997,0.23141450235644928,1.5215049059579635,-1.7007216920098716,-2.017592416950431,0.0024155477323689854,0.7281444869556635,33.491363029025784,24.167374158398008,41.0462053156659,4.320694493018863,2846.39,1.3395306867947354,1.8564874208181574,72.1540405700353
B0005,556,3.475812179626641,2.696427051131168,4.195744519551191,0.22982866330880042,1.4993174684200228,-1.6928138295817332,-2.0171105982760715,0.004008579519805372,0.7355491829025723,33.329808599922345,23.987394863111092,40.868302643225604,4.3265778248452476,2837.969,1.3290286565120697,1.8564874208181574,71.58834698305493
B0005,560,3.4746554404904435,2.6928340297696836,4.196363050482315,0.23034104902999514,1.5035290207126315,-1.6861104874993165,-2.0165753451036377,0.003616989953114752,0.7415448385525264,33.27302769298771,23.87546148452671,40.85283588259973,4.342373783875506,2838.156,1.3236741274998955,1.8564874208181574,71.29992439790138
B0005,564,3.472301781313945,2.681747855329962,4.1957929878569455,0.23135728351469487,1.5140451325269835,-1.685043785043406,-2.0157688095228656,0.0028522205733032915,0.7425021379234665,33.229879126701434,23.800482246729,40.85270645265791,4.372506036726199,2829.843,1.318633896753293,1.8564874208181574,71.02843154047166
B0005,568,3.4729305773503527,2.696791414385091,4.195797286482793,0.23009227143713637,1.499005872097702,-1.678524839793589,-2.016274841649268,0.0012910201456034266,0.7485063258578094,33.20860833999321,23.75244046991811,40.8263251809212,4.375591656512413,2829.625,1.3134751321324272,1.8564874208181574,70.75055383642601
B0005,572,3.4696192030612285,2.664695973142795,4.196349384378125,0.23314646442584394,1.5316534112353306,-1.6839115230941766,-2.016821101865832,0.004289580699201413,0.7436617614037866,33.236115055926255,23.770683336009036,40.90308836809665,4.397428370935168,2819.437,1.3132020634442203,1.8564874208181574,70.73584494666221
B0005,576,3.470018470757559,2.679191623358613,4.195609431921248,0.2319010543734744,1.5164178085626352,-1.6773783325850857,-2.0165933442123594,0.0019608791198133632,0.749467869640777,33.18660088296571,23.69874029857621,40.84337405460518,4.3975602464184975,2819.579,1.3077959946944353,1.8564874208181574,70.4446461650727
B0005,580,3.470762691935287,2.699983457940659,4.195339917236225,0.23041567165870697,1.4953564592955662,-1.676425373206175,-2.018075144841628,0.001890284329441244,0.7504749213693337,33.174058099115534,23.681325932299053,40.81792110626284,4.403923127546659,2810.672,1.3030329186405918,1.8564874208181574,70.18808229071344
B0005,584,3.468111467035994,2.666300786624286,4.1954020570061195,0.232919708838876,1.5291012703818336,-1.67627880896028,-2.018091528339797,0.0024103529115243262,0.7506572509412427,33.253984518546055,23.748579260944844,40.946993847659506,4.4204604450448715,2811.485,1.3033573559038205,1.8564874208181574,70.20555815721221
B0005,588,3.4648625780221494,2.6308501373847837,4.195685302232799,0.2358919511891503,1.5648351648480152,-1.6817992883033976,-2.0177167019715503,0.0043239362691777465,0.7455663662944304,33.3198093248819,23.789078897860136,41.074938058306316,4.448685891734653,2802.422,1.3034100438655642,1.8564874208181574,70.20839620292978
B0005,592,3.467864133752208,2.673348140468748,4.195561297751176,0.23263190858264068,1.5222131572824282,-1.6750812261110137,-2.0160479224870884,0.002138526794169908,0.7514866168761039,33.33765795318198,23.827460066666994,41.02476444658572,4.4180440266599135,2801.625,1.2978870806495706,1.8564874208181574,69.9109008817086
B0005,596,3.464021404592563,2.632763831012711,4.196066962029683,0.2358468286065869,1.5633031310169718,-1.675366426273468,-2.017067096348242,0.0014821450901276818,0.7513142100782045,33.29076744042025,23.738230385656273,41.06214198725253,4.452871364364479,2802.031,1.2980735056918902,1.8564874208181574,69.92094269724848
B0005,600,3.4664623858156745,2.6687371180046218,4.196640912532072,0.23332688158658493,1.5279037945274498,-1.6744879201095209,-2.018208092691312,0.0016645655980570856,0.7524291600776425,33.27568841807217,23.73611267134457,40.98366325567302,4.4397651815234,2793.39,1.293463613844243,1.8564874208181574,69.67263011532883
B0005,604,3.46850906693551,2.696396337945361,4.1956235749123225,0.2310130188837717,1.4992272369669615,-1.6674467270234996,-2.018933300007017,0.0026884191804450396,0.7584698210792726,33.32067807371405,23.80026564355092,40.98234242711097,4.41924833390441,2793.39,1.288003392619118,1.8564874208181574,69.37851440175622
B0005,608,3.466806213058136,2.6794834862925194,4.195862008850563,0.2324429767597101,1.5163785225580435,-1.6674702882406252,-2.0237906818969758,0.0026918488897051404,0.7586689544577084,33.37314972896719,23.849121770252687,41.06375085817118,4.432728785638638,2792.485,1.2874525221379407,1.8564874208181574,69.34884167276275
B0005,612,3.471070722008039,2.6787137407179737,4.18482689434833,0.2297938191642851,1.506113153630356,-1.6888978346592105,-2.017308526034403,0.001335599326393533,0.739392013708175,33.71351889594897,24.92195746617458,41.047029587744966,4.153195340111811,2802.016,1.3090153642307354,1.8564874208181574,70.5103277055252
B0005,614,3.475472204020004,2.655378369801326,4.201968615940368,0.23559285682799622,1.5465902461390422,-1.6979281889133206,-2.017696449416675,0.003306917134878647,0.7314040443688112,33.86531768239223,25.09329713312876,41.051007697556734,4.009191205685926,2820.39,1.3250793286429356,1.8564874208181574,71.37561578838873
B0006,2,3.556946061827572,2.4757677568281857,4.179823027658306,0.2260193210975841,1.70405527083012,-1.990533350635129,-2.015537581193984,0.00043376246575117864,0.2014980448792201,32.142777859921516,24.27707330832413,39.16298653238707,3.4516879795744755,3690.234,2.035337591005598,2.035337591005598,100.0
B0006,4,3.56147580138708,2.35152551190002,4.177288238505559,0.23141504289722925,1.8257627266055394,-1.990277542145709,-2.0149020169266376,-0.00020764608327879694,0.2019092784154672,32.29307515705474,24.63823886086074,39.2462026826329,3.3954199016861684,3672.344,2.0251402460314116,2.035337591005598,99.49898508143073
B0006,6,3.5667524696413215,2.4404797151065436,4.1781213228922995,0.22354896090021636,1.737641607785756,-1.9899467848963859,-2.014434345552428,-0.0006575492150127537,0.20247271551126877,32.24414709253608,24.704057719023776,38.999202460252846,3.3498112511075084,3651.641,2.013326371345464,2.035337591005598,98.91854698908898
B0006,8,3.5687953371516272,2.4791558539003917,4.1785623580417175,0.22097908742082084,1.6994065041413258,-1.9896009282099438,-2.0142051662535234,0.0001981188152475248,0.202976043273228,32.14711742429942,24.648384924528084,38.843627771866515,3.34097552798371,3631.563,2.0132846655407413,2.035337591005598,98.91649790372313
B0006,10,3.563970503289941,2.280187848173442,4.17824995156942,0.23503509475204634,1.898062103395978,-1.9895483606575701,-2.013995769332238,-0.0011423311186216645,0.20279390598185937,32.06687277315468,24.634206199911688,38.97798888258284,3.335733628730513,3629.172,2.000528337624771,2.035337591005598,98.28975529491258
B0006,12,3.5735512387791406,2.4392842568466446,4.193216523251186,0.22547907676393128,1.7539322664045414,-1.9901040351037365,-2.0151519685741275,-0.0015410535505561715,0.2022953831615659,32.03447836207717,24.343399604359956,38.83989920742278,3.4066857624064704,3652.281,2.0138990759931645,2.035337591005598,98.9466850557287
B0006,14,3.5711391343785897,2.2812068449406446,4.193732603145628,0.2359700655161548,1.9125257582049837,-1.9900886222380372,-2.0145081864690626,-0.0031490941234930576,0.20215665889240747,32.11157496697372,24.430946389444678,39.04610837498471,3.418111771999715,3650.828,2.013101105626967,2.035337591005598,98.907479256665
B0006,16,3.5681507462163036,2.366410527029613,4.176826628115461,0.22690300607421549,1.8104161010858482,-1.9891170520197212,-2.0146816699579064,-0.0008455879137331849,0.20448152340391518,32.112576242471775,24.650435471431692,38.87507521022778,3.361489124744099,3572.453,1.9687898262728398,2.035337591005598,96.73038197560734
B0006,18,3.5692834155812436,2.436020049578708,4.176369138969733,0.2225588245195615,1.740349089391025,-1.9892116643905464,-2.015071955488147,-0.0009662247647393986,0.20469906582242786,32.03566207329278,24.564976908542672,38.7260539826455,3.3625006565584763,3550.594,1.9681661764334244,2.035337591005598,96.69974087497759
B0006,20,3.563388513484579,2.1864377487643725,4.176897989902666,0.24025262256048352,1.9904602411382935,-1.989191243247005,-2.0155176072270926,0.00013882260841396987,0.20487136240289794,31.99527968872302,24.515019617858613,38.98629728904917,3.385578589102732,3551.25,1.9572307917560536,2.035337591005598,96.16246466459876
B0006,22,3.566658719765511,2.3406023605912454,4.177579509962451,0.2287529216435241,1.8369771493712053,-1.9891317699701738,-2.014079047237871,-0.0021060459646946015,0.20545737080452486,31.874127571841353,24.40648205159496,38.65978861919643,3.3793205188021544,3530.25,1.9455991514129352,2.035337591005598,95.59098009149795
B0006,25,3.5687035970122842,2.4263021374140443,4.177996110793395,0.2245021597962224,1.7516939733793508,-1.9887805507702212,-2.0134697854511865,-0.000990785360248984,0.20658439837520928,32.120959708576166,24.666067568688486,38.84979195732924,3.3808182139223475,3491.016,1.9347505044841131,2.035337591005598,95.05796547137973
B0006,27,3.569207084156356,2.4753697700007034,4.176316409477926,0.22161053340015757,1.7009466394772228,-1.9887320866401275,-2.0148749194363664,-0.00032364926356916147,0.20729429121144527,32.11021168908644,24.819105859024557,38.75128344015104,3.3388085030048718,3470.281,1.9232799539368028,2.035337591005598,94.49439554578115
B0006,29,3.5659271296109383,2.342364523655007,4.1779924550101715,0.22991046226842987,1.8356279313551647,-1.9887200290368634,-2.0144081790374893,-0.0004261867664927878,0.20720696558261123,31.989061278918154,24.627666776864352,38.76853764058789,3.374254229146447,3470.0,1.911889930948487,2.035337591005598,93.93478209204011
B0006,31,3.5612417270649486,2.188400081882664,4.177439981618572,0.24035876978340462,1.989039899735908,-1.9887874042287874,-2.014472686005532,-0.0010580730504302503,0.2076990497369646,31.878814448635442,24.450913129560714,38.84686112344348,3.4094253817648514,3450.297,1.9010667141979305,2.035337591005598,93.40301690486008
B0006,33,3.557881987836072,2.1206980945954057,4.17561570814845,0.24452370921534203,2.054917613553044,-1.9885910895930397,-2.0146756268214814,-0.0037766213378683127,0.20803603116200292,31.767450711024402,24.26604433063594,38.865889781652804,3.442042131356067,3429.407,1.8891989948061458,2.035337591005598,92.81993331989463
B0006,35,3.56282437243777,2.369981457799298,4.177602520456299,0.22899254958827592,1.8076210626570006,-1.9884892463229662,-2.015931347705288,0.0009547908042232252,0.20896148657331484,31.78991634963658,24.34725293029431,38.647578733807656,3.4218510147625074,3409.484,1.878278372248849,2.035337591005598,92.2833824005014
B0006,37,3.5591953280168633,2.247991649924625,4.176354539745044,0.2362539061879907,1.928362889820419,-1.9883474274444874,-2.01432419683381,0.0003362560415229371,0.20936627777425315,31.82883467218067,24.380274264917215,38.79218188173866,3.438861518594519,3390.422,1.8675697161520206,2.035337591005598,91.75724579573611
B0006,39,3.5580906165580983,2.4115317107898875,4.177450270459645,0.23248821605250242,1.7659185596697577,-1.9774549866256104,-2.015920256743369,-0.0022772410696178776,0.2555143974441181,31.890449470827843,24.455293448252306,38.77022223929529,3.452471732465585,3390.281,1.8675892574453767,2.035337591005598,91.75820589657847
B0006,42,3.565899462157853,2.2033558468593775,4.174584178175673,0.23666435566343638,1.9712283313162953,-1.9892347833261184,-2.0202081897757225,0.0009741380235390647,0.20388604102481026,31.51177053595285,24.511611712923585,37.54320599748628,3.103623335557848,3591.734,1.979626548250818,2.035337591005598,97.26281070025072
B0006,46,3.570814209348872,2.35887751155593,4.175224020262452,0.22578171830729027,1.816346508706522,-1.9890474874073771,-2.0141161810049812,-0.0003149484747221053,0.2051049765214555,31.874488497680712,24.910587532936997,37.90362577530197,3.1350663437202995,3552.297,1.9575499080884022,2.035337591005598,96.17814345585967
B0006,50,3.5666817833633124,2.218672914041916,4.177217300859919,0.23460941833641036,1.9585443868180028,-1.988682950523383,-2.014039356997488,-0.0012008977604898057,0.2054837524109853,31.53911453638972,24.567665011550126,37.6701605139887,3.1381261956274136,3531.578,1.9458150170787551,2.035337591005598,95.6015859814876
B0006,54,3.5668392745025836,2.339723057947995,4.176681511062203,0.2275721037589103,1.8369584531142076,-1.9885447318884866,-2.014851230713757,0.000529325755565477,0.20672257429749546,31.220866832188786,24.224319222372547,37.34166959188387,3.158169521103049,3492.907,1.9242461121680094,2.035337591005598,94.5418647339628
B0006,58,3.571051969392875,2.3997508208942735,4.190384318239257,0.22747354651355792,1.7906334973449836,-1.9885639445355097,-2.013606338093071,-0.0023840361465472604,0.205949863235092,31.119005145018026,24.029961629396936,37.28979017254232,3.191016881727366,3511.594,1.9459811331421641,2.035337591005598,95.60974757905957
B0006,62,3.5666308474029793,2.491410879472442,4.176973413125379,0.22068728350290212,1.6855625336529365,-1.9880563928902786,-2.014324216253238,-0.0016423681986834993,0.2082194776973129,31.033244078156734,24.015743593007034,37.16794481484507,3.1782747530407116,3431.9370000000054,1.901407930553079,2.035337591005598,93.41978151219875
B0006,66,3.5527392240854914,2.1387303309558976,4.1734521552365464,0.24761140866112302,2.034721824280649,-1.9772969675547487,-2.0138293357975146,-0.0013483637694533895,0.254357010276143,31.001249222460967,23.89771458163466,37.51577848501052,3.2517471075044155,3431.125,1.878674213680085,2.035337591005598,92.3028308415357
B0006,70,3.5560959755046615,2.346064498302046,4.1764585468168685,0.23504747924467745,1.8303940485148225,-1.9771693646864965,-2.022139165928567,-0.00026012091102195506,0.25515829145991487,30.921434744041356,23.81688709830912,37.24165964092258,3.2514088568578026,3412.406,1.8683061328264219,2.035337591005598,91.79342734506018
B0006,74,3.5504500858303394,2.327337743316428,4.17626102066065,0.24060676598781225,1.8489232773442223,-1.9660385076397233,-2.019521715890847,0.00022521118946577974,0.2937138458930206,30.929360248207214,23.762584263292904,37.27233216178077,3.2941943415901576,3410.688,1.8560244070082998,2.035337591005598,91.19000283836426
B0006,78,3.546007083640312,2.4863117233366316,4.172855540858831,0.23544926884929754,1.6865438175221992,-1.9445990482746272,-2.0145859231710013,0.0012030807811573936,0.35770783733733696,31.00810965793079,23.77382410040801,37.207134503019795,3.341032131000837,3410.718,1.8451997961855777,2.035337591005598,90.65816915777205
B0006,82,3.554257954720065,2.2921663510920895,4.1881878017349035,0.24271286255725477,1.896021450642814,-1.9769156942357176,-2.01454229289152,0.0017843402447845862,0.25589338077612045,30.96779499306422,23.756892194026193,37.49607769896255,3.31669361949765,3392.719,1.857228890885317,2.035337591005598,91.24918141799353
B0006,86,3.555857469677978,2.4343006861812118,4.189991619197343,0.22078536256948547,1.7556909330161314,-1.9997552547832569,-2.015096988943597,-0.002790026577360228,0.14700435354987934,31.10097217303459,23.74029655014346,37.250073961181094,3.2531629586518043,3470.672,1.9247760889090635,2.035337591005598,94.56790349742867
B0006,90,3.5537306734803207,2.472619908000758,4.186982490201218,0.22368965836687763,1.7143625822004598,-1.9884344406296768,-2.0246589334484746,0.000219946169021966,0.20901478223207898,31.307368922041046,24.18583594954418,37.39699052067588,3.156544785963643,3414.109,1.8822317526092551,2.035337591005598,92.47761948322794
B0006,94,3.5452650003621513,2.403422072720937,4.1864831065416155,0.23215332099258618,1.7830610338206783,-1.9771310999966942,-2.014540253971324,-0.0013831277471471597,0.25597312110332004,31.131339987164562,23.96227406279053,37.2852066420257,3.2111654279221145,3395.219,1.855276687885587,2.035337591005598,91.15326597829659
B0006,98,3.538408778928339,2.4006679782182205,4.187721936001791,0.23624667070508096,1.787053957783571,-1.965705768920947,-2.0140910758505797,0.0011594939858130299,0.29518219456583883,30.828713779105055,23.520157783193987,37.080390421974414,3.273173572550457,3386.0,1.8392508917181876,2.035337591005598,90.36588818710266
B0006,102,3.5297688311332673,2.3194299432177345,4.184171356892756,0.2439099480182485,1.8647414136750218,-1.9542494702422435,-2.0132183154407977,0.0012199865224596935,0.3301024928060525,30.761533072057244,23.52943289153009,36.98024266357476,3.26325912224477,3368.187,1.8185396073994429,2.035337591005598,89.34830346748316
B0006,106,3.5300676840423306,2.3401731734980076,4.186779863144672,0.244307450843308,1.8466066896466642,-1.9490605727432448,-2.0142775706959855,0.000712613725765745,0.3456683188151143,31.30305692941581,23.947667716448013,37.598741245467004,3.3257051599027356,3368.266,1.8134770059567056,2.035337591005598,89.09956824708976
B0006,110,3.5248882875629555,2.3829603510808774,4.186482965601712,0.24375960384087478,1.8035226145208347,-1.9373547119632697,-2.014866249205715,0.0010041973417186346,0.3750698159946979,31.06432144678013,23.724670891624807,37.33680914521836,3.3542974150774905,3358.719,1.7971018450305436,2.035337591005598,88.29502550201761
B0006,114,3.5190926887152725,2.351855540704836,4.184741677172267,0.24666463745510467,1.8328861364674314,-1.9312604088713479,-2.014036681172477,0.0009279755162790197,0.38980058555195723,30.96654665282149,23.509674105704782,37.39499820465976,3.4007883405434325,3339.5,1.7810046294120476,2.035337591005598,87.50413873759919
B0006,118,3.5151810230271,2.3535104841115886,4.186114015167315,0.24783168845894557,1.8326035310557267,-1.925413982519257,-2.013562007420154,0.0004104562259902084,0.4032503267568939,30.826455697992966,23.239016261869025,37.35233964342659,3.473951745369301,3331.265,1.7710130422682329,2.035337591005598,87.01323309187394
B0006,122,3.514029112834162,2.3948058223938364,4.186378094589789,0.24620396352215285,1.7915722721959524,-1.9198444871883995,-2.0146073733834746,0.0009332187923950495,0.4166720426682412,31.080769482413952,23.40832459139638,37.58677381866742,3.524616662385745,3321.188,1.7604712448170943,2.035337591005598,86.49529456915789
B0006,126,3.514139684003936,2.4418858444380294,4.185742966026202,0.24380262902937214,1.743857121588173,-1.908733158939213,-2.0156412315711094,0.0014623495361316455,0.4405439902279281,31.694287817425337,23.993875243611917,38.207044569893476,3.541321887482378,3321.844,1.7502913788006587,2.035337591005598,85.9951384249673
B0006,130,3.509578354212467,2.391848815367812,4.1849954235358595,0.24822681012659126,1.7931466081680476,-1.90276801874341,-2.014135597110891,-0.0009765358148676846,0.4523465874192101,31.875581783696685,24.22249363678538,38.340431886092745,3.5260807752049357,3311.828,1.7394925037732578,2.035337591005598,85.46456919285944
B0006,134,3.5110708693292705,2.3166154227865463,4.175622772952551,0.2572766067465748,1.8590073501660043,-1.9093247566511207,-2.013918427729744,0.0005605769329787213,0.43888773455084645,31.543288143901563,23.931600807664452,38.521539672721865,3.634659703403752,3327.391,1.7546766553637203,2.035337591005598,86.21059538809914
B0006,136,3.5159179315855056,2.4110989960643794,4.191704957733779,0.24598521855518196,1.7806059616693997,-1.9306372167933323,-2.0164764928559697,0.0006125224393033973,0.3913947338973055,31.420983409991024,23.80004225730534,38.03707160241571,3.5081719161772016,3312.078,1.7659390941842175,2.035337591005598,86.7639403894526
B0006,140,3.50585340727078,2.4510125175432287,4.185468369564667,0.24431167408297183,1.7344558520214384,-1.907114151507875,-2.014424639912736,0.000726309956247418,0.4422052936741676,31.15837149963786,23.325044766777037,37.934285687720596,3.6256374299154595,3293.172,1.7337887419624838,2.035337591005598,85.18433254632082
B0006,144,3.5010379345914444,2.471216186082459,4.184201889006967,0.2435154606775506,1.7129857029245086,-1.8953541357988335,-2.0136840343383655,0.0006105952606363766,0.4660772511913581,31.15661421699882,23.22751550921504,37.88470784051604,3.66886365748169,3275.328,1.713325912040734,2.035337591005598,84.17895486292434
B0006,148,3.497407662636496,2.470968641396993,4.185838836583766,0.24459591902905917,1.7148701951867733,-1.8892713805954209,-2.015243276008703,0.0013481309742365592,0.4777097893062262,31.206611383963253,23.20127236203539,38.065368726791895,3.719915578953458,3265.016,1.7024077813673466,2.035337591005598,83.64252637451848
B0006,150,3.5388872766749144,2.4288023941361625,4.1729165619005535,0.23098677589569044,1.744114167764391,-1.9819359924929794,-2.014822027548639,0.000883957804000857,0.23645151610760437,33.61169282822636,26.602945710082057,39.788440481350335,3.1543964421418815,3328.937,1.82371946178183,2.035337591005598,89.60279954741002
B0006,154,3.5327430295356828,2.3551430866643166,4.186982012423103,0.24180188757564916,1.8318389257587864,-1.9653277079992455,-2.014147642384201,0.0013785124508379858,0.2976263378401198,32.85630077141311,25.5878756709222,39.212903178007906,3.3014338549444924,3329.266,1.8081284050314708,2.035337591005598,88.83678132914206
B0006,158,3.521214759733266,2.365933525789291,4.186537777937825,0.2452054406792465,1.820604252148534,-1.9470636598230844,-2.0135457323415866,0.0013469218858249991,0.3489537540343098,32.210981559158874,24.788511221807962,38.66937823121345,3.4005903322527105,3301.579,1.7757610945034283,2.035337591005598,87.246513912519
B0006,162,3.5093111439506677,2.3481961394586457,4.182282350256796,0.248638831497769,1.8340862107981502,-1.9241628426386395,-2.0143501433980724,0.0011884652184539464,0.40618903288986047,31.965090081650274,24.29903895658481,38.5170065164806,3.5201708513727663,3283.563,1.7447409841836798,2.035337591005598,85.72243699983238
B0006,166,3.50716091973708,2.46945948630322,4.185961817428056,0.24245866501899874,1.7165023311248357,-1.9124470439353747,-2.013955993405398,0.0023455920246722457,0.43177529573802614,31.744801840189538,23.984895747102637,38.292505299491516,3.5757503955650507,3275.125,1.729207034132373,2.035337591005598,84.95922454210778
B0006,170,3.500928918686389,2.4666715880697576,4.1836566973224585,0.24306097840857094,1.7169851092527009,-1.8950209973545986,-2.0143598768040447,0.0008097171102984877,0.4667188589869889,31.876564068962466,23.99541497188152,38.52091685291118,3.6558828773689824,3265.656,1.7081086552553244,2.035337591005598,83.92262113192731
B0006,174,3.4973019898820894,2.4482931262785135,4.184390004467988,0.2453760679343642,1.7360968781894748,-1.8837082435178907,-2.0146981664689427,2.3587764193591595e-05,0.48819038959426053,32.24289319481841,24.295032488841088,38.95436345473558,3.672889296106637,3266.093,1.6975954237461768,2.035337591005598,83.40608610817466
B0006,178,3.4929038301187156,2.4745215382882586,4.184732708741646,0.24387936455970977,1.7102111704533876,-1.8716651994380054,-2.0150505202774576,0.0028840576269616946,0.508922907014493,32.07305565938816,24.10547107270791,38.731363854696035,3.6834438401651113,3257.594,1.6820634524029463,2.035337591005598,82.64297086813447
B0006,182,3.488659224822318,2.469127855241356,4.185835940524748,0.24489747465620212,1.716708085283392,-1.8654809345089407,-2.016431910751689,0.0008062258329325605,0.5191412899392004,32.030140929891196,23.97620032331416,38.74827601131975,3.7478860406495396,3248.593,1.6714768322295086,2.035337591005598,82.1228301199745
B0006,186,3.4822930804774015,2.4177173347922416,4.185703389994729,0.24894941761288453,1.7679860552024875,-1.8592903578575999,-2.013961242413253,0.001300028898722823,0.5292867036601664,31.984935871368258,23.819965773306656,38.84227056628921,3.8030419719405057,3238.766,1.6607591387047655,2.035337591005598,81.59624948921793
B0006,190,3.477575664197982,2.3775131079338427,4.184887437252902,0.25149169273248084,1.8073743293190594,-1.848156298789804,-2.0142789765419593,3.3324869557570366e-05,0.5476209059238868,32.23677365476226,23.938135747847074,39.221381996208315,3.8864318857653655,3240.14,1.651121015038069,2.035337591005598,81.12271017518528
B0006,194,3.4787436506489255,2.443723814618984,4.1845671326128535,0.24743822906353016,1.7408433179938694,-1.8415742473538441,-2.0170700253976435,0.0008339594777993074,0.5572043810030383,32.56097148037261,24.442914706328594,39.466510899162515,3.7845576572627713,3230.109,1.6401349256190927,2.035337591005598,80.58294274458677
B0006,198,3.4740152461288862,2.4324278256917147,4.184590722398005,0.24781476646180828,1.7521628967062899,-1.8297533943331723,-2.0153270924031044,0.002267298724556321,0.5744007772604264,32.48984985901219,24.244880453394085,39.352653481724175,3.835762334103568,3229.7810000000027,1.6291999416165441,2.035337591005598,80.04568622012265
B0006,202,3.4718387718772696,2.494085641889116,4.181227276564003,0.24226020864399292,1.6871416346748864,-1.8170860697729954,-2.0264444143525524,0.002587585651271363,0.59213769752695,32.42612199208859,24.11448837545242,39.31890647034385,3.8710134033093055,3212.469,1.6088496302961666,2.035337591005598,79.04583678923177
B0006,206,3.463180130644551,2.382347172890769,4.182601669503782,0.25041818458745746,1.8002544966130132,-1.8111560774496664,-2.014269976996697,0.0017194503246426888,0.6001337686853253,32.29984271249387,23.928926832055478,39.47196886600465,3.9277765847941004,3213.219,1.6035244898969248,2.035337591005598,78.78420253146665
B0006,210,3.463469391967206,2.406668297987779,4.183991041340736,0.24879153893443376,1.7773227433529568,-1.8113056300795982,-2.0248983473305704,0.0007053447084269127,0.600869683312538,32.610757585145336,24.062133136477676,39.74009698783903,4.013744044379012,3203.578,1.5989712144027983,2.035337591005598,78.56049146190021
B0006,214,3.46021805164007,2.4204142690378765,4.182425008087469,0.24872123545615055,1.7620107390495923,-1.803802475704306,-2.0134062122749032,0.00037116990278515926,0.609256745218589,32.25699351958767,24.423808071870038,39.03600072360686,3.6982862582092104,3195.125,1.5876273123575604,2.035337591005598,78.0031440176547
B0006,216,3.462574876665621,2.4507845245525193,4.190985194174346,0.24661339893460255,1.740200669621827,-1.7982439953659044,-2.014898941623113,0.0010117048958550698,0.6170700333090209,32.47193402838835,24.297842706066838,39.16106395962828,3.78790549192839,3195.3129999999946,1.5829719744686166,2.035337591005598,77.77441842886215
B0006,220,3.4537077937586056,2.3930328819230717,4.181860480163402,0.24848682009830836,1.78882759824033,-1.7857963808615818,-2.014097659688176,0.0007636707747866177,0.6325019447665697,32.40219271195366,24.115666972211724,39.20051799483514,3.8463769615603374,3186.297,1.567137636713563,2.035337591005598,76.99644735295674
B0006,224,3.4514035349888337,2.3938995980718403,4.183449364094532,0.24884801817648583,1.7895497660226916,-1.7850748194527644,-2.01648199199959,0.0005527600059578974,0.6334473857166003,32.30987415652578,23.949350638183297,39.15878418316098,3.8820938385045634,3176.438,1.5613446139713882,2.035337591005598,76.71182514739364
B0006,228,3.450781146333252,2.4373294683003053,4.182943907496545,0.24531300054344063,1.74561443919624,-1.7785916660457872,-2.014359351341952,-9.517952000869487e-05,0.6414164907293518,32.35440526839345,23.94684852697399,39.18225956809825,3.903699189649736,3167.593,1.5511711892790419,2.035337591005598,76.21198547768459
B0006,232,3.446105572450592,2.3705330061374523,4.182592999177517,0.249252351248828,1.812059993040065,-1.7727874712030285,-2.016181081460114,0.0015048652079400844,0.6485964889257356,32.4731363791227,24.029360363522056,39.38159156766375,3.9310242954599364,3167.719,1.5406741606295171,2.035337591005598,75.69624653118686
B0006,236,3.4418152533277144,2.351294851260762,4.1775564354981025,0.24876521050750453,1.8262615842373404,-1.7601807681971697,-2.0224281819207026,0.004482527231908509,0.6631565458391762,32.52334649341759,24.054796737761627,39.44712875501599,3.938262085403885,3159.077999999994,1.5253138744624433,2.035337591005598,74.94156650980108
B0006,240,3.445008015985666,2.436845595522602,4.183199732433941,0.24479137176910862,1.7463541369113393,-1.7653027883569699,-2.015670909853089,0.0010131499204386121,0.6571846357909039,32.518264823491045,24.004853828853747,39.40950590627068,3.9548553266160913,3148.829,1.5301570318067428,2.035337591005598,75.17952002501654
B0006,244,3.441164687975023,2.39030487147494,4.183585552184287,0.2475013732087286,1.7932806807093464,-1.7593486488770236,-2.0154336980599203,0.002939357955384793,0.6641591087376718,32.5437072434024,23.98676553992143,39.48443326993031,3.9769918282845635,3149.094,1.5246566834474087,2.035337591005598,74.90927746753414
B0006,248,3.443620591429828,2.4892160721496315,4.183170360974043,0.2406026011996967,1.6939542888244117,-1.7526167898737661,-2.014176241235146,0.005138941784565251,0.6716629492050046,32.562223096007365,23.972655907518135,39.4416762582387,3.975934247345534,3140.547,1.5145492986655427,2.035337591005598,74.4126824640059
B0006,252,3.439943269617906,2.450611393803655,4.183501501534186,0.24316998214821461,1.7328901077305314,-1.7516949849801624,-2.0151247064734266,0.0019635914622084336,0.6726373836789596,32.58978020040808,23.95941142019243,39.53866201326228,4.000898498406376,3131.625,1.509391504602082,2.035337591005598,74.15927024943012
B0006,256,3.43602719305159,2.4111946043456745,4.183243008796117,0.24559891719465526,1.7720484044504423,-1.7510429704034998,-2.0150071612077523,0.0010096976995750016,0.6733747307759468,32.57089563557426,23.89672125029287,39.5867547936938,4.02666129809132,3121.907,1.5039974333050705,2.035337591005598,73.89424928579005
B0006,260,3.436309312279291,2.4609139768640715,4.182038001412004,0.2415711613630848,1.7211240245479327,-1.7388746112390865,-2.0158858292130217,0.0015563666004580641,0.6864768027433327,32.537854347094196,23.846991377084784,39.499752884420865,4.020828997942116,3122.125,1.4935201918040188,2.035337591005598,73.37948251946334
B0006,264,3.430470227771154,2.378420264362521,4.182440318401142,0.24728531582711172,1.8040200540386206,-1.738622547139575,-2.0170367841185635,0.00120406950854599,0.6863796794736801,32.65645090520509,23.868790356430857,39.9686395722832,4.103220643198136,3121.672,1.4876323024497422,2.035337591005598,73.09019933714036
B0006,266,3.4417311090871063,2.3844697219937414,4.189962701965466,0.25068575483973593,1.8054929799717243,-1.7870762809520677,-2.015207980747731,0.0004792431384679534,0.6310954422556229,33.180785234653264,24.45395460946014,40.42668250871336,4.098677157793769,3120.86,1.5302876214401704,2.035337591005598,75.18593614163545
B0006,270,3.4355429213552537,2.448639661640692,4.181214475643097,0.24384503322302606,1.732574814002405,-1.7612682208672186,-2.013340550431054,0.0013906428309179838,0.6615169962236325,32.71220835503141,23.812647163051572,40.02451449021777,4.174127825229612,3103.828,1.5040760088360112,2.035337591005598,73.89810985080334
B0006,274,3.4272336842373576,2.362869757217078,4.182157933832856,0.24872769369277464,1.8192881766157778,-1.7545532300777185,-2.0143052426244057,0.001681226390227438,0.6692392427565726,32.543943889007906,23.379533041996073,40.02167483360719,4.293837140083576,3095.094,1.4887593608730894,2.035337591005598,73.14557385723607
B0006,278,3.4307536518687556,2.479712742728869,4.1802491747767325,0.23981868986409427,1.7005364320478633,-1.7364250156958492,-2.01522796444188,0.006848118425125903,0.6892528926488453,32.6655410721976,23.483667289937664,40.078211781584145,4.279541188128675,3095.781,1.4782779285546637,2.035337591005598,72.63060118809538
B0006,282,3.430880434209888,2.4609902569842412,4.182775550999248,0.2412584602938845,1.7217852940150071,-1.7371686757879778,-2.0164424024266667,0.0002472528891452739,0.6891473173604608,33.160922870564626,23.948764926788748,40.565789328351094,4.287969337587418,3094.328,1.478459982215684,2.035337591005598,72.63954583009604
B0006,286,3.431984614031654,2.4794507375590507,4.182970513713943,0.2403918787539756,1.703519776154892,-1.7358183569582517,-2.0141732645976056,0.001003005257382598,0.6899134259363504,33.414445545408455,24.305636072230342,40.75221353269305,4.242923162320275,3086.531,1.473214844899973,2.035337591005598,72.38184227571321
B0006,290,3.426913589626702,2.421513989921717,4.182588389688278,0.24353313719762423,1.761074399766561,-1.7297302660430056,-2.0145333122938633,0.001953863417311998,0.696447397100997,33.3541679486525,24.16642252229391,40.71162611325717,4.274654939428474,3085.625,1.4675164935067897,2.035337591005598,72.10187145326269
B0006,294,3.4220422356705154,2.3927989623544175,4.180388252515709,0.24505211094966728,1.787589290161291,-1.7278671098991139,-2.0150807231044525,0.002464932477340866,0.698121088593313,33.13634596100404,23.980795554734595,40.58721297402195,4.272886579538151,3067.203,1.4516292657521335,2.035337591005598,71.32130179126342
B0006,298,3.4202687142856667,2.410475236770924,4.182476201666448,0.2445224118963859,1.7720009648955242,-1.7269073147637581,-2.0151017082510445,0.0011413024919993738,0.6989995507446921,32.92241762841388,23.638284377724087,40.37035790264624,4.331246781656428,3058.157,1.4519237720967177,2.035337591005598,71.33577144710263
B0006,302,3.4248208106770663,2.4915333699239977,4.182567814531136,0.23871895764328246,1.691034444607138,-1.7211995934038338,-2.015773418279684,0.0003841275623097243,0.705261585612315,33.20338483123576,23.829441222036376,40.667923693760464,4.359498212766225,3058.812,1.4471484694777745,2.035337591005598,71.10115176336829
B0006,306,3.4234990883192666,2.444861994529003,4.182606347806988,0.24156011251597115,1.7377443532779853,-1.721141114732718,-2.0165661835906454,0.001218107513799628,0.70520381156388,33.533950654066935,24.20984647694025,40.990356883952465,4.344683946650958,3058.578,1.4468538105659885,2.035337591005598,71.08667461161282
B0006,310,3.4247420964314874,2.4840755398082255,4.183047552179642,0.2394044963910197,1.6989720123714163,-1.7200547727480755,-2.018144057635402,0.00043057445010054817,0.7063056423778308,33.5767934055627,24.27322345224107,40.997744028174516,4.336933667265993,3049.328,1.4416741930284678,2.035337591005598,70.8321901683239
B0006,313,3.450702139255875,2.479017302613424,4.222516216835943,0.24986811906504275,1.7434989142225188,-1.8210481343824243,-2.0143333289759338,0.00029206186344975406,0.5870046814200932,33.224088400657315,24.058176844558602,40.77265883698999,4.292984862195963,3177.219,1.5935866593100128,2.035337591005598,78.2959380474406
B0006,316,3.4480475429907522,2.4820670710190385,4.1909374470770855,0.24289182353294878,1.708870376058047,-1.821445703423604,-2.016338466932382,0.00020266112069095444,0.5868021780918599,33.37083344726966,24.676724380143,40.522204934304625,4.07675840902897,3082.937,1.5463902376915637,2.035337591005598,75.9770882494014
B0006,320,3.4399481891896455,2.452449045714353,4.183028520369727,0.24242933169344988,1.7305794746553742,-1.7899159936953069,-2.0145951136219593,0.0019503732302666096,0.6278130340643914,33.43366634309322,24.71374963671338,40.57746834859555,4.0943289069244875,3074.266,1.51470559175661,2.035337591005598,74.42036144029748
B0006,324,3.434112914501242,2.4198491932573414,4.1838942747302825,0.24449013265629163,1.7640450814729411,-1.7769345930773324,-2.0144018884289827,0.0005084867021221242,0.6433896249887968,33.28676739403043,24.452648939888725,40.516963879873735,4.148554523311033,3066.0,1.4989786083335404,2.035337591005598,73.64766488653811
B0006,328,3.4325600940363916,2.4706823501191706,4.1839835007856605,0.24110307279068668,1.71330115066649,-1.7640032117743045,-2.015270624937178,0.0007359350635753225,0.6586649159229433,33.14347737377552,24.224651493389036,40.34325381638243,4.160423251021807,3056.437,1.4831110745410492,2.035337591005598,72.86806282628963
B0006,332,3.4270614887575657,2.413759774558071,4.183640209073579,0.24425389866866307,1.7698804345155086,-1.7571701008871028,-2.015800833534411,0.002124212914898989,0.666669840838828,33.11021541795579,24.107818019162874,40.39341126895154,4.218777608920164,3048.219,1.4729664825468278,2.035337591005598,72.36963976177928
B0006,336,3.427340316812041,2.4562499847243027,4.183387047926521,0.24148071569208399,1.7271370632022185,-1.7502670210777267,-2.0153848289913054,0.0017289535444482576,0.6742901923854049,33.18991802149879,24.152350848480747,40.46341487442664,4.226492089676788,3039.218,1.4627604396099307,2.035337591005598,71.86819749578868
B0006,340,3.423482197888437,2.401794655879554,4.18356344388626,0.24464245573487717,1.7817687880067057,-1.7439614243216512,-2.017707476586292,0.0015255121086987376,0.6811805311767779,33.26265398635676,24.1926071662797,40.5818264138806,4.237392666333103,3039.047,1.4518364681062514,2.035337591005598,71.33148203630158
B0006,344,3.4220957701069374,2.4087687236133313,4.18171248971767,0.243681234330419,1.7729437661043388,-1.736850855663561,-2.0198780169470747,0.0017135739999164965,0.6887151482292208,33.299978841087025,24.238609855596458,40.61670777074496,4.240456106278274,3030.375,1.4468670644030392,2.035337591005598,71.08732579778997
B0006,348,3.421883545422636,2.4308118485818704,4.1832473219705815,0.24249235318123782,1.752435473388711,-1.7360045229798653,-2.0197856871193367,0.0020383190496457725,0.6896541510589468,33.31663547841367,24.191028062692588,40.631647661681036,4.260205034784692,3021.0,1.441380399427779,2.035337591005598,70.81775553094546
B0006,352,3.4195777411151886,2.398886415333129,4.183049768329545,0.24428631492877723,1.7841633529964165,-1.729690117077797,-2.015287001210607,0.0021980860706101134,0.6962675710854851,33.39150630507064,24.226474805349635,40.74323383889164,4.280804367288263,3021.75,1.431210744960774,2.035337591005598,70.31810109956534
B0006,356,3.4175281789596474,2.3814379490849835,4.1830924980863315,0.24533925383722666,1.801654549001348,-1.7287954627467013,-2.013949066691416,0.0005566103878417646,0.697047878700166,33.41522427488497,24.22178922960351,40.81715493531611,4.299262709763484,3012.265,1.4260247179525716,2.035337591005598,70.06330174681324
B0006,360,3.4197860540725715,2.459885297095542,4.181536580807847,0.24035187594624083,1.7216512837123048,-1.7216729981632184,-2.015065571425412,0.0018803136776330096,0.7045973768027333,33.39690850726103,24.207764443084063,40.72877617289365,4.279105256934157,3002.641,1.420487649966195,2.035337591005598,69.79125508434085
B0006,364,3.4171369298988705,2.4007285025453995,4.172034399629829,0.24069187953555218,1.7713058970844293,-1.7228162229694663,-2.0151971595728613,0.0022542409730723326,0.703674489345141,33.73731993653,24.266994666970984,41.45494452672042,4.4640444489608955,3012.0,1.4207006230355006,2.035337591005598,69.80171885557206
B0006,367,3.4305347141293625,2.472830716079143,4.188427549455566,0.23954452760941822,1.715596833376423,-1.7486639022205694,-2.0180838913239434,0.008152353556458646,0.6766364586222329,34.08965316576344,25.010523307428713,41.39678877103747,4.2491873703569984,3020.11,1.452255804330839,2.035337591005598,71.35208482113887
B0006,371,3.4250844180972875,2.467318928642863,4.181499335679726,0.23920169814767764,1.7141804070368631,-1.7345160724760178,-2.015157068463395,0.00019789529282717813,0.6914329019224659,33.9987286593769,24.81713061500866,41.36669473718026,4.299417325493445,3002.172000000006,1.431557632772571,2.035337591005598,70.33514435633658
B0006,375,3.4171339862792935,2.3692462667540997,4.179546243153898,0.24475701426966365,1.8102999763997984,-1.7271570233190525,-2.013917344838714,0.001392653144198631,0.6989258053585963,33.907397114007345,24.66015421423191,41.37787352037061,4.346415144643425,2992.703,1.415015751158943,2.035337591005598,69.52241030736464
B0006,379,3.417521467040602,2.4482618595124874,4.18101558225098,0.2408080362142482,1.7327537227384928,-1.7305179027385762,-2.026182069042455,0.005189848551175063,0.6950775843262647,33.70518417605219,24.417272340572964,41.140956091698214,4.357781964328754,2964.468,1.4097311506517451,2.035337591005598,69.26276785146193
B0006,383,3.4181623236680356,2.4598632768748825,4.182667734360821,0.23985452319305442,1.722804457485939,-1.7141443638380731,-2.0154806588037197,0.0017804365403169887,0.712645847764213,33.7458832944166,24.34226965648951,41.2168813199875,4.385409704614487,2983.375,1.404917318129309,2.035337591005598,69.02625512041874
B0006,387,3.420331935905118,2.497869764845928,4.179947555799937,0.23666693145105858,1.682077790954009,-1.7067823273466607,-2.014398878088724,0.0004526100127092855,0.7197036155373028,34.01657212624259,24.68862064835225,41.40391881889191,4.352005984144061,2975.297,1.395164296571563,2.035337591005598,68.54707065486149
B0006,391,3.4192916311692465,2.472236707252471,4.182316086490744,0.2390286773610217,1.7100793792382727,-1.7063596521950202,-2.015379938834276,0.0004074114617765993,0.7197068332356091,34.175023374593785,24.83379380277289,41.586571331198584,4.354041697107458,2974.9850000000006,1.3945343832614077,2.035337591005598,68.51612181802287
B0006,395,3.414352330355796,2.4278749904763077,4.18300582450457,0.24221175414346538,1.7551308340282623,-1.7052696591517462,-2.024938600791225,0.0027319664703010157,0.7206903789128402,33.976109677640174,24.567907151996646,41.43504077863728,4.382087060522724,2966.25,1.3893171179312644,2.035337591005598,68.25978766720687
B0006,399,3.412701167144591,2.4275905200235055,4.1825046060820625,0.24220504327165968,1.754914086058557,-1.7046265574439607,-2.027018156432659,0.0013872942238959522,0.7213952667094184,33.84150372451663,24.35845427718724,41.37436880579148,4.426438431004594,2956.359,1.3838379472327809,2.035337591005598,67.99058560840852
B0006,403,3.410409522809144,2.37337869163978,4.179533028548021,0.24435718343921012,1.8061543369082411,-1.6985503106996724,-2.014779909755338,0.0037299171946931393,0.7278602667366414,34.1008464215818,24.62149945751311,41.66477948989921,4.429283182231005,2956.344,1.3736814238195123,2.035337591005598,67.4915763306282
B0006,407,3.414419320260644,2.4248604132549767,4.18250512422575,0.24176595846391638,1.757644710970773,-1.6982347588599789,-2.0151111715849144,0.0014127620211878914,0.7275938938122148,34.34663683304219,24.908657981582394,41.81816829502593,4.398555379640064,2956.406,1.3786059891863676,2.035337591005598,67.73352957654757
B0006,411,3.4131710032395315,2.426962848243194,4.1828227593786,0.24223055603174873,1.7558599111354058,-1.6971165805711328,-2.0151664181090267,0.0008856833378857151,0.7286470501073794,34.216231530637586,24.777867901281315,41.686647000781186,4.403435230805167,2947.266,1.3737600299108574,2.035337591005598,67.49543839713218
B0006,415,3.4107019261975147,2.417287750352038,4.182413969607667,0.24315982041013035,1.7651262192556296,-1.6959199401004303,-2.016248522283907,0.0022565477410673076,0.7299387135336083,34.041617020161176,24.55493670403353,41.565382893773936,4.427228658094671,2937.984,1.3682580583942712,2.035337591005598,67.22511609085237
B0006,419,3.4089059214760367,2.4185087281747166,4.182451170946608,0.24335348175106358,1.7639424427718917,-1.6953163120957457,-2.015018401452086,0.002945843089707679,0.7307162124593425,33.890212870710734,24.318017130660255,41.46394809540406,4.468195522374229,2929.125,1.3633024037317505,2.035337591005598,66.98163536881292
B0006,423,3.4134080258317576,2.480937393224248,4.181305580928812,0.23910918351075655,1.7003681877045635,-1.6890383512433216,-2.014808414619914,0.0017870517833380544,0.7365985147966571,34.116762412437,24.575299028638764,41.6123634180086,4.440858026001165,2928.454,1.3580966140172601,2.035337591005598,66.72586503678076
B0006,427,3.411221044859532,2.4078214169511205,4.1804870315884735,0.24277811004383898,1.772665614637353,-1.689240311218937,-2.0149941642208877,0.0009686723211606385,0.7366705561751957,34.490493589415046,24.98269073769502,42.0075404495327,4.435836689713161,2929.375,1.353269090999531,2.035337591005598,66.48867966571198
B0006,431,3.4155210852213678,2.433234589649132,4.163570261072192,0.23720200532883332,1.7303356714230604,-1.7102007614808157,-2.014889154962298,0.0021530897065765533,0.7162819617972487,34.23744800906639,25.141147272482755,41.61679232360952,4.2869335467351615,2946.031,1.3841605738237488,2.035337591005598,68.00643686533974
B0006,433,3.4229838362549794,2.440822893388958,4.190012868765637,0.24143941002028121,1.7491899753766784,-1.730244918610445,-2.021897889619746,0.0009450807694683962,0.6962615132210175,34.41428886050454,25.169349346251153,41.80245062827161,4.32119435671904,2955.438,1.4051467790651473,2.035337591005598,69.03752897183544
B0006,437,3.414757022019347,2.396078253891397,4.182418011462176,0.24413784898440827,1.7863397575707793,-1.7152465923901479,-2.013990107965066,0.0022862143567549285,0.7110232265703329,34.16445180476378,24.821438212878718,41.653004783464006,4.371208230317734,2937.625,1.378719022627353,2.035337591005598,67.7390831241008
B0006,441,3.41435871627236,2.449306948268824,4.182070839014939,0.24152323402005177,1.732763890746115,-1.7013404928191733,-2.0141794769710484,0.0017603003484055497,0.7245002916787043,33.877146811272176,24.44823164208337,41.36061809844917,4.3976928116809235,2929.078,1.3682657783199066,2.035337591005598,67.22549538545536
B0006,445,3.4091886698418046,2.384185417166802,4.182701902443236,0.2460496736273354,1.7985164852764344,-1.7004366132157598,-2.014245767720947,0.002448164539924058,0.7253678587355785,33.839566254190565,24.316938949769007,41.42815616511055,4.451653713060872,2918.375,1.3573151296618016,2.035337591005598,66.68746922672389
B0006,449,3.411930366643558,2.4440756213040964,4.182270325485355,0.24258968522569255,1.7381947041812587,-1.6873533635265776,-2.013969299900083,0.0010573004756267543,0.7373003664947759,33.818304796930946,24.299358283075954,41.343265645039,4.430731206018662,2919.812,1.3524934638801596,2.035337591005598,66.45057163278422
B0006,453,3.4094417183837504,2.4296014294774673,4.182394535290608,0.24390756219118898,1.7527931058131405,-1.6919294969110734,-2.014779898380345,0.0016960165224917886,0.7335386849531479,33.812621135472135,24.255785257635935,41.38118673567723,4.459629393541612,2900.422,1.3474099151661236,2.035337591005598,66.20080723318286
B0006,457,3.4081896097479882,2.41022288115442,4.182061947471753,0.24531767840677798,1.7718390663173325,-1.6852952939579415,-2.014211676143238,0.0020320718333584533,0.7395261452441036,33.79894614410012,24.22667614097166,41.378450473707446,4.460136031575844,2901.375,1.3370075130842318,2.035337591005598,65.6897174696045
B0006,461,3.40737851449911,2.4098927032454966,4.182288987105723,0.24580906151652474,1.7723962838602265,-1.6787428835073943,-2.0146307921789908,0.008037676680716626,0.7454352436652836,33.702723745621576,24.08401483096836,41.306600641009794,4.472061666110305,2901.187,1.3312352966718526,2.035337591005598,65.40611751852576
B0006,465,3.4085862639015,2.453938411405305,4.179662143533188,0.24308656517101032,1.7257237321278835,-1.6712137513430336,-2.013369705800471,0.0010416352989289336,0.7521771809630792,33.63562651984647,24.032744419693664,41.204081036719124,4.464296886707149,2891.64,1.3259303781727643,2.035337591005598,65.14547680110712
B0006,469,3.404843616147767,2.3940396792395253,4.181392635232333,0.2473025976222259,1.7873529559928079,-1.6768931248947176,-2.0139825284473383,0.0013051127215942834,0.7474282095747105,33.690724061796516,24.035049734679703,41.32955629442644,4.503856031202928,2882.906,1.321578743867529,2.035337591005598,64.93167274597319
B0006,473,3.4081057374178703,2.45134737470238,4.182099866234647,0.24422108333220258,1.7307524915322667,-1.6701186583642826,-2.0138921521532196,0.0019059149885720526,0.7532835002669596,33.71317033815572,24.066996312466095,41.300370296451625,4.4804543979131095,2883.265,1.321225074066109,2.035337591005598,64.91429627717592
B0006,477,3.4091728540380735,2.475014603796582,4.182054276922838,0.24340486418659887,1.7070396731262565,-1.6634753413292604,-2.013710255019385,0.004822714606532057,0.7589708333972093,33.65376593260611,23.996723972247743,41.243646229563595,4.481173590462752,2882.969,1.3156485301862682,2.035337591005598,64.64031008911138
B0006,481,3.4110817622184233,2.4569179775419294,4.168816046299314,0.24099639163604958,1.7118980687573848,-1.6645875549232958,-2.0145340492151043,0.0016790557813109385,0.7579357799006134,33.983578066068176,24.663353868241057,41.36464929786556,4.335679642629904,2891.656,1.3209025697502388,2.035337591005598,64.8984510278524
B0006,483,3.4167486246717154,2.438240626221148,4.190149239555381,0.2445794002146044,1.751908613334233,-1.6918384605140158,-2.01382438347875,0.0011291190058123485,0.7334467668216439,33.816348135475515,24.805357555777945,40.89285784811417,4.157409676256734,2901.25,1.3474328767273906,2.035337591005598,66.20193537828118
B0006,485,3.4169689184247174,2.4946397780995584,4.187196878135145,0.2418829111188869,1.6925571000355868,-1.6711981411684529,-2.0133154561700204,0.0015509192623282008,0.7523130560666373,33.60692030225909,24.568710436075083,40.652964511118334,4.158579088645514,2891.703,1.3260128072353616,2.035337591005598,65.14952669744675
B0006,489,3.4105763913818787,2.4367455144223555,4.18232296515852,0.24570660921197612,1.7455774507361648,-1.6632769410531225,-2.0139168871011672,0.00178074624019554,0.7590269335533172,33.47350597721994,24.308667818003084,40.58410707337388,4.21322292649837,2883.016,1.3101186784831063,2.035337591005598,64.36861797633368
B0006,493,3.4113335283009314,2.4858689968085326,4.1822817387062585,0.243669978984679,1.696412741897726,-1.6559085740676296,-2.0142276812428177,0.0011362898765440136,0.7654957106646719,33.209178727620106,24.003796003990193,40.322783635307104,4.224043353343756,2873.453,1.30521620229393,2.035337591005598,64.12775001365068
B0006,497,3.4081283345557187,2.3957550201907916,4.181394192711236,0.24822787297973212,1.7856391725204448,-1.6561009220603313,-2.0140803684449082,0.001125807644408657,0.7655069350374726,33.58088963686094,24.359100181053126,40.78032921971219,4.2561126788303865,2874.031,1.3004061951355774,2.035337591005598,63.89142523000749
B0006,501,3.4125732422699135,2.4504684570147006,4.182109437180301,0.2452230312011813,1.7316409801656008,-1.6493259508429792,-2.014831579693271,0.003538590469666894,0.7709658700007178,33.76400861956033,24.621773390889473,40.85731522464202,4.193931968929846,2874.234,1.300235735841116,2.035337591005598,63.88305024124815
B0006,505,3.407693686560286,2.3942028718004007,4.181210531150237,0.24934296653021504,1.787007659349836,-1.6481131076816375,-2.014857985605384,0.0007121321492493882,0.7718560566678059,33.57003564415372,24.362440700162463,40.74860220857894,4.228315089062405,2864.984,1.2895066722480755,2.035337591005598,63.35591097744968
B0006,509,3.4073499608041957,2.4303844034459368,4.180183763169455,0.24821460129448178,1.7497993597235184,-1.6402541382604887,-2.013906118562721,0.0020706037950560794,0.778065034301414,33.272050895552354,24.05758090644101,40.472276230208436,4.237196672375289,2855.093,1.279253057384795,2.035337591005598,62.85213141239902
B0006,513,3.409292163767801,2.4755630989048205,4.181641969595387,0.24659016011849222,1.7060788706905665,-1.6339151095418003,-2.01480412850878,0.001176065085161298,0.7837204519359695,33.12740933210319,23.840036551906117,40.28187574900838,4.246858259984162,2855.625,1.2792078171714618,2.035337591005598,62.84990867482796
B0006,517,3.4095492354804775,2.446712151873903,4.1818501497507565,0.24758339650785938,1.7351379978768535,-1.6340244573659812,-2.014522533445452,0.0019702593856607345,0.7838316988955946,33.439116773449626,24.11614509838886,40.637565231244686,4.2702980385522755,2855.594,1.274036760902923,2.035337591005598,62.59584486293798
B0006,521,3.410318915287339,2.4607112018206894,4.1817089329030335,0.24739801801109818,1.720997731082344,-1.632488007933941,-2.0149438038428857,0.004049537026825638,0.7848803525722242,33.482874768414376,24.248375431600596,40.64243349478575,4.236324048558813,2847.437,1.2741273923001468,2.035337591005598,62.600297755550194
B0006,525,3.409269478846637,2.4619788522973796,4.178725976011113,0.24810226825514498,1.7167471237137333,-1.6192610042624402,-2.0150039133931816,0.0014280969271294325,0.7951183753696195,33.22136307064441,23.97276387413658,40.38713367022122,4.229433369947142,2847.36,1.2637639426440779,2.035337591005598,62.09112179860495
B0006,529,3.4094374435069095,2.4999079970509284,4.181148894438262,0.24744012771914206,1.681240897387334,-1.6178242977824624,-2.015129426588159,0.0037301935665104953,0.796212152834948,32.98562738901426,23.67821307261489,40.15316398972329,4.254562559265268,2837.328,1.2581373688955233,2.035337591005598,61.8146775481072
B0006,533,3.403885091976961,2.4061574188511727,4.181246648937272,0.2532123266842987,1.775089230086099,-1.6181015728870058,-2.0157490612295734,0.0014360032513640252,0.7959104627910828,32.970182781539556,23.518722627950357,40.26211669866818,4.320691363853224,2837.281,1.253259864055301,2.035337591005598,61.57503647520722
B0006,537,3.4065929107527846,2.40921365026611,4.1821248744689274,0.25263202324107764,1.7729112242028173,-1.6180985297864203,-2.014223314502266,0.008808612211148337,0.7962214097717415,33.31018716138479,23.900390232503312,40.65437976632703,4.314882989913479,2838.515,1.2532313315493426,2.035337591005598,61.573634619019614
B0006,541,3.4095930016592684,2.4705399687343235,4.179545017207998,0.24908472229042342,1.7090050484736743,-1.6103535053387172,-2.0163352495806492,0.0018528412705641154,0.8022686918286582,33.23406652671602,23.927161901061876,40.41021687551566,4.247229394906718,2828.328,1.2480874960313577,2.035337591005598,61.3209082142838
B0006,545,3.409409922814414,2.4996841687041944,4.164241788212258,0.24501536673331065,1.6645576195080634,-1.611644410040853,-2.01499403966668,0.0006572950596480301,0.8010853524879897,33.117656712920734,23.563221777928874,40.49521984011741,4.380274662730237,2838.265,1.2534354284944844,2.035337591005598,61.58366228941904
B0006,548,3.4195489282896943,2.4839695531514434,4.189238693156103,0.2466700164316275,1.7052691400046593,-1.6420364978388977,-2.0181368086516467,0.0011420403060800586,0.7774199520441293,33.78417036686004,24.182986071194534,41.357879741754175,4.440412482093005,2864.547,1.2898048773266901,2.035337591005598,63.37056235911395
B0006,552,3.4151799904187996,2.4675402264113453,4.180842923747738,0.24807422285760142,1.7133026973363927,-1.6194806393973795,-2.0142774492167734,0.0006389432339644004,0.7950525227865529,33.806439563441614,24.13790128994837,41.37902988743146,4.4572811045999154,2846.39,1.2635402021758835,2.035337591005598,62.0801290046241
B0006,556,3.4154594925159083,2.4946438160388325,4.18123823034649,0.2480617016753451,1.6865944143076574,-1.6048643562670923,-2.0138128429431967,0.005781248307535802,0.8060358618163398,33.63735785291911,23.963097388160715,41.20920760771975,4.450962807667149,2837.969,1.2479761706842853,2.035337591005598,61.31543858862738
B0006,560,3.4130336456755868,2.4577382116375843,4.1798277092808815,0.2513379562071556,1.7220894976432972,-1.5916400783224371,-2.0149177563869873,0.0023397381848139728,0.8158903428123628,33.58195933847606,23.85096067907487,41.20630554355683,4.472326760440252,2838.156,1.2321202877943334,2.035337591005598,60.53640895934027
B0006,564,3.4094524356574096,2.40986495422137,4.180792839927961,0.25541755590484166,1.770927885706591,-1.5901105081883435,-2.0149300788502975,0.0010089516629164148,0.81704386414875,33.56245583951572,23.75303412345965,41.28239317323536,4.515353242870561,2829.843,1.2271137666213534,2.035337591005598,60.290429069070264
B0006,568,3.4138496008165014,2.479418189447868,4.181365190126037,0.2521876111582164,1.7019470006781692,-1.5767754479909835,-2.0147963353542564,0.000859480585004194,0.8262753136633273,33.5111267532655,23.71579098948608,41.1595683576961,4.488716863512712,2829.625,1.2217397581377356,2.035337591005598,60.02639382954212
B0006,572,3.410900672125043,2.434585389303289,4.180594670510683,0.2554146162892581,1.7460092812073937,-1.575262673173442,-2.015518745222527,0.001199208658635817,0.8272958161026505,33.53675907012135,23.759120931060004,41.230427315370186,4.49738001188431,2819.437,1.211102678915174,2.035337591005598,59.50377393250057
B0006,576,3.4105744140130074,2.425682710641569,4.181424135030176,0.25698194109584227,1.7557414243886074,-1.5684640005188113,-2.0147884579094577,0.0016688329956906312,0.8317378025292568,33.49803069556778,23.662315778660414,41.21487873613708,4.5075717019233785,2819.579,1.2056159765131735,2.035337591005598,59.23420182680926
B0006,580,3.4096514247359915,2.417924401749313,4.181921994951423,0.25819731705646964,1.7639975932021095,-1.5671286757845893,-2.0146138657111945,0.00267138921983699,0.8329428153403723,33.516977262709986,23.65025525718372,41.27439823262361,4.527649008570073,2810.672,1.2008936262717274,2.035337591005598,59.002183793913154
B0006,584,3.4128578373442537,2.4541577949851603,4.179593598747663,0.2562295547306426,1.7254358037625024,-1.5537993411647462,-2.0148417510809367,0.002105455435076752,0.8418998631531451,33.531923269271225,23.716467103089535,41.237668013317766,4.494711757510842,2811.485,1.1905903985558335,2.035337591005598,58.495966655222006
B0006,588,3.413450901705652,2.463616101176541,4.180557596235595,0.25633972565262325,1.7169414950590545,-1.5521827524962775,-2.013981544237104,0.0030546197767952537,0.8426741525725665,33.567636169584304,23.75283925140291,41.24068073261839,4.488739697730475,2802.422,1.185179251041941,2.035337591005598,58.23010670462684
B0006,592,3.414388187503409,2.470375229475307,4.181414159913002,0.2568441721022827,1.7110389304376952,-1.5452652929126827,-2.014023708028726,0.0020243726684846712,0.8470345896109175,33.60493096509702,23.806067140125037,41.28133907077437,4.480792235047609,2801.625,1.1796706818144624,2.035337591005598,57.95946024028492
B0006,596,3.412419038813061,2.4357634426689945,4.180815073540562,0.25993777730028017,1.7450516308715676,-1.538651770825325,-2.016504705213686,0.003941121782864298,0.8513560117080599,33.54281440778599,23.71321070187237,41.28338645880181,4.497310319961048,2802.031,1.1745952836753915,2.035337591005598,57.71009629390571
B0006,600,3.4148103057455175,2.481190011798763,4.1697037841892834,0.25676219132624173,1.6885137723905204,-1.5169723774339863,-2.0192733708647617,0.002247664734570795,0.8647472127992183,33.472459360982775,23.707339766856947,41.149193043289586,4.458920775963431,2793.39,1.15381833159625,2.035337591005598,56.689285192545555
B0006,604,3.4166177332601,2.491537251958465,4.180283727512206,0.25786885910619006,1.6887464755537414,-1.5238501013926742,-2.014625681416588,0.0020222968056506606,0.8603890556014289,33.58210389885497,23.791460085164704,41.26268252018065,4.465400116342418,2793.39,1.1644009557372264,2.035337591005598,57.20922960804411
B0006,608,3.4121341541171764,2.40904100737121,4.181170015245673,0.26372718676135337,1.772129007874463,-1.523792814686802,-2.016243208356173,0.0003659402321130544,0.8604329777233659,33.6634605108384,23.802896883148367,41.45791806300034,4.507073999103317,2792.485,1.1587974947916069,2.035337591005598,56.933920933434955
B0006,612,3.419700177568569,2.475767645530351,4.1575524997258,0.2529109631298057,1.6817848541954494,-1.5391310859398721,-2.013736316594881,-0.000423769574389527,0.8511924609455338,33.730546074122294,24.698597962486065,41.11666214070682,4.1670548482657015,2802.016,1.1749748834769171,2.035337591005598,57.72874675283711
B0006,614,3.4234687742187893,2.4160441724133666,4.188511527828155,0.2619158664193414,1.772467355414788,-1.5426703969635054,-2.014876364498059,0.0032206172427055937,0.8495522069665737,33.8912822372509,24.907725860706154,41.36263766174168,4.080219455624845,2820.39,1.1856752327929356,2.035337591005598,58.254475229690506
B0007,2,3.522006703394617,2.145975766935391,4.199497433806136,0.2874452516516924,2.0535216668707448,-1.8691188840185695,-1.9968672421771276,0.0009103844987851796,0.4752966796525294,32.62485875142121,23.92407356409745,40.59042914535701,3.8821725491629793,3690.234,1.89105229539079,1.89105229539079,100.0
B0007,4,3.5319490434317116,2.1110166987852117,4.198510349854315,0.2797089856913086,2.0874936510691033,-1.8680422715350309,-1.9943911963511516,0.003601550603928921,0.47659959994822176,32.738209593287145,24.261106709876195,40.26023408628707,3.767777623445933,3672.344,1.880637027686859,1.89105229539079,99.44923428456647
B0007,6,3.5344025220217845,2.0251085128182655,4.198280074112568,0.28372654574505013,2.1731715612943026,-1.877784734502072,-1.994681656822022,-0.0010276902277484255,0.4584167741596034,32.68511456550919,24.3190033925327,40.27558633997852,3.746724750145294,3651.641,1.8806626717011388,1.89105229539079,99.45059035569906
B0007,8,3.53492504932652,1.922542180649595,4.198267468745592,0.29008702878464626,2.2757252880959973,-1.8875256535871228,-1.9952731083659303,-0.0006983471237198692,0.43922371626617773,32.554748499572646,24.223578724887073,40.29314715799111,3.748713692085809,3631.563,1.8807709009833444,1.89105229539079,99.45631358622364
B0007,10,3.534536640068787,1.8711590450649882,4.198464224146956,0.29220641599968367,2.3273051790819674,-1.8871559747738404,-1.9935500451030046,0.0005983417342468405,0.439454184988277,32.46787845303298,24.13830760704513,40.268872630219796,3.757399994843755,3629.172,1.8794508728285058,1.89105229539079,99.38650969142624
B0007,12,3.5411626672196816,2.1756867065903434,4.197967993115647,0.26674308476358344,2.0222812865253035,-1.8675154082122565,-1.9941041745764116,-0.00042434758525011757,0.47752624091693197,32.48624734055599,24.135840711684263,39.67620802332074,3.7187797514899983,3652.281,1.8807003517117404,1.89105229539079,99.45258289766596
B0007,14,3.541165612176161,2.1117887156019437,4.198023461704379,0.27118633921124835,2.086234746102435,-1.8673304059806155,-1.993164510431567,0.0005401764510727361,0.4774906738400573,32.55779966353037,24.255515986671373,39.803817662926164,3.7152261569509877,3650.828,1.8799352523566075,1.89105229539079,99.41212397661985
B0007,16,3.5494581176357975,2.026250619894166,4.199372697237068,0.27297824294152273,2.1731220773429025,-1.9063154499484403,-1.9936540341331743,-0.0003281718194490804,0.3979115030496563,32.45374435641106,24.302952144966042,39.88810476942348,3.66750069286357,3572.453,1.8815088124038797,1.89105229539079,99.49533479268811
B0007,18,3.5502805464079743,1.9505894332906037,4.19921182024681,0.2771296154486181,2.2486223869562063,-1.9164259300038171,-1.99377953803378,0.0005697252689816581,0.37443743546277825,32.373246444985035,24.257530932186896,39.95162250671474,3.662879470802171,3550.594,1.8696907870385844,1.89105229539079,98.87039039563994
B0007,20,3.5481347674910286,1.8688247067658061,4.198957678253482,0.283812978267983,2.330132971487676,-1.9165016044519978,-1.9937831213829802,0.0035107556642499692,0.3742086617157418,32.30534276235138,24.189583713016194,40.052021854718284,3.6783546666995868,3551.25,1.870052380139199,1.89105229539079,98.88951165957833
B0007,22,3.5484272148956437,1.7896213776724978,4.198832114024662,0.28889633724718083,2.409210736352164,-1.926771167846017,-1.9942511729128334,-9.593499764332657e-05,0.3483926910622938,32.183319483399806,24.062655752137022,40.1213838436794,3.687673913430504,3530.25,1.8700442394188577,1.89105229539079,98.88908117331621
B0007,25,3.5560433603714667,1.910336108594535,4.198945227315025,0.27604177175304995,2.2886091187204896,-1.936979366983281,-1.9938120330189373,-0.0018154689461531233,0.3204322222158979,32.378853181816005,24.334878490739897,40.174657039770814,3.63791535075196,3491.016,1.8596518987766364,1.89105229539079,98.33952785490447
B0007,27,3.5604849642800684,1.9086884059809102,4.1990513028067955,0.2717170193494012,2.2903628968258856,-1.947065774665518,-1.9942213710086447,0.0021769059281878883,0.2882487625048244,32.2913249500013,24.352069874766624,40.016434730174936,3.582678179632668,3470.281,1.8590746560862206,1.89105229539079,98.30900290898825
B0007,29,3.5562872542469752,1.7868782934275431,4.198107645780677,0.2826191895837473,2.411229352353134,-1.946961601670498,-1.9939995868905829,-0.0004508051048845279,0.2883646179237529,32.14782797344657,24.125190486792466,40.16569230743226,3.622670216832461,3470.0,1.8590084577709232,1.89105229539079,98.30550230165662
B0007,31,3.5647746218187324,2.1361343961784502,4.19925638222589,0.2549992595793087,2.06312198604744,-1.946851050742258,-1.994356138623711,-0.001132462861187769,0.28894202027233323,32.01380948237792,24.072501109913752,39.46139677634257,3.570709862627515,3450.297,1.8593622586957048,1.89105229539079,98.32421151057929
B0007,33,3.565438928797127,2.0133501283179167,4.199087384946408,0.2598113371383103,2.185737256628491,-1.9574063719005568,-1.9935665024864544,0.0005922421493807632,0.25171076392728675,31.881310103471357,23.938131916668528,39.5636595172155,3.5607713646101002,3429.407,1.8587355450601035,1.89105229539079,98.29107051087615
B0007,35,3.565961679108638,1.8575547668336483,4.199009971925293,0.26669381029351313,2.341455205091645,-1.9680136940585706,-1.993742172224942,-0.0019590482402041375,0.20658857155432495,31.854304304240515,23.932016714666645,39.628948319501816,3.552969052142723,3409.484,1.847817291322145,1.89105229539079,97.7137065868551
B0007,37,3.572496559005355,2.1657556124208934,4.1985172274243965,0.2443446202400194,2.032761615003503,-1.9680499927642312,-1.9946244036549008,0.0004326258514957495,0.20727562782238032,31.856555404576753,23.976819790445433,39.225347214914876,3.5240064913765976,3390.422,1.8485252916137047,1.89105229539079,97.75114607455649
B0007,39,3.5699492020415136,2.0270686341513207,4.198245740608724,0.25329366708168694,2.171177106457403,-1.9680218912213907,-1.994455565707021,-0.0024409084852146062,0.20716884485636725,31.867182607083926,23.980775695020398,39.4126321606434,3.5311983271559155,3390.281,1.848378951850034,1.89105229539079,97.74340753850292
B0007,42,3.5464338449590023,1.905311669649934,4.196262462698172,0.2870418502164071,2.2909507930482382,-1.9066656790606797,-1.9992261048783584,-0.0008292148953224378,0.3970264906393026,32.35216872128999,24.35868522365832,39.95874037686836,3.6200786747538674,3591.734,1.8807805437609766,1.89105229539079,99.45682350219242
B0007,46,3.5531968089006387,1.7951975189442124,4.1969587758867,0.28839720112764217,2.4017612569424878,-1.9267118604677658,-1.9940266531677509,0.0007573311396121474,0.34743557997528324,32.60219299451182,24.65025766803762,40.31302300333008,3.609319632122495,3552.297,1.8814721597443598,1.89105229539079,99.49339657767368
B0007,50,3.5599340214678805,2.1058524852518143,4.197071720130598,0.262396085205122,2.0912192348787837,-1.9260915660103672,-1.993858646326954,0.0013452537587627588,0.3484920989459363,32.19571819720114,24.306273974736932,39.359447242364645,3.5383074860799546,3531.578,1.8810954313244785,1.89105229539079,99.4734749488113
B0007,54,3.5595604968237993,1.846021007590992,4.19690260801443,0.2755055664428783,2.3508816004234374,-1.9468340181835688,-1.9927272592846585,0.0006146261200233335,0.28754259789672953,31.805988160181123,23.946713982155597,39.454159451189874,3.5365956799637424,3492.907,1.8710089649779995,1.89105229539079,98.94009644991608
B0007,58,3.552385161941813,1.7370300333706354,4.1966416719103465,0.28817671720490146,2.459611638539711,-1.9364196896718646,-1.9934659604006035,-0.000273936052171472,0.31982012695944373,31.737001978644926,23.7951049382806,39.641748274009444,3.6015349556344587,3511.594,1.8701995151941375,1.89105229539079,98.89729225111972
B0007,62,3.5707670304281067,2.0506492642329937,4.1971302559922,0.2505087558173121,2.1464809917592067,-1.9675984733558025,-1.9930006393050421,-0.00037863003489925804,0.20616966472270115,31.51707667966367,23.718457017715572,38.86906912217273,3.467097459094623,3431.9370000000054,1.8706715362800985,1.89105229539079,98.92225301434723
B0007,66,3.5657224847439295,1.8254369744762284,4.19652461108806,0.26724293226716145,2.371087636611832,-1.9680130544442065,-1.9947910338783705,-0.001495415658066508,0.20601669067896197,31.442860781038384,23.64183560576637,39.11839966443177,3.4910890369414163,3431.125,1.8596124644020169,1.89105229539079,98.33744254109715
B0007,70,3.5712835067487094,2.134879000684994,4.196790308710931,0.24546299726358747,2.0619113080259366,-1.9675572757550353,-1.9956093835681803,0.0005398984445576489,0.2067971048262254,31.32326275303232,23.519892775337357,38.68010761281634,3.477481789559444,3412.406,1.860033909718346,1.89105229539079,98.35972882674649
B0007,74,3.5679716274891398,1.970455493406623,4.196693048697735,0.256383090128758,2.2262375552911124,-1.967618505240168,-1.9936520198661494,-8.502750867487407e-05,0.20657115133389814,31.28571570579735,23.467259682273063,38.863045678198645,3.496093238915817,3410.688,1.8591653109160768,1.89105229539079,98.31379679174215
B0007,78,3.5646314038791784,1.8132694309760007,4.197078923354,0.2688392479727567,2.383809492377999,-1.9678214300979182,-1.9944764248874858,-0.0021454320098209796,0.20655645682563994,31.331850868998004,23.492198340361576,39.14531169811219,3.5126895678617203,3410.718,1.8481398178778288,1.89105229539079,97.73076198804469
B0007,82,3.568983888921194,2.0483657324095637,4.196062203382386,0.2510097241436422,2.1476964709728223,-1.9675056354779956,-1.9940826161567085,-0.002512174488189696,0.2070579900700325,31.32285733932258,23.51112503683739,38.8380564174779,3.4937493267933273,3392.719,1.849201702126164,1.89105229539079,97.78691507545129
B0007,86,3.564620688944316,2.181560983985832,4.206531081984383,0.24235648397605905,2.0249700979985508,-1.9683447778186904,-1.9940812941255717,-0.0020329549327671587,0.20521217145448947,31.608436452122476,23.527236127318186,38.95965174080089,3.51820888005486,3470.672,1.8834677437950846,1.89105229539079,99.59892428071969
B0007,90,3.5694388142217837,2.1177799354077496,4.203187727641822,0.23904274000018072,2.0854077922340726,-1.9788067754387157,-2.003329552797809,0.0016192589541852626,0.14698688650583963,31.782101501165204,23.9542942093336,39.053875772291974,3.380302800718849,3414.109,1.8628211117905844,1.89105229539079,98.50711777410832
B0007,94,3.568742147335628,2.1637448793153697,4.202997027311235,0.2361226467707183,2.039252147995865,-1.9785908218423578,-1.9938003511879974,-0.0016772567366890668,0.14711734266167353,31.515041989202878,23.73407143959736,38.699551697978606,3.363520252997762,3395.219,1.852085039652352,1.89105229539079,97.93938772431541
B0007,98,3.5642424070467817,2.0456561472058055,4.2027504558714135,0.2435637592164921,2.157094308665608,-1.9784335668087778,-1.9942339530946611,-0.002490125507280818,0.1472609174758871,31.13866351339678,23.309807963383705,38.6052414906155,3.4075643650648044,3386.0,1.8469504648208708,1.89105229539079,97.66786827220949
B0007,102,3.5653038098527605,2.1356202266992863,4.202665067816707,0.2380524119042055,2.0670448411174203,-1.9781601679702336,-1.9932621441916,0.00021208804630958597,0.14777650141295554,31.068710515588776,23.305948209951065,38.42604747702835,3.3689280446409944,3368.187,1.836828431169018,1.89105229539079,97.13260895248978
B0007,106,3.565432167703823,2.042987153745025,4.20243913428064,0.24360198231062685,2.159451980535615,-1.9783765899690637,-1.9932668899112056,0.0016978688568831312,0.14769064609715238,31.618244836823447,23.739006255698545,39.0468968949422,3.4394022053585354,3368.266,1.8371619619672275,1.89105229539079,97.15024626474299
B0007,110,3.5622303163451425,1.9786162394118947,4.202794567899269,0.24837093630083507,2.2241783284873744,-1.9780771457931066,-1.9945447573637072,0.0006200071499489343,0.14807220716513025,31.331528063668397,23.487622777066665,38.836764958613884,3.413453157377257,3358.719,1.8316722583718854,1.89105229539079,96.85994738677316
B0007,114,3.564481026852489,2.15845357648832,4.203135326288817,0.23693822731644562,2.044681749800497,-1.9780971417908424,-1.9937887547057833,0.0003106338402807465,0.14843712211776988,31.132569191182142,23.2595984254445,38.49981470604549,3.426266595856784,3339.5,1.8211470951317783,1.89105229539079,96.30337032828774
B0007,118,3.561614556780574,2.092603698932653,4.202837061508687,0.24121089374904708,2.1102333625760337,-1.977978349880126,-1.992201283338572,1.0269396682341148e-05,0.1485468782929041,30.972969676157927,23.021675511770262,38.582340147970775,3.4730985811134674,3331.265,1.816506091511515,1.89105229539079,96.0579512231908
B0007,122,3.5630587459190144,2.1528886431678034,4.202745735932991,0.2377592209805917,2.049857092765188,-1.9784334957218421,-1.9945004268443043,0.00063068070763254,0.14869563071084269,31.1990648511682,23.189779567510282,38.787499833494046,3.4999644177634317,3321.188,1.8113815601504555,1.89105229539079,95.78696287593303
B0007,126,3.5629534367704405,2.0537418826405966,4.203198796599359,0.24427062964618607,2.1494569139587627,-1.9782873833989176,-1.9931746766502974,0.0005017093700327061,0.14888480509231408,31.722267598269813,23.746627825123486,39.31221126031847,3.489535773627038,3321.844,1.8116056333939583,1.89105229539079,95.79881200586186
B0007,130,3.563446012076242,2.0793300586339956,4.202901668731174,0.24292877825753523,2.1235716100971787,-1.9781961432676651,-1.9946160382197378,0.001495453213727525,0.148965936617679,31.900827580605675,23.98219553879158,39.40567993360536,3.453732440693354,3311.828,1.8060548955557403,1.89105229539079,95.50528559986307
B0007,134,3.563998342345823,2.0759793304520757,4.196154302326916,0.25327029403423074,2.1201749718748406,-1.9670969462670498,-1.9952878943511754,0.0009071057750656541,0.2090627886753873,31.5372402498617,23.71372956170196,39.32802757827611,3.5356532818719244,3327.391,1.8132041826994056,1.89105229539079,95.8833442691601
B0007,136,3.5604902283110547,2.0674349483094465,4.2044772244864275,0.24529230432510515,2.137042276176981,-1.9781214643703728,-1.9951041266249487,-0.0007153493376797931,0.1489594972779903,31.24662583059252,23.52099861667097,38.6112528181758,3.352701649272975,3312.078,1.8062641938283535,1.89105229539079,95.5163534203101
B0007,140,3.5567002097886946,2.037264031192436,4.20211656315423,0.24718150200077496,2.164852531961794,-1.9780364457328714,-1.9939079880095492,-0.0012469857773277939,0.1494284562122661,30.939399361884792,23.07246859020669,38.569726951286874,3.427249603700407,3293.172,1.7958310249900458,1.89105229539079,94.96464108196085
B0007,144,3.5584127263446006,2.1632674190148338,4.202901194454151,0.23972404685296034,2.0396337754393175,-1.977935781469453,-1.9931708315999248,0.0005268652442651537,0.1499746649560789,30.884857004354572,22.983640218520346,38.34572083526661,3.4451204067835475,3275.328,1.7858852600390451,1.89105229539079,94.43870295876657
B0007,148,3.556136820956992,2.106631526845483,4.201790697233378,0.24353239714133773,2.0951591703878947,-1.9780170042003,-1.9937766833094566,-0.0024226440673283433,0.14992267004756327,30.920682316695828,22.969922978716898,38.482540634946716,3.482820431217398,3265.016,1.7803268604502753,1.89105229539079,94.14477139472058
B0007,150,3.568999942180493,2.1809272860788376,4.191916354433964,0.23779858875750914,2.0109890683551264,-1.9779140108313502,-1.993416647067197,-0.00017580190974296852,0.14860159467659112,33.880577817079796,26.46604285791351,41.0499421893331,3.252960553213002,3328.937,1.8150756899575577,1.89105229539079,95.9823107156573
B0007,154,3.571059290544873,2.1773498094527195,4.20342192245769,0.23785906798506715,2.026072113004971,-1.978162017642311,-1.9946576173158321,-0.0012601283929447712,0.14858283335477085,33.038339318294426,25.38232315092876,40.361944885615415,3.3468582106910603,3329.266,1.8157025154845838,1.89105229539079,96.01545763224729
B0007,158,3.5666921284622095,2.180136101967249,4.202807443974011,0.23760527129618003,2.0226713420067624,-1.9779553399945098,-1.9927642557550822,-0.000769330814282425,0.1492321114384013,32.27329169539202,24.501910100578034,39.6676965288026,3.3756627697109653,3301.579,1.8002432178056673,1.89105229539079,95.19796053200334
B0007,162,3.563327431073248,2.1286295199076855,4.203276539809248,0.24105488010739884,2.0746470199015623,-1.9779914337720734,-1.9950332824030974,-0.0006536943792753395,0.14961359454639447,31.937919783481355,24.043121291612863,39.481181404811096,3.443436671543625,3283.563,1.7904476205609308,1.89105229539079,94.67996336880418
B0007,166,3.5590146214829015,2.155901281560187,4.202580870413733,0.24277115965808288,2.0466795888535465,-1.9721889844228178,-1.994232501388858,0.0007008105306003851,0.18321554183214092,31.688686599521045,23.724772219746917,39.419051143069204,3.496381532348714,3275.125,1.780343032300132,1.89105229539079,94.14562657201503
B0007,170,3.5566945836342914,2.067103728219671,4.203244171517053,0.24879599446153314,2.1361404432973816,-1.9723254573804139,-1.9927179646840105,0.00015040857434587754,0.18341975964719076,31.779120691032947,23.738337987235628,39.72196117128354,3.555534379207058,3265.656,1.775328769596812,1.89105229539079,93.88046929870528
B0007,174,3.555013984911923,2.0619831864543094,4.202697222668131,0.2513247440204203,2.1407140362138213,-1.9668382736785281,-1.9937154240389596,-0.0009153700172719097,0.21152672057298152,32.133873372089305,24.06931067212055,40.041366724781085,3.5837263034233016,3266.093,1.7702629734732853,1.89105229539079,93.61258690667022
B0007,178,3.5526373754067415,2.143037413381466,4.202581421564202,0.24843977298975742,2.0595440081827356,-1.960929600351624,-1.9925505277409798,0.00014659719067076842,0.2366096302019096,31.889431533099835,23.857377552308677,39.66314441864834,3.5516310641707514,3257.594,1.760081061854204,1.89105229539079,93.07416120348377
B0007,182,3.547186025484395,1.9929057988209282,4.201275185814673,0.2591347484640653,2.208369386993745,-1.9607588424014128,-1.994265959280498,-0.0009119903753978465,0.23690268546827994,31.81736328028127,23.739137412822192,39.84751541049116,3.610373519382387,3248.593,1.749647593537689,1.89105229539079,92.52243302854406
B0007,186,3.546814755244375,2.0335961968180234,4.202508747096239,0.2566708502475146,2.1689125502782156,-1.9607439129501683,-1.9932021181710204,0.0010974883571477682,0.23725449124295286,31.72316205746117,23.58399487368775,39.743357771631004,3.6410744013520295,3238.766,1.749650075059311,1.89105229539079,92.52256425292258
B0007,190,3.5447850172972655,2.0213017345171265,4.202333230196108,0.2590391092431144,2.1810314956789814,-1.9550964299704847,-1.9932663431900044,0.0017748697671920149,0.2595637502376604,31.957150654392294,23.708228344468015,40.07246786936068,3.721644074023953,3240.14,1.745028739214683,1.89105229539079,92.2781851918098
B0007,194,3.5465215420964156,2.0789964919635966,4.202490707154508,0.25599663439330134,2.1234942151909117,-1.955058998571939,-1.9938941800121164,0.0005136007463939187,0.2597754002497576,32.29917704213345,24.21598770999788,40.247716114003914,3.631661556788779,3230.109,1.7396457455286727,1.89105229539079,91.9935291989993
B0007,198,3.540832547654255,1.9925354808829658,4.202290557382721,0.2637981986834192,2.2097550764997553,-1.9491545130405272,-1.9929599237339224,-0.0018160550004962658,0.27992445983861897,32.128842946565555,24.018596493562136,40.27220819224188,3.646211067036828,3229.7810000000027,1.7285642277717963,1.89105229539079,91.40753177397374
B0007,202,3.542992511358393,2.14041602578448,4.20313824854604,0.25433595231008316,2.06272222276156,-1.9485230174751031,-2.002837999763986,0.0002657157345997756,0.2810230250199101,32.021134355757404,23.868157730931408,39.89848456781458,3.6712023779065106,3212.469,1.723900324588418,1.89105229539079,91.16090172599749
B0007,206,3.5360811169860216,2.006753861515003,4.202703239422359,0.2648942463001822,2.195949377907356,-1.9431227050969846,-1.994963835157279,0.00032219947807198153,0.29989514018536995,31.859048861486652,23.679272417109907,40.0571305311587,3.723390766043564,3213.219,1.7139788776485192,1.89105229539079,90.63624955407813
B0007,210,3.5392436935272635,2.121868132176415,4.202907102508285,0.25696742774933107,2.0810389703318704,-1.9430080085541772,-2.0016459444206927,0.0004335128310188525,0.3003153138279422,32.16100333536097,23.840345275714288,40.240711749549135,3.792421226705538,3203.578,1.7139701997004613,1.89105229539079,90.63579065888634
B0007,214,3.5348237062932575,2.0119648758828452,4.201457080806326,0.2662038409344857,2.1894922049234804,-1.9425165961920092,-1.9940444299252393,0.0008557352401421723,0.3009740923792116,32.10276048728767,24.239122695185117,40.12941739090177,3.6038326573225334,3195.125,1.7036521173638766,1.89105229539079,90.09016416501656
B0007,216,3.5366477402090606,2.0744390946376323,4.204304103661928,0.2616558182168718,2.129865009024296,-1.9370190075205085,-1.99394242124594,0.0009344669590898851,0.3186080584168873,32.33880662180898,24.100749099673767,40.3959693732437,3.7734678513608726,3195.3129999999946,1.7040137474382486,1.89105229539079,90.10928738414982
B0007,220,3.5352062840980913,2.188793384556236,4.20220228055958,0.25544791069144723,2.0134088960033436,-1.9310192096578356,-1.994068391906693,0.002218898125991317,0.33583111935932713,32.21373014824893,23.89454515016851,40.18751058333668,3.806474467128874,3186.297,1.6935716157343033,1.89105229539079,89.55710108399319
B0007,224,3.5329852237553396,2.1739523632140685,4.202001482736379,0.25706788640824413,2.0280491195223105,-1.9304738354803441,-1.9931157642861432,-0.0005031657572301142,0.33610450717728846,32.09949526722965,23.747372758256024,40.14605167557969,3.8368014709408094,3176.438,1.6876577363877656,1.89105229539079,89.24437153331117
B0007,228,3.532158560934324,2.1783847786257136,4.202600613133091,0.25743321846075945,2.0242158345073777,-1.9305510314753316,-1.9932876007572093,0.0026672247503980754,0.3367955832619307,32.11305439113157,23.732576134274755,40.18846095484838,3.8534531796730453,3167.593,1.6830744356583152,1.89105229539079,89.00200379231205
B0007,232,3.5308376380023527,2.191481814157953,4.202328519159183,0.25735132818647616,2.0108467050012298,-1.9247195409983122,-1.9932567265208059,0.0005503459303460755,0.3526649608118804,32.20371989479744,23.784085634385107,40.2789498830108,3.8766566501795,3167.719,1.6779270142025482,1.89105229539079,88.72980500287017
B0007,236,3.5296958440720005,2.1753473356526807,4.202855889678493,0.25903317835716594,2.0275085540258124,-1.9245739020356052,-1.9933610066273437,0.002600197507149313,0.35306848458191703,32.23340825772458,23.83125634938924,40.310727434969614,3.8809728822466507,3159.077999999994,1.6732060275966172,1.89105229539079,88.4801563486559
B0007,240,3.5281819372126093,2.1832922624558813,4.202212609390717,0.2590267647030847,2.0189203469348356,-1.9243785304854075,-1.9942955362628867,5.813877826634093e-05,0.353697587121458,32.212169716369466,23.780373043169558,40.31733812871393,3.897110967912235,3148.829,1.6674367208253988,1.89105229539079,88.17507188402843
B0007,244,3.5265730179666974,2.192864020990023,4.202335745153063,0.25895117983184,2.00947172416304,-1.9184028799161776,-1.9951017113211473,-0.0006209850775538972,0.36885103516009277,32.21746401954225,23.770282871894263,40.332563430145015,3.918876824662239,3149.094,1.6622662630667526,1.89105229539079,87.90165492082501
B0007,248,3.5245022548553444,2.1560972126643922,4.201997273379946,0.26179245053019967,2.0459000607155535,-1.9181664471622712,-1.9939693898192545,-0.0008196546730972273,0.36930143578125346,32.23410177209762,23.76194654931583,40.431258866851486,3.9425202907421366,3140.547,1.6574243065763063,1.89105229539079,87.645609305257
B0007,252,3.5228548406546385,2.138540138129487,4.201599523927098,0.26334902608175864,2.063059385797611,-1.9180994998619483,-1.9959097500887342,-0.0005785652845972775,0.36972121910128913,32.228343983674435,23.751263650793735,40.46247985933005,3.9516136358563108,3131.625,1.652538684928734,1.89105229539079,87.38725464951953
B0007,256,3.5222829121237855,2.1646493163558524,4.20196227209543,0.2622165090473685,2.0373129557395773,-1.9179522150901998,-1.9950531920364833,0.0007067950076479342,0.3704409853164542,32.1833106060944,23.692389087728426,40.40103455658551,3.954583146041962,3121.907,1.6472174627573322,1.89105229539079,87.10586517211738
B0007,260,3.5189923820688493,2.1187211383693167,4.202045571197949,0.26579878809823443,2.0833244328286327,-1.9116539768893375,-1.993252278498655,0.002584297365125661,0.38501324372590207,32.17200142078129,23.642375027314003,40.4426971996319,3.989270609895539,3122.125,1.6364136810898071,1.89105229539079,86.53455460107405
B0007,264,3.5177844279570794,2.1377868706438155,4.204697039833386,0.26600215117219994,2.0669101691895704,-1.9115865510736891,-1.9934424013813434,0.0016296703790506485,0.3850783041628466,32.03316223587618,23.617774403005388,40.26214977673693,3.9283211145844676,3121.672,1.6362554312048496,1.89105229539079,86.52618625053486
B0007,266,3.5212226057273495,2.103155697792567,4.203964293328523,0.267463244027458,2.1008085955359563,-1.917648718820213,-1.993721164618022,-0.0003124695442695881,0.37032820729133353,32.506671891788216,24.167910537487234,40.645668361956844,3.863021171137795,3120.86,1.641119179218384,1.89105229539079,86.78338421514901
B0007,270,3.5172227884430147,2.186737546753024,4.201985395805308,0.26251805234594217,2.015247849052284,-1.9111337702474194,-1.9950801271316676,0.0010705188392996711,0.3859863634088458,31.961039485620926,23.553024490779926,39.95209030011925,3.9075613618643468,3103.828,1.6315700789656966,1.89105229539079,86.27842196339309
B0007,274,3.5125010864221813,2.1007747911593695,4.20178017149305,0.26841940308331047,2.101005380333681,-1.9108556098369367,-1.9937540476262585,0.0012645403116355951,0.3864575673331354,31.798082670491866,23.15836420422582,40.165034583244065,4.039383392805075,3095.094,1.621213282987236,1.89105229539079,85.73074826850355
B0007,278,3.5129614635074673,2.1417010068719846,4.202220537976551,0.26549914451346457,2.0605195311045663,-1.9049762303506044,-1.9934634318284483,0.000774643552012622,0.4005172724970495,31.95802833708937,23.26175935743409,40.36674175781141,4.100074784183007,3095.781,1.6164273214762122,1.89105229539079,85.47766370163623
B0007,282,3.5125204100391962,2.0912297625621297,4.2013887453306085,0.26924432437899815,2.110158982768479,-1.9051068520548522,-1.9955237523449136,0.0004752084007865389,0.4005777576368912,32.41813169746276,23.705879583857502,40.88269125311642,4.104813634275824,3094.328,1.615823510161921,1.89105229539079,85.44573379066746
B0007,286,3.5151454557578807,2.1663009505205935,4.201620573144587,0.264592914024469,2.0353196226239936,-1.9049079394753692,-1.9937747556066172,0.0014730247330521256,0.40110938112637234,32.64044972789331,24.063147568932987,40.856332202254556,4.035276418212726,3086.531,1.61672418029789,1.89105229539079,85.49336177737963
B0007,290,3.513443179473182,2.1843637809529235,4.201668680267049,0.26388369352167246,2.017304899314125,-1.898761620917719,-1.993529946094214,0.0007479343585839389,0.4145639691317064,32.56399373078006,23.95500402082536,40.778024611598504,4.0489676097337375,3085.625,1.6108655863730026,1.89105229539079,85.1835557535501
B0007,294,3.5097089402574535,2.113995772639173,4.202567159315787,0.26957573994134193,2.0885713866766142,-1.90433828068926,-1.9937950394148773,0.002791130516547081,0.4023836860850073,32.28305350922276,23.712966469853818,40.5829305350897,4.030966130077138,3067.203,1.6006603374309376,1.89105229539079,84.64389595847521
B0007,298,3.5042771471756997,2.0287779476202195,4.201472345711643,0.27593869419229977,2.1726943980914237,-1.904192698545851,-1.9948137474440242,0.0015411386303345927,0.4031010093914232,32.06065237439007,23.380469376342713,40.6345689985191,4.1025915192805655,3058.157,1.5959174487005663,1.89105229539079,84.39308910654776
B0007,302,3.509207943122176,2.1948906641943635,4.201332830124454,0.26403401116573244,2.006442165930091,-1.8982712229514884,-1.994905249607193,-7.384784317216585e-05,0.41633846419839154,32.365261126964526,23.582488319458513,40.75070125010339,4.154090104643841,3058.812,1.5962179519462243,1.89105229539079,84.40897990165642
B0007,306,3.5095064920492853,2.1621122251410005,4.201522880341636,0.26651020354295685,2.0394106552006352,-1.8977934870545983,-1.9940601969636647,0.0018530612527821342,0.4164923578079049,32.68851871366292,23.982069185971252,41.0672419235651,4.12963931213872,3058.578,1.5958065114633972,1.89105229539079,84.38722267771132
B0007,310,3.505203266169396,2.0092802451741245,4.201386492450036,0.27780037236330035,2.192106247275911,-1.9036436467205253,-1.9937194932286224,0.004041019442751478,0.40372631842414586,32.747733642524246,24.051439279589804,41.40590880756584,4.151667084862949,3049.328,1.5906507821480704,1.89105229539079,84.11458456358338
B0007,313,3.5281182345919753,2.144268362237989,4.2333254357000865,0.27416305799250557,2.0890570734620977,-1.936992342648715,-1.9937139334305616,0.0010773421833417186,0.31958358926764696,32.50500516961017,23.850620264439623,41.01558674901627,3.999264397606396,3177.219,1.6888211161855506,1.89105229539079,89.3058917673428
B0007,316,3.519590928396835,2.0962813773920193,4.203917718634026,0.27054736304342386,2.1076363412420065,-1.9233409193548265,-1.9940123642001173,0.00016193231789911412,0.35732712227323765,32.91993878980996,24.43569034018692,41.31851435911838,3.9779476648867633,3082.937,1.6259938279733204,1.89105229539079,85.98354640622486
B0007,320,3.5146260368096875,2.0376560852489356,4.202046403451837,0.27485823359870815,2.164390318202902,-1.916884219356136,-1.9933319825535087,0.0025807635004239486,0.37299749235952684,32.948305858317944,24.481210786362457,41.4002950560853,4.0004148447474615,3074.266,1.6157433862812898,1.89105229539079,85.44149679093846
B0007,324,3.5115494818370454,2.050265845971926,4.201592874087554,0.2738568804220646,2.1513270281156283,-1.910472150518363,-1.9934516762680057,0.00030225152811291756,0.38840976951005973,32.76906651915661,24.228447169823482,41.2508092329952,4.043926015268153,3066.0,1.6056626764846538,1.89105229539079,84.90842270191371
B0007,328,3.510769869032659,2.1421639870693685,4.201214370586727,0.26772380868625756,2.0590503835173584,-1.904277326283454,-1.9942033375334116,-0.0006093698061376766,0.40296100009297364,32.59734424608833,24.003142454503458,40.95362783962595,4.061553116289224,3056.437,1.5949746921524348,1.89105229539079,84.34323556466374
B0007,332,3.50804494279531,2.093098662464846,4.201660608337926,0.2714351723858833,2.10856194587308,-1.904002494100001,-1.9942540792901025,0.0005774339704760785,0.40347471459758105,32.52349894408369,23.879196296054904,40.989022190981714,4.1006818446076005,3048.219,1.5904102438871945,1.89105229539079,84.10186475348281
B0007,336,3.507748080950393,2.109503853325003,4.201750207865124,0.27050869918323595,2.092246354540121,-1.9036546380501311,-1.9999801485407718,0.001450116371467092,0.40435867681465476,32.578228834731775,23.935993772910926,41.02622774121347,4.111733496864432,3039.218,1.5853517062988178,1.89105229539079,83.83436619721833
B0007,340,3.5066673521067266,2.1295447836320704,4.201226117420626,0.2692433210994772,2.071681333788556,-1.8977146678452774,-1.995744295058308,0.00030953117886836455,0.41774616488674415,32.62728298499839,23.980765847990668,41.01371342582121,4.116933403314129,3039.047,1.5799737147242376,1.89105229539079,83.5499747191144
B0007,344,3.5061843921745397,2.138556110583413,4.201796973837129,0.2691227468747876,2.063240863253716,-1.8973347377958825,-1.995283636272928,0.0007088973292597752,0.41823604974731454,32.652115712561326,23.999220368885872,41.04923314430273,4.118310158305885,3030.375,1.5752185465278068,1.89105229539079,83.29851852152426
B0007,348,3.5051004339266254,2.1437793669909317,4.201200470517945,0.26893892592128943,2.057421103527013,-1.8970045774163773,-1.9943198333456515,0.0016972268277341874,0.4188464005659871,32.64767456395258,23.973654052530293,41.05277512550887,4.135322062548897,3021.0,1.569798484648868,1.89105229539079,83.01190234003897
B0007,352,3.5054479186890566,2.199196544880164,4.201289094579205,0.26547378393904136,2.002092549699041,-1.8909127399289274,-1.9968908750212224,0.005071881446587334,0.4318752742370957,32.6993879231031,24.01135599553165,41.02092182377061,4.1434355534635925,3021.75,1.5702565375950357,1.89105229539079,83.0361244595057
B0007,356,3.500074246846,2.0252901014990434,4.201033482375415,0.2780974884933766,2.1757433808763715,-1.8968789299198896,-1.9939195524210047,-9.090347803085198e-05,0.4193757586765284,32.724576765133094,24.011740056772418,41.34840278359994,4.183372291476193,3012.265,1.565249873909438,1.89105229539079,82.77136902689281
B0007,360,3.5011647157526498,2.0874226328484515,4.201482697501314,0.2734435466054509,2.1140600646528624,-1.8964710309338209,-1.9941986616958334,0.0010516290130581486,0.41987506069301295,32.70434030242972,23.99347983811607,41.23753665797544,4.172822950886433,3002.641,1.559633933561147,1.89105229539079,82.4743946723507
B0007,364,3.500407285435189,2.0863200514042264,4.196165946742788,0.2727539732933852,2.1098458953385615,-1.8967768141795405,-1.9932029763532655,0.0024946169574364503,0.41968280080139775,32.74051962267582,24.069019867711653,41.21700308433066,4.141460947088176,3012.0,1.5649820533392105,1.89105229539079,82.75720651161599
B0007,367,3.507816455272743,2.0588247910323827,4.205246397279064,0.2757283357353109,2.146421606246681,-1.9031485600103595,-1.9969727693616797,0.00028709959940812835,0.4052945132199409,33.38712825139849,24.773284683784794,41.89753189273277,4.106168727289112,3020.11,1.57497949984227,1.89105229539079,83.28587758683834
B0007,371,3.5025243992110107,2.007722684403967,4.201509838937999,0.27939830506505453,2.1937871545340317,-1.9028574663381217,-2.0040394709724123,0.0011258644840676153,0.40660201692694903,33.270627344923426,24.60432088403771,41.90270996402953,4.15734860812137,3002.172000000006,1.5652811168780458,1.89105229539079,82.77302117414882
B0007,375,3.505155823274424,2.190682586389996,4.201909525379603,0.26716096018418656,2.0112269389896067,-1.8963219640753084,-2.0003771874564404,0.001227537594917131,0.42073904575858384,33.115074143665915,24.423639542020226,41.48233804274523,4.145666540073196,2992.703,1.559755497470126,1.89105229539079,82.48082304608076
B0007,379,3.4983646475135717,2.008435320437976,4.199865517000471,0.2800179112567817,2.1914301965624947,-1.908430732943726,-2.0052937156241972,0.0010402847333103626,0.3948750790494943,32.90572814040102,24.19968791502018,41.641162265997195,4.18531988772862,2964.468,1.549897685670499,1.89105229539079,81.95953593923268
B0007,383,3.500140843862167,2.1646360641399958,4.2008597336564515,0.26887813430357094,2.0362236695164557,-1.889754408573026,-1.9945472659822978,0.00034126514562278867,0.4344167924236918,32.953112654161664,24.11639369687997,41.433877603827945,4.228928723876436,2983.375,1.5438771531345021,1.89105229539079,81.64116650277282
B0007,387,3.49909547013937,2.0647427536919833,4.20162098338246,0.2760027250501692,2.1368782296904767,-1.8959167588975119,-1.9938553434941435,-0.000648355297209732,0.4220196727922293,33.2282109237263,24.459092848668906,41.8543569979417,4.2233786094138015,2975.297,1.5450187488690073,1.89105229539079,81.70153478223752
B0007,391,3.5010357611640615,2.170172617792397,4.201149059944848,0.26906391858600187,2.0309764421524514,-1.889387844169526,-1.9945388143156637,0.002722359158197647,0.4354171727207348,33.361342590516294,24.609806274773607,41.78271326384125,4.200820925974331,2974.9850000000006,1.5445940154102908,1.89105229539079,81.6790746176111
B0007,395,3.497212315865497,2.120750718982474,4.200810741834928,0.2725395525815381,2.080060022852454,-1.8889185963670394,-2.0003871362753527,0.0017320639758289188,0.4358379461976045,33.12431679486816,24.334930769941984,41.62744766181303,4.219242537204774,2966.25,1.5343086721758876,1.89105229539079,81.13517938745419
B0007,399,3.496089957852059,2.13627215665258,4.200373974181371,0.271483182584801,2.064101817528791,-1.8885071150010755,-1.996471333028226,0.0004949274212671783,0.4362675159871197,32.991553593266204,24.140776797393674,41.552128441464966,4.259597344555285,2956.359,1.5287603942958483,1.89105229539079,80.84178306554588
B0007,403,3.495877119417779,2.0938572364769055,4.201791474587699,0.27453166041980637,2.1079342381107935,-1.8888180820733198,-1.9936433250812406,0.0010239776284218605,0.4365325722003185,33.2318318845246,24.391660570898495,41.839167194182565,4.262261181975609,2956.344,1.5289260249179843,1.89105229539079,80.85054171397351
B0007,407,3.493116071455022,1.9959465760122976,4.20067023466464,0.2817618222544089,2.204723658652343,-1.8887930414931369,-1.9952567240378403,0.0018837863099458731,0.43658181390188044,33.5098123920945,24.672067025619615,42.23998716092915,4.274457633860022,2956.406,1.529091650133123,1.89105229539079,80.85930007647583
B0007,411,3.492655946458748,2.0305769860653866,4.20021831736756,0.279043030854902,2.1696413313021736,-1.888168080257056,-2.001090966399853,-0.00013231082391631182,0.43714861287355133,33.382402850667845,24.56852628281145,42.040902384977116,4.268524433351918,2947.266,1.5239059324661248,1.89105229539079,80.5850761600015
B0007,415,3.49208824531703,2.0758803797636745,4.200674971032527,0.2761335994927761,2.124794591268852,-1.887904907597145,-1.9951199234830206,0.0011947086906479835,0.43794829478988856,33.17829959346276,24.34305560390618,41.803429062834496,4.274613938139993,2937.984,1.5186675419100615,1.89105229539079,80.30806686899294
B0007,419,3.490216477408044,2.0793549048242492,4.200371214024706,0.2758276886812699,2.121016309200457,-1.8877303662432205,-1.995116853206629,0.001065313064968555,0.4384469835295734,33.01591345323486,24.0993140682898,41.6886924602386,4.313576443869671,2929.125,1.5136482266426952,1.89105229539079,80.04264241301145
B0007,423,3.4905931958620466,2.0585109366080414,4.200965645223048,0.277468540309286,2.142454708615007,-1.8878077163294114,-1.9949523118907793,0.0004787085189064806,0.438505597682676,33.271000362987586,24.36377918362768,41.988171601182124,4.3242665867829135,2928.454,1.5136050185229033,1.89105229539079,80.04035754125528
B0007,427,3.4911419366203664,2.0253107306977376,4.201492773602507,0.2798972380490623,2.17618204290477,-1.887674933393443,-1.994323430810411,0.0014011551714919052,0.4384231819570503,33.61966967517867,24.74466282559706,42.33252236723314,4.305718262524468,2929.375,1.5139470614867965,1.89105229539079,80.05844498202711
B0007,431,3.49283645226053,2.0069579017420067,4.192768207316796,0.280648377364394,2.185810305574789,-1.901022727285377,-1.9935581248677674,0.0001912373509952447,0.41018924523222833,33.29697162630193,24.95875411585554,41.63553796804361,4.0496455069214905,2946.031,1.5339599193158786,1.89105229539079,81.1167371232789
B0007,433,3.5025157522808223,2.19792648712031,4.204602036514753,0.26895843585075985,2.0066755493944433,-1.8951144121477894,-2.002748484975491,0.003005896380260811,0.42332838857169847,33.393130865360554,24.95211336056763,41.470498076928735,4.027667151212495,2955.438,1.5391372798653098,1.89105229539079,81.39051911027366
B0007,437,3.492953565598811,2.0299415196572554,4.200995491738166,0.2795996279931968,2.171053972080911,-1.8941478117057606,-1.9944619397860412,0.001322240211430216,0.42451541923358677,33.13820710362847,24.59206034022774,41.54038193238441,4.122985103685159,2937.625,1.5236247972838737,1.89105229539079,80.57020955991136
B0007,441,3.4917462636517236,2.1171503915767786,4.201036137691208,0.27350870981613745,2.0838857461144293,-1.8875042014728922,-1.993640903324712,0.001962038617783373,0.4382617517151343,32.84069778843796,24.21295183077047,41.13947017697289,4.157487508293686,2929.078,1.5135813035589147,1.89105229539079,80.03910347947992
B0007,445,3.490432264232956,2.1309899052747716,4.200762329918291,0.2729068935891816,2.0697724246435194,-1.8871434043422721,-1.994011319738722,0.0007664599576748683,0.43906275735498046,32.75739655594484,24.083470327760516,41.09041922644824,4.183156275222846,2918.375,1.5077850749847914,1.89105229539079,79.7325953734772
B0007,449,3.488861416967918,2.1294318317485654,4.201013677167557,0.2728699120961805,2.071581845418992,-1.8807630082774924,-1.9944414808648834,0.0012256774265900067,0.45190204705088705,32.77234087259374,24.06336388722212,41.10034021580957,4.202981030070509,2919.812,1.5031960676037333,1.89105229539079,79.48992586125676
B0007,453,3.4891932104785104,2.164511453629433,4.200439147859412,0.27114343726176793,2.035927694229979,-1.886419275237733,-1.9927344450972762,0.002815913681284574,0.44033851342651237,32.720417557744895,24.014672446811392,41.03075447325996,4.201910479264187,2900.422,1.4978220596995881,1.89105229539079,79.20574504207775
B0007,457,3.4878785713375917,2.1743012710834013,4.200264786461796,0.27036963128436114,2.0259635153783946,-1.8800039366336023,-1.9942563048805741,0.0022981628295229055,0.45328208839432876,32.710022803073514,23.987947203431663,40.99688397371006,4.212517381521927,2901.375,1.492848534633516,1.89105229539079,78.94274199989883
B0007,461,3.486430546073901,2.1928976284966537,4.200151660684939,0.2689857507962565,2.007254032188285,-1.8733366537372407,-1.9933001058929758,0.0016961980319279539,0.465528036840312,32.62076759783716,23.86413247301575,40.88481342461614,4.2318435663728,2901.187,1.492414389867026,1.89105229539079,78.91978415957107
B0007,465,3.4812572775226682,2.0298495899147295,4.200453152662228,0.2805884049743061,2.1706035627474987,-1.879702248133121,-1.994355063355133,0.00036095829228417655,0.45377105836715836,32.57651826255201,23.796556329674626,41.09400879501426,4.2680046087936,2891.64,1.487482776538081,1.89105229539079,78.65899743564148
B0007,469,3.4823550791204023,2.0959492247836815,4.200291122451955,0.2757345575864043,2.1043418976682737,-1.8790751470067306,-1.9927610429233324,0.00019610973754523192,0.45452900446391487,32.58396494906228,23.788802856443375,41.01377835587309,4.266172820747234,2882.906,1.482535148640411,1.89105229539079,78.39736385153971
B0007,473,3.4835074286280525,2.177723491219515,4.199877643371451,0.2702230568822358,2.022154152151936,-1.8728728303565048,-1.9944391195904978,0.001518080994059945,0.46708909531252873,32.623742674615976,23.82871891762843,40.90635248178393,4.259765769333201,2883.265,1.4827874322228984,1.89105229539079,78.41070476141842
B0007,477,3.478976541530706,2.056251340337525,4.200436806124781,0.2785599820113761,2.144185465787256,-1.8726786421400121,-1.994379463643991,0.0005279711713773091,0.4668330320827534,32.58599202496769,23.743478109305848,41.06596192416311,4.30066202858035,2882.969,1.476971179775059,1.89105229539079,78.10313778074762
B0007,481,3.483501191305966,2.1512510632923165,4.193077426787744,0.2710187642003124,2.041826363495428,-1.872734820116884,-1.992644974954703,0.002404244703822979,0.4662180398477774,32.864544723781215,24.457169523678328,40.84520330629611,4.080941387761504,2891.656,1.4819015554137276,1.89105229539079,78.36385905485969
B0007,483,3.4899701994096612,2.1693699073642034,4.203372086437543,0.27165150373790076,2.03400217907334,-1.8800362373714223,-1.9933389783603288,0.0008283088613030969,0.453311253523682,33.079651096902374,24.575871874910508,41.12807910254104,4.10422717641776,2901.25,1.4981366198874824,1.89105229539079,79.2223791768746
B0007,485,3.484801138956006,2.116759239247948,4.202065190134895,0.2744248030587602,2.0853059508869465,-1.8730214281226414,-1.9933817364068822,0.0030675311032014436,0.46638797880400595,32.932141650182686,24.328512035193278,41.094988453128494,4.167224495126409,2891.703,1.4820775214392872,1.89105229539079,78.37316424573085
B0007,489,3.47835437960934,2.009424225590032,4.200086642861885,0.28185158475661226,2.190662417271853,-1.8725486136074456,-1.9932411647857315,0.0030467354150696246,0.4670460159468524,32.755748003791545,24.080433038145774,41.11877573165318,4.224926755149784,2883.016,1.4771155312812152,1.89105229539079,78.11077117652985
B0007,493,3.475694933923807,2.0034792344341588,4.199758658258613,0.2821225408880852,2.1962794238244543,-1.8724613181992062,-1.995591810750265,0.002195963691779368,0.46760190562357584,32.52965474617847,23.77234297368613,40.980034990626955,4.271493224906279,2873.453,1.4720772783056488,1.89105229539079,77.84434528297595
B0007,497,3.481431873453954,2.172988732474185,4.199843161074874,0.27031845545040223,2.026854428600689,-1.8659419458758726,-1.9935321227601952,0.0019190547671286233,0.4798199080245358,32.848065199041,24.130003633195166,41.017509953482886,4.229905234799717,2874.031,1.472248013656454,1.89105229539079,77.85337387257239
B0007,501,3.4796060336232353,2.087464676179042,4.200352076636086,0.2760443341294343,2.1128874004570437,-1.865786095147701,-1.9930538887372675,0.0021311239778481466,0.4796371624062805,33.072327061961936,24.398489581288885,41.299420742573055,4.223536418835768,2874.234,1.4670106672274665,1.89105229539079,77.57641979564112
B0007,505,3.4782258967329596,2.110564313669325,4.200169604165679,0.27467455818201325,2.0896052904963542,-1.8654605849037513,-1.996737767854495,0.0025488236883237985,0.4803629887383534,32.85096451719535,24.15787591865575,41.105738037939375,4.2315095942649,2864.984,1.4617672495335379,1.89105229539079,77.2991446665128
B0007,509,3.4743233868367187,2.0724687293779813,4.199911577879335,0.2773685437531875,2.1274428485013535,-1.865134613881632,-1.9940890874950365,0.0015365248744252662,0.48115670765904056,32.572302329954546,23.833084099928946,40.87704013237699,4.272118524208809,2855.093,1.4566952670489708,1.89105229539079,77.03093513592873
B0007,513,3.4737305453330443,2.1253826973270513,4.199564012073342,0.27350409030007017,2.0741813147462906,-1.858515986418667,-1.9932272893446619,0.001152214891556579,0.4926088565466325,32.450684441760906,23.613836363374315,40.730219862268235,4.307107583090939,2855.625,1.451354972758956,1.89105229539079,76.74853711324945
B0007,517,3.47481272321405,2.1147331324879475,4.199951033620322,0.27411896588082374,2.0852179011323746,-1.8588972649148483,-1.9966895581151058,0.003091812567802781,0.49288536462136934,32.7394359440147,23.88537512458738,41.03226257370644,4.314471991597492,2855.594,1.451615926257375,1.89105229539079,76.76233649357621
B0007,521,3.476096426841386,2.1738445330859366,4.19995987158867,0.2707101067699333,2.0261153385027337,-1.8581969672334215,-1.9930274022141452,0.002962840512688362,0.49363110012121336,32.775898242252914,24.02342893757079,40.89527781087817,4.253460060290458,2847.437,1.4468161332173683,1.89105229539079,76.50852050701118
B0007,525,3.4686822529487804,1.9947266977360072,4.200414702164272,0.2832693778438166,2.2056880044282647,-1.8581200056254086,-1.9935942445664658,0.0006568763083351514,0.4934164587081907,32.5817324044051,23.75894434400727,41.02491521192672,4.322639954618495,2847.36,1.4467570607768785,1.89105229539079,76.50539672029024
B0007,529,3.4661964701943586,2.0033802121225017,4.199552965128597,0.2821947324675514,2.1961727530060955,-1.8577209868352302,-1.9943703142615519,0.0026276137551773395,0.4943028089733894,32.35021153014993,23.458006651239486,40.815968345794715,4.367565785231717,2837.328,1.4413797481446793,1.89105229539079,76.22104114507394
B0007,533,3.468183423895935,2.116470909151213,4.199706970400125,0.27403294432013725,2.0832360612489116,-1.8512458354075154,-1.9938361784378094,0.002131550219558885,0.5055252635242714,32.28754240914786,23.312450683066256,40.65138669632271,4.387918298052043,2837.281,1.4362456252208178,1.89105229539079,75.94954559011889
B0007,537,3.4678606629897453,2.051877342511651,4.199300346769649,0.27831710554100686,2.1474230042579974,-1.8514531972432,-1.9942060517882434,0.0003083819002708808,0.5055032219238349,32.603239183227075,23.67192071435474,40.965385542419945,4.3654701294274805,2838.515,1.4368154153924828,1.89105229539079,75.9796764422933
B0007,541,3.4662499547181245,2.003221375307111,4.200086391757318,0.28238524242891305,2.196865016450207,-1.8574211435317929,-1.993515247147098,0.0028170347777114165,0.49499694759507895,32.61208344144242,23.703251528067923,41.11319128215138,4.37997105530099,2828.328,1.4362945145860047,1.89105229539079,75.95213088960034
B0007,545,3.462469269360201,1.9865974995249178,4.189989265375979,0.28188198416963234,2.2033917658510607,-1.857823928669184,-1.99378580594933,0.0021921104214289405,0.4943078671975977,32.26742656599958,23.32719332912165,40.78738321989129,4.383264304717054,2838.265,1.4418575315878015,1.89105229539079,76.24630662526647
B0007,548,3.480518309485383,2.1908121182442706,4.202670619155847,0.270428573348554,2.0118585009115764,-1.8658259561850365,-1.9962132509416517,0.0023628760398125477,0.4805485663838978,32.637733704417855,23.97791363088396,40.73001188190229,4.214467261135465,2864.547,1.4672063484781797,1.89105229539079,77.58676753965592
B0007,552,3.4723137993738336,2.033261415031626,4.199186500777735,0.2802109931464832,2.165925085746109,-1.8647784241320742,-1.993458887321793,0.0012510749735953092,0.4816733351722642,32.665258715232376,23.91927093515108,40.990354594470126,4.283289390084547,2846.39,1.4518640367848885,1.89105229539079,76.77545672975997
B0007,556,3.474362108592906,2.19135439601875,4.199638763972608,0.2695426070546689,2.0082843679538582,-1.8578958465335809,-1.9936626344417874,0.0026139024713906912,0.4944188415321409,32.502652632323915,23.750323116940578,40.62521315513875,4.270076308909606,2837.969,1.4471379752748499,1.89105229539079,76.52553971151791
B0007,560,3.4722823212388754,2.1840705012733683,4.200028390360542,0.2699344065566691,2.0159578890871734,-1.8511947629213035,-1.9935668796843673,0.0027107013781295553,0.5056082033558461,32.446842086875606,23.628172831563695,40.58944296824891,4.299125865852939,2838.156,1.441790586562399,1.89105229539079,76.24276653144855
B0007,564,3.4701761898320465,2.1664368343684446,4.199347098159206,0.2710858021641952,2.032910263790761,-1.8509042611451945,-1.9934697961407999,0.0007252787010097335,0.5063097294204744,32.39361892904713,23.53981212995311,40.584393586876246,4.325115898670607,2829.843,1.431630947911111,1.89105229539079,75.70551863639822
B0007,568,3.4635011119445216,1.987193667465448,4.199148920577739,0.2832898045943784,2.211955253112291,-1.850858274670624,-1.9934414275491175,-0.00017952143405607933,0.5063070156205356,32.417221778010834,23.49802323358846,40.884444140401214,4.3883223279882495,2829.625,1.4318084249673686,1.89105229539079,75.71490373149528
B0007,572,3.467453100453348,2.1314172797434523,4.199648027535327,0.2734041808329979,2.0682307477918744,-1.8504182940365097,-1.9940355259074865,0.0012810100184850572,0.5071972807923033,32.40094040453025,23.52742809133315,40.65159637790841,4.3463556783787,2819.437,1.4262562585106868,1.89105229539079,75.42130177927987
B0007,576,3.4675864728547845,2.188995882590831,4.1991931757384515,0.2695141803952856,2.0101972931476206,-1.8436892876926974,-1.9937717858912956,0.000535666450658973,0.5181427821072656,32.36314241861482,23.458033825865048,40.53138082339522,4.351714431704272,2819.579,1.4260877528924913,1.89105229539079,75.41239109930522
B0007,580,3.462182535852444,2.0322464946417114,4.199053572226856,0.2801600866578969,2.166807077585145,-1.8498733070449755,-1.9938797141417293,0.0026041426376996195,0.507894137527647,32.382600705235255,23.438813900162128,40.821433488540606,4.4093849536368666,2810.672,1.4212633510031694,1.89105229539079,75.157273781763
B0007,584,3.465962999117946,2.1695130053947387,4.199879744716988,0.2708827931569411,2.030366739322249,-1.8432877207292044,-1.9940053249383378,0.0009364024885806814,0.5188324984812375,32.4323818014572,23.504429518319206,40.643362943412974,4.376928450134194,2811.485,1.4163272748795108,1.89105229539079,74.89625106252409
B0007,588,3.4601727514874407,1.9917978280585305,4.1986801794397035,0.28320564015052707,2.2068823513811733,-1.8494580225090995,-1.9936134940183787,0.0012154494508675095,0.5087585272156274,32.48861829940489,23.538505739106153,40.97063567014205,4.415256194230411,2802.422,1.4165781829175994,1.89105229539079,74.90951923277514
B0007,592,3.464226115253961,2.1534486462617073,4.199235005181635,0.2718094069576828,2.045786358919928,-1.8426221358637018,-1.9932783787552537,0.0024889122249394918,0.5198946086774101,32.524062377970175,23.59680665310433,40.74888323397497,4.383646752360037,2801.625,1.4108401729425177,1.89105229539079,74.60608976183626
B0007,596,3.458799193390812,2.0101572712330453,4.198950996279868,0.28154248712251484,2.188793725046823,-1.8427098003104345,-1.9936687629475545,0.0026875024090308453,0.5196065660798354,32.482615965621896,23.507102422227057,40.93461596721165,4.428070620096844,2802.031,1.4109949628347804,1.89105229539079,74.61427514584918
B0007,600,3.4620805499710854,2.132718741006573,4.199393701075195,0.27338203683256124,2.066674960068622,-1.842239518040086,-1.9932378340066106,0.0009947078732730503,0.5205366588751019,32.46389583182878,23.49103023425758,40.74175890345818,4.408949817284241,2793.39,1.4061714290398801,1.89105229539079,74.35920373366997
B0007,604,3.4578782949034514,2.0114763339798887,4.198994975977764,0.2814693412732219,2.1875186419978756,-1.842252843487983,-1.9929534332525367,0.0027780084228780505,0.5205423339703974,32.55681404542561,23.555518771498985,41.00964443691023,4.442695390898806,2793.39,1.4063358479692922,1.89105229539079,74.36789830704656
B0007,608,3.461590937144894,2.1610456063312298,4.198421699164089,0.2711287554522599,2.0373760928328593,-1.8356063485512333,-1.9975549047179482,0.0017032344350931606,0.5311150305328971,32.576296430484255,23.595817643467868,40.80558697887537,4.412579006003441,2792.485,1.4004552399066514,1.89105229539079,74.05692816217145
B0007,612,3.462906230864041,2.0143553387267827,4.188887274283021,0.28163618896619136,2.1745319355562387,-1.8561013515700384,-1.9933150584565904,0.0005141412894631021,0.49740511520485786,32.81804879809979,24.482611948371623,40.92586026351328,4.125296278923238,2802.016,1.4217865046055154,1.89105229539079,75.18493846367691
B0007,614,3.4753580425264796,2.1732119934933296,4.2050716026539625,0.27473843821115856,2.031859609160633,-1.8574370794605966,-2.0060375207298797,0.001683361634121328,0.49591138171784854,32.92941193334214,24.737923198971707,40.57390100608222,3.9194235342978154,2820.39,1.4324552720625434,1.89105229539079,75.74910940083355
B0018,3,3.5275462263272543,2.4721608434600437,4.188195942647034,0.2356155544529411,1.71603509918699,-1.9541761960216968,-2.012995081928318,0.001459080605681204,0.32755521190017756,31.773285281389256,23.8195202516044,38.10180309676608,3.3892433008816,3434.891,1.8550045207910817,1.8550045207910817,100.0
B0018,7,3.534835576186522,2.4114381994148304,4.186703558364525,0.23789656784178786,1.7752653589496945,-1.9474374301153292,-2.012643873951446,0.0031077708566253433,0.34474912073135366,31.924891594728642,24.314787074430125,38.14987995994155,3.2752302224155914,3425.485,1.8431955317089987,1.8550045207910817,99.3633983664338
B0018,11,3.538246596159443,2.394395968141027,4.188811210133346,0.23728971261206758,1.7944152419923185,-1.9520511323479741,-2.0118244627327857,0.0021731033544040283,0.33092880126857177,31.31691283374216,23.74169210144422,37.5266914843442,3.2627553263141578,3410.375,1.8396018424355423,1.8550045207910817,99.16966895859797
B0018,15,3.537697945111872,2.3999481734774424,4.188875360300162,0.23668744588744997,1.7889271868227192,-1.9460914562122762,-2.0135271229076634,0.0019898436251189404,0.3479124254783602,30.821190751176527,23.227856809949373,37.06279237079503,3.286261154647626,3404.719,1.8306736044962053,1.8550045207910817,98.68836350412234
B0018,18,3.542667604586918,2.3851461229395867,4.189908817357781,0.2394353252581165,1.8047626944181947,-1.9412796601390512,-2.014479287336525,0.001791496299138119,0.3634908467567985,31.95346971511436,24.414641711593454,38.2110354381278,3.299128199072179,3417.641,1.8327002069419656,1.8550045207910817,98.79761404357093
B0018,20,3.5451037330477333,2.3716770708389117,4.190509582057232,0.24110752752449982,1.8188325112183206,-1.9400338819083036,-2.01246830059768,0.002663054224170818,0.36496332223544575,32.02311236185272,24.695286535085184,38.17496505957075,3.208976723644848,3411.766,1.8285288846046388,1.8550045207910817,98.57274546289774
B0018,22,3.5475142438631493,2.4964491577040793,4.1903241054041,0.2318511800008401,1.6938749477000208,-1.9335667184847714,-2.0129654127777004,0.0024302706501015303,0.3808832811419138,31.634533158077694,24.31366014142129,37.64038685475582,3.1972191610410667,3399.516,1.8212011895697924,1.8550045207910817,98.17772243450524
B0018,24,3.544812433691423,2.4374506721131883,4.190302498850287,0.2359561532347725,1.752851826737099,-1.9332161326561408,-2.0253396376938984,0.007315177847634387,0.3824771942488669,31.288194921595714,23.917267950078497,37.37602884738843,3.2292773880953023,3388.75,1.8151700106433282,1.8550045207910817,97.85259228744275
B0018,27,3.5434780274164095,2.4152206992194847,4.188517549229078,0.23682620647693875,1.7732968500095936,-1.9325959489970461,-2.0164107237206794,0.0013308719123062843,0.3841188149850458,31.11122470608501,23.654641102277676,37.28928029078695,3.2781775320054463,3380.406,1.8042980520967649,1.8550045207910817,97.26650430627024
B0018,30,3.543133206790044,2.377432309524995,4.191794143442699,0.2397794991641069,1.8143618339177041,-1.9387520938161948,-2.0137948590788683,0.0019160597964111145,0.36905252794524707,31.13166983979621,23.598003231352457,37.52377766578506,3.332242371690498,3404.141,1.8231002302844226,1.8550045207910817,98.28009634752517
B0018,32,3.545155146280937,2.3887487262583647,4.190699409462101,0.2394912052033424,1.8019506832037364,-1.9319248326301843,-2.0130992718348324,0.0028767662739353694,0.38518004774627046,31.51305775907457,24.126322531318674,37.72420412562674,3.2605514489475476,3396.141,1.8121253520255494,1.8550045207910817,97.68846014740458
B0018,34,3.545032366549762,2.432289857016922,4.1902633112754275,0.23636543687105385,1.7579734542585057,-1.9249594896453863,-2.012646457499825,0.002628201879030579,0.4008923507156673,31.31102568785445,24.009919830527505,37.41366095304306,3.221069707400618,3384.094,1.8046916382117766,1.8550045207910817,97.28772183488542
B0018,36,3.5440892170496827,2.497495633221204,4.18970538556629,0.23152309725169407,1.6922097523450859,-1.9179528942264992,-2.011939908405691,0.003204989680715983,0.41604798160412765,30.893964711700164,23.551364638150325,36.94724908852665,3.2329854477192024,3370.656,1.790844349786295,1.8550045207910817,96.54123910288773
B0018,39,3.541317108618481,2.478768686108376,4.188354430914051,0.23215997251902853,1.7095857448056746,-1.917373033348097,-2.013704827395307,0.0038464738146169104,0.41771515683186444,30.540598970902945,23.09050168217513,36.707091312059944,3.289215654112624,3357.797,1.783470722841926,1.8550045207910817,96.14373996680884
B0018,42,3.541197979542517,2.3858494078680206,4.193543208571066,0.23984848741538095,1.8076938007030456,-1.9180652422275581,-2.0130040542547274,0.001982013280312633,0.41851037792194934,30.82566018736547,23.303464882146475,37.13061214416645,3.353002685245749,3363.015,1.7809386125310702,1.8550045207910817,96.00723839592447
B0018,44,3.541255460524434,2.372854084449551,4.190238041929225,0.24107515468634144,1.8173839574796742,-1.9106033469326071,-2.0147841532663255,0.0020341106534608818,0.4333538762209249,31.451400678644536,24.000119916961825,37.686600065941576,3.325243999668731,3357.734,1.771209039672698,1.8550045207910817,95.4827343988009
B0018,46,3.5427478949705886,2.4086912736769084,4.19075698083662,0.23851613291467513,1.782065707159712,-1.909404549449075,-2.0129355983090056,0.0030576354902658847,0.4345292193646614,31.518847747922937,24.22294874000798,37.633580732302406,3.2500563963932576,3344.187,1.7686303996707076,1.8550045207910817,95.34372449488482
B0018,48,3.541251093602656,2.496331992137246,4.189715378549557,0.23208831014050751,1.6933833864123105,-1.8960567702455413,-2.0117266911103093,0.005725980789228198,0.4608372568983002,31.11237289077096,23.79566158754756,37.15252578645951,3.2602557029885486,3339.969,1.7536304801917124,1.8550045207910817,94.5351054693852
B0018,51,3.5350260562177453,2.4199896352919668,4.187635645163932,0.23636791212783306,1.7676460098719655,-1.8948411660605735,-2.012077515518729,0.003541070186068654,0.46289745724666687,30.586452588663985,23.127324953354822,36.78829001793698,3.3321205431155807,3327.641,1.7462197416415093,1.8550045207910817,94.13560571253055
B0018,54,3.5326627624319777,2.3587321881999297,4.191004692440202,0.24166851701811512,1.8322725042402719,-1.90021436299665,-2.011349710066744,0.0036253848491611656,0.4524585670439338,30.242913021104116,22.780967262070938,36.541146197392216,3.3512442282208244,3312.844,1.7376647337053737,1.8550045207910817,93.67442042482638
B0018,56,3.5333109441755526,2.4458096660548825,4.1906972904216495,0.2353392099181246,1.744887624366767,-1.8936767267608487,-2.0122749284189503,0.0031433432763886223,0.46616024714206783,30.10270376338569,22.578707611599036,36.372087786130464,3.377498800277712,3302.031,1.7315166735475835,1.8550045207910817,93.3429894181155
B0018,58,3.52738705832889,2.3808537751929744,4.185877977731026,0.23900387966523803,1.805024202538052,-1.8739718829459886,-2.012448687975656,0.002668820853540544,0.5016651228882696,30.251184852221932,22.714077867822585,36.52608510498833,3.396238619784166,3305.547,1.7085949894470602,1.8550045207910817,92.10732212762565
B0018,60,3.5296025965720452,2.436955746154759,4.188109147549676,0.23587487275103497,1.7511534013949173,-1.8791764961687347,-2.012334644346066,0.0029159205825874746,0.4927171230526787,30.212407704391104,22.65890518865621,36.476252762052624,3.4037650864430775,3289.562,1.711469957068211,1.8550045207910817,92.26230652733616
B0018,63,3.5289707694229833,2.4671365731790713,4.188302415854336,0.23400423826258288,1.7211658426752647,-1.8780560689384003,-2.0122688936966697,0.0037528750707342844,0.4939304971807474,30.125011009636175,22.508167425430855,36.377208902376694,3.4207160165279014,3283.797,1.7075021373272627,1.8550045207910817,92.04840841029782
B0018,66,3.5322741848919814,2.4129371999368505,4.18962510592865,0.23858471665050535,1.7766879059917997,-1.8993718818269214,-2.0125131739991478,0.0019453368756264665,0.45598750208160416,30.22428629982563,22.614491386507936,36.64000948247426,3.4339337984234866,3325.235,1.7492382064360228,1.8550045207910817,94.29832579006579
B0018,68,3.532438322521663,2.3497771039810256,4.190150750158746,0.2435419818393612,1.8403736461777203,-1.8926958551018211,-2.0129844574191207,0.0029083838216241334,0.4697948293651852,30.976376254737342,23.427272668893146,37.38165499248184,3.4306235725098313,3317.547,1.7327697147429955,1.8550045207910817,93.4105386440806
B0018,70,3.5363211310943603,2.4904700018477026,4.189151018945234,0.2339338166813496,1.698681017097531,-1.8783667048362822,-2.013596799411644,0.0037961984514900287,0.4950470415463233,31.41570291330098,23.95851287847354,37.59824760372582,3.366151084565415,3311.766,1.7222313328292376,1.8550045207910817,92.84243318688938
B0018,72,3.533535274219931,2.4650908929255406,4.189631312089484,0.2359904036028267,1.7245404191639437,-1.870834339681941,-2.0157162812456435,0.0037891536387384367,0.507764643561668,31.383299841535273,23.961434154126863,37.560555155163414,3.356965113910435,3305.218,1.711846298984729,1.8550045207910817,92.28259445182906
B0018,75,3.527012841842043,2.363133281953362,4.187690359657657,0.242952334807339,1.8245570777042954,-1.8696567234639716,-2.0125462740568847,0.0035498928055129487,0.5096182399964857,31.167937826253635,23.619671716582488,37.52114200586718,3.422259431092308,3295.453,1.699267835126687,1.8550045207910817,91.6045117993578
B0018,78,3.52925730014011,2.4790616361836206,4.190215357888677,0.23562596170592504,1.7111537217050565,-1.8623726014599724,-2.012800439982786,0.0016492704051233778,0.5218817031204004,30.994690437264207,23.47871848419422,37.21887096740918,3.4044019218347645,3287.0,1.6940366439243106,1.8550045207910817,91.32250757005568
B0018,80,3.527821497534469,2.491905723274248,4.189776104976122,0.2348918872075118,1.697870381701874,-1.8547843408980225,-2.0132684044986244,0.002190147303883702,0.5343935057246717,31.055317978554886,23.470322857025764,37.33441415744885,3.444324786448923,3276.922,1.6819027078768087,1.8550045207910817,90.66838862255429
B0018,82,3.525692957415014,2.4337177596826547,4.189846430994002,0.23964142570667826,1.7561286713113469,-1.8538766950740675,-2.013231862286827,0.002422460444844895,0.5360454651325246,31.373945543706103,23.769516048374253,37.7331798444306,3.481141363540428,3268.687,1.6769770618433686,1.8550045207910817,90.40285579078848
B0018,84,3.5243962482347273,2.4424506461535755,4.188109551881256,0.23906730756801445,1.7456589057276806,-1.845735037450336,-2.0132145295965795,0.002215230640040344,0.5481632922577944,31.56128410753226,24.001463155521233,37.84649344841882,3.4519301147829986,3260.594,1.6655229306478936,1.8550045207910817,89.78538391580942
B0018,87,3.520797576383474,2.4383419399858552,4.186368648390758,0.23898022240623704,1.7480267084049026,-1.8382538558498933,-2.0141222933728917,0.003993572160097532,0.5592550058413754,31.318474723902874,23.697189900442215,37.670164941661795,3.479671046869549,3258.812,1.6571924575832084,1.8550045207910817,89.33630290434469
B0018,90,3.519457281260753,2.4157245398944123,4.1901657245031085,0.2424910982322856,1.7744411846086963,-1.8435676915974055,-2.0127023314619743,0.00307811413825585,0.5514391809129776,31.104012325043946,23.490432582557037,37.53185198546868,3.502286924662153,3243.422,1.6482241555294048,1.8550045207910817,88.85283766459536
B0018,92,3.513165600287965,2.323395712524894,4.189966178473989,0.2501534875196626,1.8665704659490947,-1.83704467002657,-2.0131406541163614,0.0023451184424322356,0.5613521431263848,30.989730398009076,23.31675245518661,37.593333753421376,3.552531731625153,3236.515,1.6387701497987262,1.8550045207910817,88.34318900203323
B0018,94,3.517217159454334,2.4985039496028567,4.188259618341401,0.2360542563715132,1.689755668738544,-1.8211904293154166,-2.0140330003394356,0.004150949798063808,0.5844065284351198,30.967851972472324,23.252438684811104,37.361410110678264,3.53816546965165,3230.734,1.6276486907262062,1.8550045207910817,87.74365089051547
B0018,96,3.5120091114107965,2.350237238739749,4.1897400575765795,0.24801564173667426,1.8395028188368303,-1.8270453339799269,-2.012673084048405,0.003092327602219437,0.5765078413987346,31.285342046153826,23.493229087742925,37.899803246715464,3.613158829408131,3222.093,1.62215370227252,1.8550045207910817,87.44742581978934
B0018,99,3.50911052654104,2.3337740352348813,4.1862359225351335,0.24872755259651547,1.8524618873002523,-1.819052179250902,-2.012635202899368,0.006196969805765551,0.5872722027551459,31.41096207271253,23.64731684697707,38.03149707759718,3.593965009145032,3220.344,1.6140066510467586,1.8550045207910817,87.00823275398015
B0018,102,3.516106699716392,2.317647291087635,4.189625262426538,0.2523387804840423,1.8719779713389029,-1.8693745969498121,-2.01318368468478,0.002701103444968023,0.51064241745496,30.755137125871208,23.01653902765608,37.42220155418978,3.585252505516807,3250.75,1.6760516154424623,1.8550045207910817,90.3529666185232
B0018,104,3.519010068254593,2.492394514304757,4.186586244011676,0.23801950601597288,1.694191729706919,-1.839770443871628,-2.0121931540017886,0.0036285932240811758,0.5568545144084124,30.977446633931525,23.382703180887166,37.32511174435206,3.483997639834989,3239.344,1.649300642552199,1.8550045207910817,88.91086916860135
B0018,106,3.5124212742229295,2.372828310153791,4.189366482043888,0.24764027911477246,1.8165381718900973,-1.837963396328485,-2.012774153678253,0.007641409109865343,0.5595593689454879,30.800512192698992,23.141477779700992,37.31088262198154,3.5387349615325,3222.25,1.63238299185809,1.8550045207910817,87.99886865838727
B0018,108,3.50815215295169,2.3560703177076867,4.188553804618968,0.24868814670433595,1.832483486911281,-1.8296109578903785,-2.012946778665685,0.007676009080476515,0.5718849545545559,30.616192795676138,22.876954081867613,37.232346556887364,3.5940179207817446,3206.157,1.6164159719025777,1.8550045207910817,87.13811496336645
B0018,111,3.508648568515266,2.4644431530094417,4.188764708195774,0.24124748892293107,1.7243215551863322,-1.8210831511954937,-2.0135827897679706,0.0028721856858407295,0.5838696197039824,30.399839302766903,22.56634750757244,36.94850857727268,3.6128336064459083,3197.969,1.6109028378249377,1.8550045207910817,86.84091169427205
B0018,114,3.5051993439595477,2.4195167274486726,4.188636968174337,0.2454833870794045,1.7691202407256643,-1.8199201144788144,-2.013020303951627,0.0029491869283430608,0.585778278664795,30.38386825126278,22.549823121887282,37.002663545357386,3.638873017099413,3181.625,1.5954638693695657,1.8550045207910817,86.00862431802415
B0018,117,3.523165280193865,2.3422406504312434,4.188466199744378,0.2527663680637224,1.846225549313135,-1.8951156248467713,-2.023314533825632,0.0073633480208382,0.46384469380226484,30.576239500422748,23.125008977470344,36.71025442949399,3.311198636334725,3302.36,1.726707440085764,1.8550045207910817,93.0837321813855
B0018,119,3.527269876472835,2.3755467142668496,4.189570916346704,0.24691761491563502,1.8140242020798545,-1.8867694858233446,-2.012680983917414,0.0032934948283157364,0.4783212150453822,30.705906284556665,23.408964388688208,36.72807623650589,3.2649850728849206,3285.812,1.7165673917429753,1.8550045207910817,92.53710017973063
B0018,121,3.526762654741574,2.4146291375325917,4.189584987657955,0.24197228881643837,1.7749558501253637,-1.8786631828974334,-2.0115911942512583,0.004286680782742665,0.49324032814050023,30.62583594950684,23.270929426489833,36.72959308355185,3.3054118485896375,3260.016,1.6958235570934848,1.8550045207910817,91.4188368861919
B0018,123,3.523020179476104,2.3844645496129964,4.189371286385834,0.24328040938365159,1.8049067367728373,-1.8704748023295987,-2.01260531537844,0.004183898934495341,0.5073349121605789,30.597357068657974,23.203934391629982,36.787462351640364,3.350287383237389,3240.031,1.6777783190792557,1.8550045207910817,90.44605014567585
B0018,125,3.519792345798265,2.398646371281655,4.187606340824144,0.24184899896763243,1.7889599695424887,-1.8562833971202242,-2.0134407767806635,0.0023580257907636596,0.5317240593773815,30.528493896066262,23.12071549691479,36.75689163314213,3.3691133878538584,3232.265,1.6606586897774192,1.8550045207910817,89.5231613273491
B0018,128,3.5251014582287223,2.4557130111721626,4.188829347125095,0.23939833635840463,1.7331163359529325,-1.8625354754370638,-2.0130995106645164,0.0026733379256400546,0.5212662196305107,31.203754246103966,23.773481587876258,37.350157630970955,3.3761499104047052,3232.031,1.6664109274827466,1.8550045207910817,89.83325424846362
B0018,130,3.518519199837846,2.323665882820083,4.189202115880737,0.24895502990812382,1.865536233060654,-1.8606833274060013,-2.0125662318740924,0.003914352341410376,0.52395009380152,31.172639449335037,23.734039908264887,37.48126030855565,3.3931075584998456,3209.5149999999994,1.6468336174407805,1.8550045207910817,88.77787622525443
B0018,132,3.5190801794284594,2.488054079510012,4.186778882107656,0.2364897838479307,1.6987248025976438,-1.8383636766891702,-2.026718552407948,0.010979300984551101,0.5585249663671572,30.96825922704022,23.549534792728995,37.125443897626305,3.372510067494465,3196.125,1.6257639928779952,1.8550045207910817,87.64205017595725
B0018,134,3.5114167272902406,2.3306937114568003,4.187888599491238,0.248742640175246,1.8571948880344378,-1.8436958588115397,-2.013261835361458,0.014305956605835403,0.5507329669971996,30.821704306343133,23.30725669183149,37.19112571388883,3.461125225709339,3172.562,1.6121577411874595,1.8550045207910817,86.90856130635962
B0018,136,3.5108038681605738,2.389399831578687,4.18915752014188,0.2451594140795012,1.7997576885631927,-1.8362729789790888,-2.0186878439171223,0.0025621455991493543,0.5621879622030944,30.765219721637393,23.143976887539054,37.17642722353301,3.5039644474399885,3172.735,1.6057366823755344,1.8550045207910817,86.56241342693627
B0018,141,3.51432611790755,2.4864200723178747,4.191289655270872,0.2423708210517989,1.704869582952997,-1.864690278795044,-2.012371641203182,0.004131966284108246,0.5180525818431642,30.809988428281613,23.07707229087829,37.11936678632194,3.5173638369613456,3238.109,1.673645314879889,1.8550045207910817,90.223247227783
B0018,143,3.5196664048265607,2.4673631110639858,4.190628233635541,0.24183473310310893,1.7232651225715556,-1.8572649157581866,-2.013097827670719,0.002969131609571257,0.5299496773990815,31.039033590700278,23.56722203053731,37.2702464066457,3.4166236340276392,3191.063,1.6404348572349936,1.8550045207910817,88.43293042409496
B0018,145,3.512403849382274,2.375173080957567,4.189158279329032,0.24831044327729748,1.8139851983714648,-1.8483454421357695,-2.0125787987088013,0.00394248906687806,0.5439678410748331,31.04176453157222,23.533363397677242,37.39550861947664,3.4608039477331194,3165.828,1.6132653317422077,1.8550045207910817,86.96826954654632
B0018,147,3.5077862234460104,2.371626022111289,4.185868202467219,0.24798510872806295,1.8142421803559303,-1.839168422289249,-2.015019692764474,0.0034682912763662715,0.5579580602841322,30.959784195511766,23.381334724831305,37.378956702246384,3.5047181709345994,3140.407,1.5920964324686278,1.8550045207910817,85.82709177386076
B0018,150,3.5076596102713244,2.463955873060647,4.186906972044146,0.24176513200558977,1.7229510989834993,-1.8303326102702338,-2.020734675534358,0.004803683972892686,0.5706945055301016,30.843513277103145,23.16774870033671,37.245718322158105,3.536345990527338,3131.922,1.5866011820698824,1.8550045207910817,85.5308525821416
B0018,153,3.5074833565874615,2.475545296633258,4.189576283423886,0.24237941979502164,1.714030986790628,-1.829290599843924,-2.012930230685489,0.0015615748555885284,0.5724466902011421,30.797157400797865,23.120310509686572,37.21755583353321,3.5441345376258013,3121.109,1.5800766490336253,1.8550045207910817,85.1791265910117
B0018,155,3.5023865933440717,2.3791563087604626,4.189808713646982,0.25006126825340175,1.8106524048865191,-1.8278449003095165,-2.0135210876274656,0.0030432402930327023,0.5742593028566971,30.984434580754094,23.27342231930282,37.56150979821064,3.597021783529328,3105.265,1.5641732953289167,1.8550045207910817,84.32180503052695
B0018,157,3.503693493885047,2.4776158338943337,4.188889298039903,0.24293051873935917,1.711273464145569,-1.8188198987741453,-2.013049747683001,0.0038725843255058953,0.586841984204412,30.967899275139946,23.278670276560845,37.4174791317661,3.567101754621834,3091.25,1.555618272193922,1.8550045207910817,83.86061892347928
B0018,159,3.4989948462048113,2.4205549690097223,4.188220838257245,0.24757542528094925,1.767665869247523,-1.817194042260449,-2.01215000710487,0.0037249670985359342,0.5888596862938004,30.976616345195186,23.22385871065304,37.55101533655474,3.612043072703485,3076.703,1.5402045278637397,1.8550045207910817,83.02969133503282
B0018,162,3.495405576723954,2.415388497112405,4.186454063976498,0.24806656368733818,1.771065566864093,-1.8157980815469454,-2.0124985987201267,0.0037645779343444034,0.5908996546649903,30.89768961926806,23.027207477057086,37.59895044072871,3.6899668834506327,3062.328,1.5321613015959863,1.8550045207910817,82.59609528835993
B0018,165,3.494528300232307,2.3974205597873093,4.1895672733133145,0.25131607085775737,1.7921467135260052,-1.822108117298183,-2.013303363874512,0.0032327560058023484,0.5821582195156936,30.81568822237933,23.026059458250696,37.489239782169804,3.6600445083242987,3050.563,1.5316232403693415,1.8550045207910817,82.56708936300427
B0018,167,3.4962554827793926,2.497752653580319,4.1892977641056035,0.24403995501441178,1.6915451105252846,-1.8129628028687814,-2.0127782408337165,0.0041669753720565235,0.5952783563830066,30.726188079151118,22.903021044448273,37.37911114363861,3.6681577159350525,3034.672,1.5222595950771978,1.8550045207910817,82.06231187124104
B0018,169,3.48769646191346,2.3726090777895896,4.186793087812023,0.25261083356899555,1.8141840100224336,-1.8044876731207795,-2.011894643612056,0.004069757272822615,0.6065337513252166,30.76818712651005,22.833484092130533,37.559604168615785,3.7358773030403323,3031.25,1.5065267126851283,1.8550045207910817,81.21418011653458
B0018,171,3.486547580844067,2.36844257542991,4.188594535127793,0.25421974568816713,1.820151959697883,-1.809986175960184,-2.0125266173463885,0.0038292070941918738,0.5993292137989468,30.775415173787835,22.85810521586403,37.61805450748922,3.740419157450185,3011.343,1.5014219556532926,1.8550045207910817,80.93899172887186
B0018,174,3.482298183882304,2.331968556073514,4.186295492358637,0.2567453685120387,1.8543269362851227,-1.8090400456598725,-2.0121939690963395,0.0033564516364867365,0.6003399044077647,30.761821976538275,22.739418289546798,37.71101994346608,3.807327476212808,3003.0,1.4963534117486457,1.8550045207910817,80.66575552659644
B0018,177,3.491819481711868,2.4057755306304176,4.187384370589753,0.2523757254841878,1.7816088399593357,-1.8273691233501441,-2.0205100517708847,0.010952486582947282,0.5753946456070788,30.913721930762733,23.009880638439665,37.767989299214086,3.7586786821951486,3045.187,1.5334262000312422,1.8550045207910817,82.6642837170715
B0018,179,3.493995853241935,2.4720838848798987,4.188929264481706,0.24787661625868782,1.716845379601807,-1.8180385592622932,-2.0131819742858483,0.0022373072205481145,0.5884044857138683,31.228215653165606,23.372100245576046,37.91919394450186,3.7153442937299124,3028.469,1.523845267514426,1.8550045207910817,82.14779265683784
B0018,181,3.484377015629623,2.342731326096539,4.1852697593324315,0.2563184923366143,1.8425384332358927,-1.8085351614741645,-2.013496073486494,0.004404973809935046,0.6017111392190142,31.261679783387308,23.432194318140894,37.99328509003338,3.6786940845474763,3012.937,1.5011920994261239,1.8550045207910817,80.92660058779416
B0018,183,3.4859116793558376,2.4198650452188226,4.18799771486628,0.25178046921877606,1.7681326696474575,-1.8068041184926535,-2.0122733205325782,0.001780177000886265,0.6035048613646924,31.18408593575448,23.292599343405758,37.984838024989045,3.7439712156426856,2998.875,1.492417671450291,1.8550045207910817,80.45358675534857
B0018,185,3.4842787539766786,2.438879997223475,4.187899339921793,0.2508652563260822,1.7490193426983178,-1.8050190987020625,-2.013027320256293,0.003198488331731842,0.6056880584788689,31.001432353085377,23.099397757771566,37.8288851383529,3.772248758982031,2983.547,1.483323851940123,1.8550045207910817,79.9633550923934
B0018,188,3.482988652120672,2.430465824271706,4.1882916128809375,0.2527666120037829,1.7578257886092317,-1.8118563821702207,-2.012954260463709,0.0033492168235809095,0.5969033315535529,30.981374033120872,23.03846743756316,37.844837975501,3.7894093030372655,2966.86,1.4807376792294196,1.8550045207910817,79.82393911352555
B0018,190,3.483799876979844,2.4907267597860656,4.187409532380725,0.24802832713581485,1.6966827725946594,-1.8021525551783737,-2.012741175686338,0.003924536033092068,0.6102519084386244,31.088687926688607,23.110947703655086,37.8984610468502,3.7929642716009595,2954.797,1.4735077809902477,1.8550045207910817,79.4341881367415
B0018,192,3.4787540756450497,2.3678328028644775,4.188656943531829,0.25814755065726835,1.820824140667351,-1.8092953592546854,-2.013377348559974,0.002327705686226338,0.6003267799218304,31.336420133762665,23.4240998983518,38.27784043980244,3.803271010666152,2945.735,1.46801928526661,1.8550045207910817,79.1383130775639
B0018,194,3.4752194351784507,2.3532703553328904,4.188198669984733,0.2587418006364251,1.834928314651843,-1.8000309691416814,-2.013211476410487,0.0035939400914024445,0.6124490248454585,31.22599987103565,23.211014993257855,38.24434303919528,3.8504748781567057,2941.375,1.4580923557119019,1.8550045207910817,78.60316993136419
B0018,197,3.470739535801023,2.362897904778893,4.184528192003684,0.25772371294595886,1.8216302872247914,-1.7981302589297092,-2.0142936610392694,0.004826343280178228,0.6145766343541279,31.037323488688802,22.93446707088835,38.06956259266949,3.887767420027259,2923.953,1.4478660988891399,1.8550045207910817,78.05189058362433
B0018,200,3.474600910003521,2.420200016704328,4.1927676322495895,0.2561984574820731,1.7725676155452614,-1.8058248446047425,-2.013245286480298,0.0030147593152949946,0.6046864853168988,30.811349225731828,22.715597927537367,37.81744565252647,3.8873838582496485,2921.031,1.4527808777541982,1.8550045207910817,78.31683758563824
B0018,202,3.4740521567700093,2.472605886588914,4.187873640279204,0.2512971706951936,1.7152677536902896,-1.795955865281378,-2.0138967840468363,0.00188911652035422,0.6181698739348518,30.932223179746046,22.816866662883296,37.902567770354786,3.8978488164370293,2902.75,1.4425356364492432,1.8550045207910817,77.76453481817188
B0018,204,3.475075728648004,2.483165462226557,4.1880559282136725,0.2509904827066951,1.7048904659871154,-1.7951057003644757,-2.0132739002306224,0.0014032197731020648,0.618933989993131,31.215527070380897,23.144424017860068,38.16628336469349,3.8865976358564236,2897.875,1.4392712877203313,1.8550045207910817,77.58855957432074
B0018,206,3.472424307596416,2.4341986830086237,4.188063095530185,0.25484104285559894,1.7538644125215614,-1.7940097981352856,-2.0131642650090824,0.0030231667836495995,0.6205845867664036,31.400797084337558,23.36546101646915,38.36789486715962,3.8751971722133556,2892.094,1.4286475681888218,1.8550045207910817,77.01585371768061
B0018,209,3.471751102262539,2.497859027600416,4.185913481526783,0.24949789396086638,1.6880544539263673,-1.7841592631620102,-2.012453716602352,0.0024527231990189072,0.6322457302959145,31.259213269721236,23.10859423301546,38.19823604401131,3.9086071853484206,2886.921,1.4249026750004896,1.8550045207910817,76.81397317526904
B0018,212,3.4745407296058963,2.3747408457948316,4.187259539606346,0.25954019804112044,1.8125186938115148,-1.8136320536623207,-2.013506755621097,0.0031177160092426474,0.5946002285557522,31.134701292957466,23.10528361267006,38.099982807571635,3.860822526667847,2942.531,1.4698115324524124,1.8550045207910817,79.23492994106556
B0018,214,3.471720060423485,2.3589340839760866,4.187670932765983,0.260516253498242,1.8287368487898967,-1.8109604460875317,-2.014872086495032,0.002504583669096718,0.5979305613457744,31.246879695988095,23.26167836334653,38.214523782841354,3.8457459444261883,2912.469,1.4525819651050202,1.8550045207910817,78.30611455790711
B0018,216,3.471398409828823,2.4413266342198545,4.187836103953847,0.2544263229056697,1.7465094697339927,-1.800802328247715,-2.0126300040805116,0.0016023425232613384,0.6114932928667776,31.027558674438325,23.027044613835702,37.939696536164234,3.856206251259731,2895.594,1.442834198908794,1.8550045207910817,77.78062979024362
B0018,218,3.4626491088970703,2.311419659807122,4.18719517574786,0.26385932209588037,1.8757755159407377,-1.798647877727257,-2.012054810012164,0.0024115620742285447,0.6138855024551874,30.931917385258963,22.789023525262486,38.06666733482501,3.9414476470124526,2884.406,1.428376058807949,1.8550045207910817,77.0012171290454
B0018,220,3.466072725920186,2.4953159238201255,4.183339938829854,0.24944379745426662,1.6880240150097285,-1.7804067367547436,-2.011816454093025,0.003922239513771784,0.6370599693980358,30.667082236656018,22.47935333131366,37.63260475617888,3.93067479455812,2873.766,1.4154547844370715,1.8550045207910817,76.30465417051595
B0018,223,3.4730670533412877,2.4398479869382084,4.192209704853633,0.256998603773989,1.752361717915425,-1.8167125180994765,-2.0147251295387147,0.003202237339106182,0.5905432240305882,31.226789107710772,23.14563143539215,38.18223603956323,3.894243733720098,2893.375,1.454576670077708,1.8550045207910817,78.41364556121901
B0018,225,3.4668548162926327,2.376538319699514,4.1866224559264715,0.25940577128111114,1.8100841362269575,-1.7981268087177564,-2.01362953818943,0.0022908479361973973,0.615175869824526,31.387733116648285,23.299987417730907,38.3907466519188,3.9188316151382807,2884.9839999999967,1.4283179548274056,1.8550045207910817,76.99808484662279
B0018,227,3.46527367520258,2.3722299202290382,4.186945959000922,0.26004857673152804,1.8147160387718837,-1.7964439222994821,-2.0143431411678145,0.002742773505057746,0.6175723216535413,31.505666838292886,23.43938495660897,38.51622654624205,3.914095366589241,2870.234,1.4197026883204058,1.8550045207910817,76.53365112635747
B0018,229,3.4638878223448684,2.361475505115684,4.1874400308161395,0.2614012721012322,1.8259645257004555,-1.795371462470329,-2.013805013275104,0.002494763805785208,0.6185854999461717,31.5462258449116,23.52414825084503,38.56612180540248,3.8983467287559384,2864.11,1.4155606630306516,1.8550045207910817,76.31036189749955
B0018,232,3.457807923440064,2.317937855025735,4.1845980039811215,0.2637843275246904,1.8666601489553867,-1.7937175263130196,-2.0140103653857673,0.003657732380165694,0.621305543593045,31.389977882297476,23.166973356692417,38.5606541602861,3.9985715147003824,2846.64,1.405680035419228,1.8550045207910817,75.77771480684933
B0018,235,3.459813554486507,2.3372859753156225,4.186742025132256,0.26401849793435667,1.8494560498166335,-1.8014517734888207,-2.01313706710909,0.0021603358076119307,0.6106925334860716,31.385433749863733,23.275962802186438,38.53842073636507,3.9657190589451488,2839.532,1.4084461071166137,1.8550045207910817,75.92682882066349
B0018,237,3.458027727779737,2.3528810264952194,4.1871520936423146,0.26240215486440727,1.8342710671470952,-1.7915215753378781,-2.0146560328783325,0.003971959499767635,0.6236313916998142,31.423707199142058,23.24250038456045,38.548873480234754,3.983738947024171,2832.703,1.3968547782872414,1.8550045207910817,75.30196086484692
B0018,239,3.4613996718507845,2.4646122144537173,4.187096292904282,0.25436348272958975,1.7224840784505644,-1.7816941240706174,-2.013905602750019,0.003500477982654989,0.6362211262767111,31.435368910968148,23.25643130784119,38.45838357496903,3.9674658136262253,2827.077999999994,1.3935670371440676,1.8550045207910817,75.12472457747809
B0018,241,3.4611285476693214,2.4684655225527004,4.187367312766795,0.25451400427608056,1.7189017902140944,-1.7797379985412234,-2.0129862192992305,0.0019150019110163161,0.6387591462974623,31.542375291159843,23.40948042071164,38.54382874673793,3.9642465111259853,2821.531,1.3893644292809475,1.8550045207910817,74.89816944965945
B0018,244,3.455556822823358,2.4092923539400735,4.18534593452204,0.2589834605607093,1.7760535805819666,-1.7856528650965158,-2.0130373888261315,0.0035633455174765133,0.6312222058682411,31.52669677306915,23.25216185853628,38.650883957434026,4.030635450508156,2805.156,1.3785651415666713,1.8550045207910817,74.31599902402239
B0018,247,3.459598362944341,2.477625480372779,4.186646524222555,0.2543532391096489,1.7090210438497757,-1.7784070647657095,-2.012440412153309,0.0025270257598763997,0.6396665691444494,31.435921914290372,23.267794615238977,38.45654834997334,3.9799942134001074,2814.906,1.384901110085747,1.8550045207910817,74.65755983684312
B0018,249,3.4506569891269216,2.335608852853518,4.184730834033599,0.263423300497629,1.8491219811800805,-1.7778412667349817,-2.014185743260078,0.0023090961991655713,0.6413506214395214,31.475238112886494,23.181832500776718,38.6564130442344,4.050740963804575,2801.156,1.3703251814242443,1.8550045207910817,73.87179740348331
B0018,251,3.455515243082573,2.441999086782534,4.187175976285891,0.2569366308625665,1.745176889503357,-1.7764462760420034,-2.014463667770562,0.002745502446135923,0.6426186512846561,31.5817445550721,23.347201662807525,38.655587491253975,4.0183573093301135,2794.187,1.3733464385229082,1.8550045207910817,74.03466800917732
B0018,253,3.455840338587253,2.4651687831472158,4.186108406696249,0.25545113736601277,1.7209396235490333,-1.7752748972563315,-2.0133489214151132,0.003537652556034693,0.6439585053065756,31.647958536134297,23.433341482891272,38.6997087046862,4.016418469674935,2785.391,1.3679487285504814,1.8550045207910817,73.7436870486498
B0018,256,3.448678293668265,2.370892032033162,4.183460397462309,0.2612930004988529,1.8125683654291467,-1.7742013268724648,-2.013428528654807,0.00777136119727041,0.6451719450259635,31.662032275252905,23.298067848672567,38.87481687744787,4.0939130100114145,2779.5,1.3567141087089647,1.8550045207910817,73.13804864100184
B0018,259,3.474503178644755,2.461879783248223,4.187091541628412,0.2556944497754274,1.7252117583801891,-1.8196650877007408,-2.01277944734302,0.0026017060660145164,0.586549765279328,30.434500875864142,22.45542569835154,37.363974526077364,3.8534942001727446,2899.234,1.4604310209194575,1.8550045207910817,78.72924322020762
B0018,261,3.474031881945217,2.4247066368907255,4.18736921126964,0.25755756066824986,1.7626625743789148,-1.8096836854216038,-2.0200047420918392,0.009113413153803115,0.6002875701859975,31.017997058077018,23.061560846748243,37.88258787662229,3.841559669354344,2894.922,1.4500998937104097,1.8550045207910817,78.17231049614925
B0018,263,3.474404210386772,2.4447222974031386,4.187597633155394,0.2554759257484419,1.7428753357522555,-1.7993287687468955,-2.0133646895300226,0.0037645837135773905,0.6132733366274968,31.39483761465523,23.475330204930167,38.158980736604235,3.8004854675567885,2888.25,1.4381406901824496,1.8550045207910817,77.52761106852412
B0018,265,3.471767043833224,2.443569395327192,4.187608979498198,0.2569035121433625,1.7440395841710061,-1.7959419603883284,-2.0145941601021073,0.004329207944597547,0.6173426525372289,31.24511885640641,23.342810660410986,38.05243159675446,3.824354254118013,2873.906,1.4283681980964316,1.8550045207910817,77.00079337204485
B0018,267,3.4685305272975935,2.4666000274194886,4.186194120124063,0.25388594966506284,1.7195940927045745,-1.7956017209600372,-2.0124706482591095,0.00414847549756057,0.618300999238423,31.05306925187263,23.05129068270268,37.89096376444466,3.8617083945398245,2847.406,1.4147874517552432,1.8550045207910817,76.26867945054364
B0018,270,3.4651213646662598,2.4272514813701016,4.186991375693876,0.25859194493549637,1.7597398943237743,-1.7929541659933774,-2.0131822133527364,0.004724226515961871,0.6216320056247608,30.88589263299331,22.881894923564886,37.81203585126145,3.8954477323182317,2849.281,1.413889163393182,1.8550045207910817,76.22025431993113
B0018,272,3.4652879859475885,2.4762628371779,4.185443351643291,0.25283242586660987,1.7091805144653907,-1.784474211719448,-2.0130225462243683,0.0013113732243447548,0.6323087479107589,31.053992379018933,22.925649519285958,37.9591954678784,3.931967860502407,2833.688,1.3989331662177225,1.8550045207910817,75.41400306782735
B0018,274,3.461799526154992,2.3607989727330003,4.186308413669027,0.26236963956853215,1.825509440936027,-1.793581043096934,-2.0189079388265974,0.0025506726829285183,0.6220040809868876,31.492840068071885,23.438805891313166,38.521043498835155,3.9472345294231523,2826.453,1.3953322584033976,1.8550045207910817,75.21988452127043
B0018,276,3.463260140320492,2.377011586588198,4.187179397572641,0.2613577584434526,1.810167810984443,-1.7920645354970144,-2.012765928007659,0.007811398672227585,0.6233712946026018,31.93832684630049,23.89396136161553,38.878687997701746,3.9215405106927648,2818.312,1.390046129540245,1.8550045207910817,74.93491870022228
B0018,279,3.462839429201602,2.4567563196678455,4.1854460754417,0.25503797910208703,1.7286897557738543,-1.7809541104468565,-2.0130424938927276,0.0028245095443000727,0.6363041167015956,31.74562722135923,23.638036923350842,38.65118899876309,3.9322760275289097,2812.7189999999973,1.3860271454209647,1.8550045207910817,74.7182624023947
B0018,282,3.4569152237960306,2.3277314025979847,4.193052368415502,0.26697340100884936,1.8653209658175176,-1.7989851707207014,-2.012206599766764,0.002422871753456174,0.6136015374226743,31.31018499405759,23.131840707705734,38.434235278537344,3.991914149737072,2803.5,1.388215260193751,1.8550045207910817,74.83621978461461
B0018,284,3.4574690175816127,2.4537913827403948,4.186241953638429,0.2568228137679184,1.7324505708980347,-1.7873231599598716,-2.012141821898546,0.003192129137073553,0.6283660366326043,31.127360345471814,23.032251614508017,38.103875724329995,3.9586881060793737,2783.25,1.3761826562394497,1.8550045207910817,74.18756347033406
B0018,286,3.4502191781217797,2.3475608877759067,4.186011006323472,0.2643003813390103,1.8384501185475655,-1.7861666392556754,-2.01231372073967,0.003924964064534741,0.6300010907202901,30.985550813719595,22.829010081336715,38.12742842632319,4.0221548276103825,2776.391,1.3647168898640165,1.8550045207910817,73.56946436346267
B0018,288,3.4486728051793962,2.3558347560196564,4.18675624032869,0.26393140331671344,1.8309214843090338,-1.7849995504167615,-2.0131811880616888,0.002101974331477834,0.630878906976592,30.899653280757406,22.67782621456358,38.03962943213698,4.045052346052421,2766.516,1.3589854739373584,1.8550045207910817,73.2604939074654
B0018,291,3.444632719716698,2.3791102362944754,4.1831553230638425,0.26169754461682443,1.8040450867693671,-1.778331020505836,-2.0132734649228214,0.002880850510536099,0.639379848746925,30.706123644966482,22.35025648802666,37.85657903247749,4.086965241473662,2751.516,1.3462308764008801,1.8550045207910817,72.57291620112974
B0018,294,3.467272639213176,2.444740635238248,4.191989955143364,0.2590954604625469,1.7472493199051158,-1.809775952165901,-2.013950042532596,0.0031832258024873626,0.5998929255667806,30.47122187456595,22.367517988223096,37.43017193410286,3.9229679264032944,2848.859,1.4268427818454643,1.8550045207910817,76.91856089045949
B0018,296,3.464490491162134,2.431867772331712,4.185628679672912,0.25720031438600915,1.7537609073412002,-1.7896694300229208,-2.012375320433943,0.0020467170443975663,0.6259143571313354,30.939221783021114,22.904023394656047,37.8264149292754,3.901367821909319,2840.016,1.4064481483279663,1.8550045207910817,75.81912240991063
B0018,298,3.459667012281024,2.344037291947413,4.186834478731371,0.2645119375542321,1.842797186783958,-1.7970097248124899,-2.0124205467796688,0.0033289159470451285,0.616291401136465,31.111640631561894,23.11186259982214,38.08307173716899,3.9050165905225134,2817.375,1.3934907492075153,1.8550045207910817,75.12061203027417
B0018,300,3.462241956955771,2.456436863057259,4.186613091061155,0.2559372101503028,1.7301762280038964,-1.7861513769566684,-2.0131578787415245,0.003253304712230313,0.6297547238438339,31.037910219908994,23.04417103672731,37.88279649093536,3.891840650133118,2809.234,1.3882493512249316,1.8550045207910817,74.83805757157408
B0018,302,3.4555661695067355,2.395547668334432,4.183907160253637,0.2596982368038693,1.7883594919192047,-1.784162084841115,-2.0123169807019234,0.004023509653083662,0.6324689086646982,30.967950840538833,22.83426471365,37.96027066990377,3.9665391332141313,2791.187,1.3701878338420928,1.8550045207910817,73.86439323920165
B0018,305,3.458696199585801,2.4536749172979215,4.18533882899107,0.2567368169580032,1.7316639116931487,-1.7845257009241222,-2.0152254170182307,0.0030324690133305163,0.632625610318277,30.93996203578424,22.83589303178486,37.880513353762176,3.955686030516635,2794.016,1.3796951665608619,1.8550045207910817,74.3769166650052
B0018,307,3.4525282614097663,2.3062728144586413,4.185280284017658,0.2674956170053475,1.8790074695590167,-1.7920667435100546,-2.01421415925087,0.011629893425885716,0.623598617743903,31.295019295352862,23.179921311075763,38.43416278222213,4.011703374555781,2774.719,1.3686586323935683,1.8550045207910817,73.78195670433692
B0018,309,3.4552290080443044,2.3471092023857154,4.186281579801858,0.2641142102955423,1.8391723774161428,-1.782779873271704,-2.0128415184323125,0.001790405186493135,0.635139666997203,31.81846533166901,23.715085051859607,38.847489737859576,3.980924402691639,2777.844,1.3627371779096438,1.8550045207910817,73.46274160714678
B0018,311,3.4619744219744675,2.4884289104730986,4.185356132672309,0.2539173569253529,1.6969272221992107,-1.7725212915953121,-2.014392678620289,0.004782655629114369,0.6472460682723474,32.00067162597675,24.038521624132176,38.80283421497622,3.8851848597317638,2781.125,1.3634051133928073,1.8550045207910817,73.49874882306875
B0018,314,3.452221905520614,2.3992178234155577,4.181406543107895,0.2592424399841937,1.782188719692337,-1.769870119236631,-2.012835608795986,0.004238943215349039,0.6498776113343834,31.73992229230571,23.56288829160871,38.72699121838442,3.998454935719956,2760.906,1.3518646035305233,1.8550045207910817,72.87662042753458
B0018,317,3.447650049442191,2.2786338886500292,4.185252405343103,0.2701822921841344,1.906618516693074,-1.7884847819526568,-2.011864019911752,0.003419727085108473,0.6271065213681674,31.52613649688221,23.401477050368772,38.67191958148309,4.01073484507329,2753.25,1.3547969729652622,1.8550045207910817,73.03469925709389
B0018,319,3.447928507599004,2.3655846763383734,4.185763363191996,0.2633941942740437,1.8201786868536227,-1.77774044867741,-2.0128686821286053,0.003082458417792545,0.6406746344246685,31.27624493654335,23.123582937943876,38.371813640118894,4.0288319974474485,2742.843,1.341051440640485,1.8550045207910817,72.29370201580872
