battery_id,cycle,voltage_mean,voltage_min,voltage_max,voltage_std,voltage_range,current_mean,current_min,current_max,current_std,temperature_mean,temperature_min,temperature_max,temperature_std,discharge_duration,capacity_Ah,initial_capacity_Ah,SOH_percent,SOH_change,capacity_change,SOH_degradation_rate,capacity_degradation_rate,cycle_progress
B0005,2,3.52982866886934,2.612467347907089,4.191491807505295,0.2359570706808563,1.5790244595982057,-1.8187019641679727,-2.0180146876333027,0.0007285852728454,0.593546181674474,32.572328114029,24.325993424022467,38.98218133148803,3.4869204762216834,3690.234,1.8564874208181572,1.8564874208181572,100.0,0.0,0.0,0.0,0.0,0
B0005,4,3.5373201277859714,2.587208728940726,4.189773213846608,0.2347649292859221,1.6025644849058818,-1.817559850661287,-2.016820542901454,0.0029274033590803,0.5951796218062511,32.72523522519307,24.685948163596,39.03339796678704,3.426734226466466,3672.344,1.846327249719927,1.8564874208181572,99.45272071416714,-0.5472792858328575,-0.010160171098230197,-0.2736396429164287,-0.005080085549115099,1
B0005,6,3.5437367282719,2.65191689384378,4.188186735991303,0.2275254354967308,1.536269842147524,-1.816486541884096,-2.016573862170142,0.001483676365228,0.5964980204475099,32.64286193755933,24.7342661639544,38.81879668981741,3.379475042762775,3651.641,1.835349194223408,1.8564874208181572,98.86138595081704,-0.5913347633501047,-0.01097805549651909,-0.29566738167505235,-0.005489027748259545,2
B0005,8,3.5436661072601456,2.592947964776547,4.188461118855572,0.2327443172418253,1.5955131540790246,-1.8255891938692528,-2.0159359571668354,0.0015470119527235,0.5834624841611844,32.51487646204882,24.65224374129252,38.7623045063458,3.3865437316993527,3631.563,1.8352625275821128,1.8564874208181572,98.85671763794171,-0.004668312875324432,-8.666664129508561e-05,-0.002334156437662216,-4.3333320647542806e-05,3
B0005,10,3.5423432526672167,2.547419651124539,4.188298524761055,0.2366885716567803,1.640878873636516,-1.8261139590277584,-2.017425579158831,0.0017014548245034,0.5834685498827803,32.38234901543077,24.518700434435164,38.66539257343368,3.3958806914600226,3629.172,1.8346455082120416,1.8564874208181572,98.82348178817772,-0.033235849763997294,-0.0006170193700711923,-0.016617924881998647,-0.00030850968503559617,4
B0005,12,3.541334734634757,2.5209480504077413,4.188815807948604,0.2393162599829323,1.6678677575408627,-1.8168108743168805,-2.0162347618032066,0.0024899497555445,0.5967015706365189,32.43418218230641,24.51442664842638,38.75169504640032,3.4173255675455376,3652.281,1.8356616600675493,1.8564874208181572,98.87821697485944,0.05473518668172517,0.0010161518555076299,0.027367593340862584,0.0005080759277538149,5
B0005,14,3.541025049507521,2.487927319492314,4.18839163793879,0.2425153341196382,1.700464318446476,-1.816791144707133,-2.01583310669507,0.0023142958827398,0.5964919190059063,32.480416444757985,24.575581239008407,38.8207012322275,3.419542558294876,3650.828,1.8351461429226603,1.8564874208181572,98.85044855913476,-0.027768415724679585,-0.0005155171448889551,-0.013884207862339792,-0.00025775857244447753,6
B0005,16,3.554133296801584,2.665204904745877,4.188927891511958,0.2273125109616539,1.5237229867660806,-1.844341212075406,-2.0166395518034546,0.0022276160569156,0.5573831672048897,32.41046186109587,24.71132429046902,38.51713023385634,3.3516161723228617,3572.453,1.8257567905665535,1.8564874208181572,98.34468955151549,-0.5057590076192753,-0.009389352356106828,-0.25287950380963764,-0.004694676178053414,7
B0005,18,3.5529355991467955,2.603858472633368,4.189029250882121,0.2324538495076242,1.5851707782487536,-1.853972745505648,-2.018357230695621,0.0054010283210214,0.5424840616663397,32.3461408313,24.628487294051176,38.526267904657,3.3724043396197616,3550.594,1.8247738529891333,1.8564874208181572,98.29174345738105,-0.05294609413444107,-0.0009829375774201843,-0.026473047067220534,-0.0004914687887100921,8
B0005,20,3.5512057319377,2.552853984885676,4.189223427076418,0.2367287014754214,1.636369442190742,-1.853589933851096,-2.016071837814984,0.0030191479674457,0.5423346882876612,32.27679750791685,24.561560340089137,38.52698128472781,3.384318782535614,3551.25,1.824613268496936,1.8564874208181572,98.2830935473199,-0.0086499100611519,-0.00016058449219724658,-0.00432495503057595,-8.029224609862329e-05,9
B0005,22,3.549292319740949,2.472448301852732,4.188916055911241,0.2430973444996006,1.7164677540585092,-1.863380178294828,-2.0160713863396573,0.0026264001899385,0.5267409991401001,32.15709350345252,24.43128509546442,38.54143406601644,3.4192563180601603,3530.25,1.8246195526864504,1.8564874208181572,98.28343204622075,0.000338498900859463,6.284189514316196e-06,0.0001692494504297315,3.142094757158098e-06,10
B0005,25,3.559759220648976,2.64956413267546,4.189876247266316,0.2288618517595794,1.5403121145908556,-1.872968810287894,-2.016851865845563,0.0023645237017673,0.5116979707844124,32.36407129853099,24.74037188089418,38.52197451768004,3.3635991447660745,3491.016,1.814201935767392,1.8564874208181572,97.7222853989428,-0.5611466472779512,-0.010417616919058403,-0.18704888242598372,-0.003472538973019468,11
B0005,27,3.558081969139198,2.5724981777366227,4.189286794768804,0.2346077577627525,1.616788617032181,-1.8826095043160835,-2.016393908986775,0.001858378552761,0.4942824152307196,32.3181954403762,24.733107699311518,38.582485834057856,3.373928317672441,3470.281,1.8137521577549052,1.8564874208181572,97.69805803238792,-0.024227366554882224,-0.00044977801248680116,-0.012113683277441112,-0.00022488900624340058,12
B0005,29,3.555692244172496,2.5249886697730286,4.188837765892728,0.237911318298918,1.6638490961196997,-1.882536787636365,-2.0158117255163046,0.0022664654273509,0.4942870357372934,32.15709029211502,24.44798340505406,38.52029413487392,3.426023279669047,3470.0,1.8134404914735824,1.8564874208181572,97.68127007692816,-0.01678795545976186,-0.0003116662813227311,-0.00839397772988093,-0.00015583314066136555,13
B0005,31,3.562746818017503,2.694621861688723,4.189110301768517,0.2239260869020738,1.494488440079794,-1.8817935155260213,-2.0193509920362724,0.0013199464372558,0.4954145192703598,32.04407000314609,24.46309712112356,38.21358592965045,3.360458061989185,3450.297,1.8025980036306504,1.8564874208181572,97.09723768751648,-0.584032389411675,-0.01084248784293207,-0.2920161947058375,-0.005421243921466035,14
B0005,33,3.5614521756489204,2.64010141737067,4.18921207304098,0.2279697917277214,1.5491106556703098,-1.8921861285036712,-2.0164420273602586,0.0030782527761262,0.4770160473926998,31.93159367491153,24.32051139249706,38.1983618706913,3.385244667118977,3429.407,1.80210690024615,1.8564874208181572,97.07078432300706,-0.026453364509421817,-0.0004911033845003132,-0.013226682254710909,-0.0002455516922501566,15
B0005,35,3.5603420474985823,2.573903509838096,4.188899969428112,0.2329760049856253,1.614996459590016,-1.9027629207037409,-2.016465255161054,0.00090184864654,0.4571130109358775,31.941655359029298,24.357321702352365,38.31926916027133,3.4008083552683144,3409.484,1.802579500826209,1.8564874208181572,97.09624103091468,0.025456707907622445,0.00047260058005904604,0.012728353953811222,0.00023630029002952302,16
B0005,37,3.5591189041401865,2.4942396831720126,4.188779799856791,0.2387364387680622,1.6945401166847782,-1.913347060582244,-2.0181069603406625,-0.0004481239748701,0.4358942318853322,31.965008645476725,24.382419922756025,38.4787542519308,3.414795247499799,3390.422,1.8030683142834096,1.8564874208181572,97.12257104811376,0.02633001719907213,0.000488813457200532,0.013165008599536066,0.000244406728600266,17
B0005,39,3.557886771846508,2.4556793246645583,4.189272591516219,0.2414503141215667,1.7335932668516607,-1.9131602105481536,-2.0170254305215485,0.0023375587090041,0.4361904658639456,31.966241678512723,24.355030419469987,38.54659017774874,3.433369080629228,3390.281,1.802777624719604,1.8564874208181572,97.1069130069902,-0.015658041123558064,-0.00029068956380573496,-0.007829020561779032,-0.00014534478190286748,18
B0005,42,3.5520375235511907,2.632142800798914,4.187614060563439,0.2341656307122479,1.5554712597645248,-1.8553455745575973,-2.01684718332263,0.0059551658046401,0.5400579358950733,32.37143341978575,24.54942444728521,38.44749852224995,3.358265608227543,3591.734,1.8470259949329195,1.8564874208181572,99.49035873989015,2.3834457328999576,0.044248370213315624,0.7944819109666525,0.014749456737771874,19
B0005,46,3.5525668436897124,2.5027764692056795,4.187628781108399,0.2441722414090925,1.684852311902719,-1.8746995273150973,-2.016190951623346,0.0016182635202416,0.5078881766945342,32.70024990461686,24.917503693363493,38.992275791716615,3.4144547200965945,3552.297,1.847417311283644,1.8564874208181572,99.5114370594272,0.021078319537039647,0.0003913163507245354,0.005269579884259912,9.782908768113385e-05,20
B0005,50,3.556794038327039,2.617507742871704,4.187447226312926,0.2331197356739463,1.5699394834412224,-1.873827212788385,-2.016760348146938,0.0025192157843694,0.5090210348494151,32.32266411829938,24.56596639952811,38.51424197364312,3.395181230789341,3531.578,1.8361774213478947,1.8564874208181572,98.90599854098058,-0.6054385184466184,-0.011239889935749314,-0.1513596296116546,-0.0028099724839373286,21
B0005,54,3.5614100044534203,2.694074478000972,4.187344026387161,0.2248463314404929,1.493269548386189,-1.883193546754683,-2.0160230713598764,0.0037933120349866,0.493049411096651,31.98795810666763,24.21658146702539,38.165816144899125,3.404274898198559,3492.907,1.825780747577624,1.8564874208181572,98.34597999985364,-0.5600185411269365,-0.010396673770270759,-0.14000463528173412,-0.0025991684425676898,22
B0005,58,3.556610794781798,2.6237674644021887,4.187438187636325,0.2306744963518295,1.5636707232341367,-1.873239184822504,-2.01719076462715,0.0034388887386759,0.51045002675325,31.894456524691385,24.05499065781757,38.16526203587147,3.436465900023053,3511.594,1.8251136435078368,1.8564874208181572,98.31004632950896,-0.03593367034467576,-0.0006671040697872055,-0.00898341758616894,-0.00016677601744680137,23
B0005,62,3.5586742170266272,2.5010798299873738,4.18774138117799,0.2384585859277787,1.686661551190617,-1.9139593751505897,-2.016114862565665,0.0012614422239159,0.4336815885962881,31.78039681801023,24.024851602995685,38.27549578575718,3.444949444530768,3431.9370000000054,1.825581504220376,1.8564874208181572,98.33524772367372,0.02520139416475331,0.00046786071253923645,0.0063003485411883275,0.00011696517813480911,24
B0005,66,3.564103182686905,2.68499881852498,4.188261122540052,0.223712897106684,1.503262304015072,-1.9030532722310995,-2.016863630474281,0.0031353992245556,0.4560917837399327,31.688747146342205,23.93622764909489,37.98216079918311,3.4231952488727075,3431.125,1.814031127508391,1.8564874208181572,97.71308478400267,-0.6221629396710426,-0.01155037671198511,-0.15554073491776066,-0.0028875941779962777,25
B0005,70,3.559588063594272,2.547109116468133,4.187338767288234,0.2339906050623352,1.640229650820101,-1.9134590742247917,-2.024643671910137,0.0011043615738374,0.434873129767018,31.596747992569156,23.811534187517506,38.11100191887773,3.461139819499428,3412.406,1.8147691941158937,1.8564874208181572,97.75284086310276,0.03975607910008705,0.000738066607502752,0.009939019775021762,0.000184516651875688,26
B0005,74,3.556833231052199,2.471314764334132,4.187560306288175,0.2394720241414124,1.7162455419540428,-1.913620909902553,-2.017291134571006,-3.060676830687782e-05,0.43491395027052,31.56558649878708,23.754765330883423,38.18831137948753,3.480274215150429,3410.688,1.813969388710352,1.8564874208181572,97.70975921350076,-0.04308164960200145,-0.0007998054055415871,-0.010770412400500362,-0.00019995135138539677,27
B0005,78,3.5624410850948944,2.6613903306108773,4.18805176248713,0.2246938172828494,1.5266614318762528,-1.902581974571906,-2.01713712589233,0.0037901043107805,0.4573564287414881,31.59124667045208,23.79410930748377,37.99854111908584,3.455173082508427,3410.718,1.802765665167823,1.8564874208181572,97.1062688037682,-0.603490409732558,-0.011203723542529076,-0.1508726024331395,-0.002800930885632269,28
B0005,82,3.5591407106855666,2.541762355407921,4.187667484260542,0.2337381121665522,1.645905128852621,-1.9130621638638965,-2.015946028510057,0.0006901740069088,0.4362089113558066,31.603485399391182,23.80130098691845,38.194201649765226,3.4825819327963465,3392.719,1.804077040117352,1.8564874208181572,97.17690623092356,0.07063742715536137,0.0013113749495290428,0.01765935678884034,0.0003278437373822607,29
B0005,86,3.5573161327793144,2.628919415830567,4.2010701773378685,0.2244802327371113,1.5721507615073014,-1.920618117118412,-2.0167372379007014,0.0008475435827522,0.4205282536761078,31.91556385491565,23.78129749955371,38.45796400011448,3.5076959837591097,3470.672,1.8518025516704488,1.8564874208181572,99.74764875349146,2.5707425225678975,0.04772551155309679,0.6426856306419744,0.011931377888274197,30
B0005,90,3.561870782772737,2.6312552691827045,4.1996223345495824,0.2232655714450736,1.568367065366878,-1.9298830859597569,-2.0183057226929555,0.0011650883880798,0.399294272689169,32.081128118597164,24.2036410699716,38.49126351534004,3.3915014198167084,3414.109,1.8307038456739428,1.8564874208181572,98.61116348782735,-1.1364852656641062,-0.021098705996505984,-0.28412131641602656,-0.005274676499126496,31
B0005,94,3.5617586337260088,2.654880745360911,4.199853323702163,0.2210459604835194,1.5449725783412518,-1.929300528480541,-2.016579511976592,0.0019472390588109,0.4002852377219257,31.849792632896243,24.00078927251757,38.31473393357882,3.3803301579998144,3395.219,1.8199041089501269,1.8564874208181572,98.02943389447216,-0.5817295933551918,-0.010799736723815956,-0.14543239833879795,-0.002699934180953989,32
B0005,98,3.5597307651083123,2.6749688422803803,4.199103467081427,0.2189722484436545,1.5241346248010466,-1.923330987770314,-2.0193879194408373,0.0018372947715281,0.4135159697940358,31.465690433362017,23.53999092882516,37.861934640176806,3.416430218751927,3386.0,1.809307963702852,1.8564874208181572,97.45867078945712,-0.5707631050150468,-0.010596145247274924,-0.1426907762537617,-0.002649036311818731,33
B0005,102,3.5575937553540915,2.6159705726789904,4.199998536865001,0.2236425238784347,1.5840279641860109,-1.9284469980320087,-2.015814483813837,0.0074961910680886,0.4019409655775892,31.40934895665031,23.56609574757256,37.90665575786083,3.39766676229326,3368.187,1.80460990458052,1.8564874208181572,97.20560906279802,-0.253061726659098,-0.00469805912233201,-0.0632654316647745,-0.0011745147805830025,34
B0005,106,3.5597237883937995,2.658447162110498,4.19967522099872,0.2206730496885283,1.5412280588882217,-1.9231439161693824,-2.019901495893039,0.0013923748862999,0.4145005123309109,31.90224747551808,23.9730227457941,38.34003238560517,3.4319633187951024,3368.266,1.7993770651972192,1.8564874208181572,96.92374130950104,-0.28186775329697866,-0.005232839383300769,-0.07046693832424467,-0.0013082098458251923,35
B0005,110,3.559061771422033,2.697942608427116,4.1991847248803165,0.2174117074890921,1.5012421164532008,-1.917014964043808,-2.016522387288751,0.0025753372180031,0.4272903561501054,31.649024294808623,23.755161868961988,38.0745950590744,3.429628733786301,3358.719,1.7884432335370462,1.8564874208181572,96.33478867036308,-0.5889526391379576,-0.010933831660173032,-0.1472381597844894,-0.002733457915043258,36
B0005,114,3.557015527748059,2.6617272246516333,4.200012480335,0.2202112122344345,1.538285255683367,-1.922048805055383,-2.017112121704317,0.0011747056452339,0.4161258984825695,31.48874626238971,23.51454265913581,38.07252758016199,3.4678195183884166,3339.5,1.7829230484252725,1.8564874208181572,96.03744299218224,-0.29734567818084656,-0.005520185111773657,-0.07433641954521164,-0.0013800462779434142,37
B0005,118,3.5562481933590964,2.699288287625812,4.1992373656547874,0.2171153204978367,1.4999490780289753,-1.916230282154988,-2.018009988339822,0.0023816748049826,0.4289376620356979,31.329995610092634,23.27146353182613,37.80133585100446,3.5094402484809746,3331.265,1.7730337158018288,1.8564874208181572,95.5047524653008,-0.5326905268814386,-0.009889332623443714,-0.13317263172035965,-0.0024723331558609285,38
B0005,122,3.5532756526091784,2.612793240883853,4.199395781118708,0.2242097776623701,1.5866025402348545,-1.9220800182578983,-2.017724236336294,0.0021374370347549,0.4172895950868297,31.569551201845574,23.439367870877128,38.39873985476869,3.562748483599031,3321.188,1.773037755078937,1.8564874208181572,95.50497004162602,0.00021757632522678705,4.039277108125461e-06,5.439408130669676e-05,1.0098192770313652e-06,39
B0005,126,3.556266431640255,2.6637064901468075,4.199578698026071,0.2206559864089456,1.535872207879263,-1.916241789031196,-2.016792488625222,0.0015198619580386,0.4295482143045132,32.111426258867944,24.020578317587123,38.74929237918251,3.542509758652166,3321.844,1.7678721106662054,1.8564874208181572,95.22672175646096,-0.2782482851650627,-0.005165644412731485,-0.06956207129126568,-0.0012914111031828712,40
B0005,130,3.5563095420140822,2.6668454289754746,4.199546957512695,0.2208647208047918,1.53270152853722,-1.915880982351776,-2.017255132631586,0.0018244735178706,0.4301866281036963,32.271676011112376,24.256086319320037,38.87275464755104,3.505491291733021,3311.828,1.762315070409309,1.8564874208181572,94.92739086983164,-0.2993308866293205,-0.005557040256896517,-0.07483272165733013,-0.0013892600642241293,41
B0005,134,3.558950851054106,2.684431051981017,4.194091469340824,0.2248771520046519,1.5096604173598074,-1.911440626575304,-2.0159457514475405,0.0005228307091433,0.4394410941939015,31.842291659678654,23.99270220171187,38.503541429116005,3.5341086843673057,3327.391,1.7676172924938447,1.8564874208181572,95.21299593373234,0.2856050639007037,0.00530222208453579,0.07140126597517593,0.0013255555211339476,42
B0005,136,3.5534418211598053,2.645224362345869,4.200715235801255,0.2226344820148037,1.5554908734553856,-1.9158166997544157,-2.021877555086194,0.0024271068866283,0.4299853699579859,31.759815453754253,23.826487051861594,38.27009094548294,3.461197240670021,3312.078,1.762668359743147,1.8564874208181572,94.94642085785507,-0.26657507587727025,-0.004948932750697743,-0.13328753793863513,-0.0024744663753488716,43
B0005,140,3.5510121537420285,2.6603527244917,4.1990980807180325,0.2213051101969749,1.5387453562263325,-1.9151304155635371,-2.0169903181968984,0.0006158711833322,0.4310379045239763,31.41911167391793,23.348558306380397,38.11684755251712,3.5319955005201416,3293.172,1.7517304870664143,1.8564874208181572,94.35725054869609,-0.5891703091589875,-0.01093787267673263,-0.14729257728974687,-0.0027344681691831574,44
B0005,144,3.551317608213948,2.6926849789916263,4.199398534411534,0.219007207490344,1.5067135554199078,-1.914848578439364,-2.016185456554963,0.0008035192993614,0.4323139024511879,31.331626572312267,23.23621418856597,38.04152715355532,3.538620015044167,3275.328,1.7418496047960008,1.8564874208181572,93.82501520146928,-0.532235347226802,-0.009880882270413505,-0.1330588368067005,-0.002470220567603376,45
B0005,148,3.549003180550162,2.670544734728978,4.199122915612965,0.221128808998641,1.528578180883987,-1.9144128654409127,-2.0170647431651068,0.0014889451776809,0.4327839754033059,31.35934131425137,23.214801785728056,38.17980302242767,3.580882360514829,3265.016,1.7360913511847138,1.8564874208181572,93.5148459244402,-0.3101692770290896,-0.005758253611287012,-0.0775423192572724,-0.001439563402821753,46
B0005,150,3.559764834095517,2.605158060541757,4.190409478081396,0.2269081165416427,1.5852514175396388,-1.9388813849818085,-2.0168134548386294,0.0024931147123922,0.3772637665356265,34.31088483888259,26.647373946169797,40.71218198711114,3.3312911329320847,3328.937,1.7936240148573608,1.8564874208181572,96.61385230754256,3.0990063831023633,0.05753266367264698,1.5495031915511817,0.02876633183632349,47
B0005,154,3.5623454342368555,2.672012007453096,4.199933846791869,0.2219615161167919,1.5279218393387732,-1.927509725704535,-2.0165540953857675,0.0028589701045215,0.4040668216252261,33.43585640373788,25.69911743242072,39.88526123315293,3.375809341922384,3329.266,1.7831890223273277,1.8564874208181572,96.05176972012408,-0.5620825874184732,-0.010434992530033105,-0.1405206468546183,-0.002608748132508276,48
B0005,158,3.558336657621618,2.674271233724938,4.199365021329158,0.2211630242404102,1.52509378760422,-1.9267185977839405,-2.022483480851903,0.0012369720338688,0.4055885131371584,32.66698125020078,24.83328108182313,39.18287352945846,3.410710826213734,3301.579,1.7673642076278957,1.8564874208181572,95.1993634758384,-0.8524062442856888,-0.015824814699431977,-0.2131015610714222,-0.003956203674857994,49
B0005,162,3.554013138622869,2.6309416727017187,4.19902365945384,0.2244170962814481,1.5680819867521216,-1.9261308349663744,-2.016804145903712,0.0027115029184951,0.4068434847542995,32.28423408691397,24.361616832363048,38.95156480403077,3.477296802755773,3283.563,1.7570177850353066,1.8564874208181572,94.64205172265513,-0.5573117531832708,-0.01034642259258911,-0.1393279382958177,-0.0025866056481472777,50
B0005,166,3.552376095886298,2.6629725743154204,4.199432142144215,0.222045693802601,1.536459567828795,-1.9202346781375208,-2.0172800396238526,0.0031272458314235,0.4201798083466841,32.00739178780946,24.019157444608588,38.607510759873634,3.511463608907252,3275.125,1.7468706179837907,1.8564874208181572,94.09547290193552,-0.5465788207196027,-0.01014716705151586,-0.13664470517990068,-0.002536791762878965,51
B0005,170,3.549618661283733,2.612942119873717,4.199640922827531,0.2262225932909048,1.5866988029538145,-1.9201011498853635,-2.0159193745006387,0.0012894534058489,0.4206076443839264,32.06387071886056,24.00664649428476,38.920359903369054,3.565622841015737,3265.656,1.7417172507457144,1.8564874208181572,93.81788592880078,-0.27758697313474556,-0.005153367238076356,-0.06939674328368639,-0.001288341809519089,52
B0005,174,3.54938103086703,2.615719844266148,4.199305653118061,0.226444631751982,1.5835858088519132,-1.9144278105456467,-2.020605919573001,0.0010352326876111,0.4328590035817753,32.43754560319043,24.328038456694348,39.23273115358871,3.6022709283889247,3266.093,1.7364225056478186,1.8564874208181572,93.53268361401416,-0.2852023147866163,-0.005294745097895737,-0.07130057869665407,-0.0013236862744739342,53
B0005,178,3.547211868041896,2.6287695472774453,4.198949734540481,0.2256048866862126,1.5701801872630354,-1.908340706503589,-2.017554048083073,0.0021414406216503,0.4454245921181926,32.16809876635083,24.121591093765637,38.9649270684008,3.563053000695821,3257.594,1.7263217239235826,1.8564874208181572,92.988603346571,-0.5440802674431637,-0.010100781724236008,-0.13602006686079093,-0.002525195431059002,54
B0005,182,3.5467052098640246,2.6655106679421823,4.19834220599025,0.2226094623669177,1.5328315380480677,-1.902207182631691,-2.016416703030436,0.0017702200905978,0.4575237574010793,32.05752645824972,23.971565610462942,38.83927283461771,3.580382906894387,3248.593,1.7158065389330133,1.8564874208181572,92.42220117908766,-0.5664021674833322,-0.01051518499056936,-0.14160054187083304,-0.00262879624764234,55
B0005,186,3.544629653883431,2.650495153350403,4.198995776266302,0.2244108788342533,1.548500622915899,-1.9020484449938715,-2.0170229987437884,0.0014307662327893,0.4582494402016183,31.975920928072718,23.83541998401671,38.82796377704433,3.613712963904532,3238.766,1.710533351135192,1.8564874208181572,92.13816005181208,-0.28404112727558584,-0.005273187797821377,-0.07101028181889646,-0.0013182969494553443,56
B0005,190,3.5436291614253204,2.643236235233877,4.19916986492694,0.2251626394650501,1.555933629693063,-1.8964907679062355,-2.016783933430818,0.0049011998067657,0.4695119039783484,32.21689335291319,23.956923878018035,39.14007944734004,3.680920741665673,3240.14,1.706014499648521,1.8564874208181572,91.89475137389712,-0.24340867791495668,-0.004518851486670972,-0.06085216947873917,-0.001129712871667743,57
B0005,194,3.5444946147995258,2.656450207001938,4.199246833083063,0.2250288003365719,1.5427966260811248,-1.895971437908019,-2.0199829306240717,0.0017964242690772,0.4700220134159711,32.55632993697177,24.465118009505925,39.349611598028886,3.5876341260521625,3230.109,1.7003110272642588,1.8564874208181572,91.587532896664,-0.30721847723312123,-0.005703472384262165,-0.07680461930828031,-0.0014258680960655412,58
B0005,198,3.5409201846556857,2.626177688152069,4.19925518864016,0.2275926795404217,1.5730775004880906,-1.889964879983928,-2.016448312230377,0.0048990136261112,0.4809252461296192,32.40048085325998,24.267851748683743,39.29444535878087,3.6261445424786727,3229.7810000000027,1.6945798601797897,1.8564874208181572,91.27882263985312,-0.30871025681088327,-0.00573116708446908,-0.07717756420272082,-0.00143279177111727,59
B0005,202,3.541195668799061,2.6582230344240045,4.199610827671791,0.2253901682415922,1.5413877932477869,-1.889370382442051,-2.026465491633473,0.0024344067431928,0.4822531223123997,32.29371860868794,24.14386556947967,39.10487658009542,3.637499367495382,3212.469,1.6849029086609286,1.8564874208181572,90.75757205607074,-0.5212505837823755,-0.009676951518861054,-0.13031264594559389,-0.0024192378797152636,60
B0005,206,3.540671044783382,2.695100237338448,4.1994453812630566,0.2220033764373275,1.5043451439246085,-1.8776883243431417,-2.017330650607364,0.0014513205321675,0.5029620620589579,32.1360714480678,23.93408558388468,39.0462609369598,3.654819125074113,3213.219,1.6744741591159715,1.8564874208181572,90.19582574806932,-0.5617463080014176,-0.010428749544957094,-0.1404365770003544,-0.0026071873862392736,61
B0005,210,3.537604879026877,2.639091813583503,4.198991968341307,0.2274702116502318,1.5599001547578042,-1.8831065986697757,-2.02257876070347,0.0059339984616673,0.4936099038550067,32.38268549723498,24.08059534182364,39.398032192832,3.738665594798859,3203.578,1.6745692479879102,1.8564874208181572,90.2009477257823,0.0051219777129745125,9.508887193865334e-05,0.0012804944282436281,2.3772217984663335e-05,62
B0005,214,3.538422485261741,2.6857210282450983,4.197785116892181,0.2244563950317913,1.5120640886470826,-1.876359921441716,-2.0158674131052456,0.0034449440902895,0.5045046007331752,32.30899951427637,24.428816535813286,39.10678394120843,3.573601688124995,3195.125,1.663716375981405,1.8564874208181572,89.6163559916933,-0.5845917340890026,-0.010852872006505088,-0.14614793352225064,-0.002713218001626272,63
B0005,216,3.53928626988912,2.69017866510873,4.201331130571617,0.2237217691429451,1.5111524654628874,-1.870955026010444,-2.016878594815316,0.0012286208011475,0.5143997774045596,32.56636929496716,24.3288116844709,39.44448954135193,3.698714627901927,3195.312999999994,1.659013868748246,1.8564874208181572,89.3630546668135,-0.25330132487979995,-0.0047025072331590145,-0.12665066243989997,-0.0023512536165795073,64
B0005,220,3.533690170241391,2.639895313359579,4.199339974904826,0.2284155018484487,1.5594446615452475,-1.8705599868289544,-2.019019155129933,0.0006759557151863,0.5149956757914231,32.46542951751835,24.124885387020974,39.509602016775695,3.763161934375441,3186.297,1.6538540573335014,1.8564874208181572,89.08512057704355,-0.2779340897699427,-0.005159811414744642,-0.06948352244248568,-0.0012899528536861604,65
B0005,224,3.534367734544495,2.68991452927918,4.198916244859707,0.2240112856380017,1.509001715580527,-1.8640049795794804,-2.0179820220655023,0.0017286665299136,0.5255367036226928,32.347056454418095,23.980294072799666,39.33486536224533,3.768638783876801,3176.438,1.642653782130131,1.8564874208181572,88.48181591266643,-0.60330466437712,-0.011200275203370413,-0.15082616609428,-0.0028000688008426033,66
B0005,228,3.5312941932103548,2.65935818848874,4.198537488587242,0.2270920459202185,1.539179300098502,-1.8636932149873204,-2.0158401305926343,0.0008822013179447,0.5263075365065475,32.371538940646154,23.969183667109306,39.43723270017243,3.798378346405976,3167.593,1.6378578430223698,1.8564874208181572,88.22348186450748,-0.25833404815895733,-0.004795939107761216,-0.06458351203973933,-0.001198984776940304,67
B0005,232,3.5309134771684274,2.6657030585650423,4.198943932259475,0.2267451154884145,1.5332408736944323,-1.857820396301907,-2.0192083553177325,0.0032196054196979,0.5360241740397207,32.45549347979197,24.037074564457946,39.51375235624076,3.806767841094206,3167.719,1.6327350407099108,1.8564874208181572,87.94754127611387,-0.2759405883936097,-0.005122802312458985,-0.06898514709840242,-0.0012807005781147462,68
B0005,236,3.5287226893409893,2.642986759012803,4.199579806494986,0.2292703535960907,1.5565930474821834,-1.8572160981955343,-2.017754065523427,0.0023292227087573,0.5366022681919891,32.50017194695606,24.074008046047823,39.60170302810528,3.822022211269683,3159.077999999994,1.6277528915533617,1.8564874208181572,87.67917699307695,-0.2683642830369166,-0.004982149156549154,-0.06709107075922915,-0.0012455372891372885,69
B0005,240,3.52625493581969,2.631116911889304,4.198782234828033,0.2307324709807415,1.5676653229387294,-1.8568340008006827,-2.016206764491147,0.0036382151418645,0.5375143566828329,32.50100298369444,24.043536678896334,39.68746359758208,3.84957926477219,3148.829,1.622125485521159,1.8564874208181572,87.37605584239753,-0.3031211506794165,-0.005627406032202575,-0.07578028766985412,-0.0014068515080506439,70
B0005,244,3.528684324337005,2.696157404617167,4.19910517813207,0.2247705585097621,1.5029477735149035,-1.8448886500218813,-2.018425729441905,0.0024093430745418,0.5559145972091805,32.4728927422438,24.007622451152475,39.53535075538898,3.831645839375169,3149.094,1.6113256603765849,1.8564874208181572,86.79432148624366,-0.5817343561538735,-0.010799825144574227,-0.14543358903846837,-0.0026999562861435566,71
B0005,248,3.525556939424901,2.6667596238241567,4.198510853141954,0.2277989515876497,1.5317512293177975,-1.8444180038305809,-2.0200094988659028,0.0018183081167425,0.5567175936954798,32.50480154634882,23.99346277596251,39.6502371632164,3.864104505537645,3140.547,1.6065631397488385,1.8564874208181572,86.53778753000239,-0.2565339562412703,-0.004762520627746403,-0.06413348906031757,-0.0011906301569366007,72
B0005,252,3.5226805646793737,2.6403185448373043,4.198732430468704,0.2305058404755205,1.5584138856313996,-1.843879038983512,-2.0160906793454063,0.002394554712978,0.557421835420678,32.51218336210202,23.977316018708777,39.69929058154853,3.885789404543481,3131.625,1.6015142233917594,1.8564874208181572,86.26582682073705,-0.2719607092653433,-0.005048916357079047,-0.06799017731633583,-0.0012622290892697619,73
B0005,256,3.524673458789008,2.69892986372897,4.198799630396931,0.2255461479342319,1.4998697666679617,-1.83711254029409,-2.017218805788003,0.0034591794789042,0.5670761474198778,32.45692821941515,23.92726467831658,39.56076309770468,3.870777990261271,3121.907,1.590369231400328,1.8564874208181572,85.66549999565574,-0.6003268250813107,-0.011144991991431485,-0.15008170627032769,-0.0027862479978578714,74
B0005,260,3.5213155754526824,2.6682466504352997,4.198753541225669,0.2283826127026775,1.5305068907903694,-1.831595707598376,-2.017576881832417,0.0029115539788594,0.5758422473114834,32.447059186431154,23.878754027011198,39.63708096307912,3.902676905350374,3122.125,1.5857889968242211,1.8564874208181572,85.4187849075412,-0.24671508811454146,-0.00458023457610679,-0.061678772028635365,-0.0011450586440266974,75
B0005,264,3.51803386486462,2.6479207279724903,4.200309982421394,0.231178723168512,1.5523892544489035,-1.8311195242792309,-2.0163186530776205,0.0016912873756319,0.5758733468618624,32.32889654966259,23.90454749592773,39.43977047692484,3.849418725395146,3121.672,1.5849430707374117,1.8564874208181572,85.37321895986369,-0.04556594767750255,-0.0008459260868094454,-0.011391486919375637,-0.00021148152170236134,76
B0005,266,3.52368419553968,2.6741633856529066,4.201124089732316,0.229177960034919,1.526960704079409,-1.843279976491472,-2.016322017667326,0.0031344620126884,0.5581982237984048,32.84488475360107,24.47294963967077,39.83902225625452,3.793028909243664,3120.86,1.5955263892495937,1.8564874208181572,85.94329115068511,0.5700721908214206,0.010583318512181972,0.2850360954107103,0.005291659256090986,77
B0005,270,3.519146638240668,2.6892528956736257,4.198150316653697,0.227199705904542,1.5088974209800714,-1.829798505957538,-2.016058383461316,0.0022149158304022,0.577259511293026,32.31731555011648,23.81400684876703,39.41794949618613,3.864121159323799,3103.828,1.5747301747801037,1.8564874208181572,84.82309964083233,-1.1201915098527877,-0.020796214469489982,-0.2800478774631969,-0.0051990536173724955,78
B0005,274,3.516233648608237,2.688809122993162,4.198524048997099,0.2273324183483178,1.5097149260039369,-1.8236746835609148,-2.0176016183677974,0.0026959062866318,0.5868747718090098,32.06376130177751,23.405971076202263,39.262781682151214,3.943799041030261,3095.094,1.5649019950937946,1.8564874208181572,84.29370312695895,-0.5293965138733796,-0.009828179686309113,-0.1323491284683449,-0.0024570449215772783,79
B0005,278,3.514773138461639,2.6743555987897745,4.198840869468569,0.2284721001606275,1.5244852706787944,-1.817672077021088,-2.018404141903304,0.0025925671672866,0.5952075610841622,32.21997626855924,23.504268200620626,39.47237839941986,3.979884835052351,3095.781,1.5597659473370362,1.8564874208181572,84.01704907053151,-0.27665405642743224,-0.005136047756758355,-0.06916351410685806,-0.0012840119391895888,80
B0005,282,3.5132992979150077,2.6430294964336345,4.198119631667182,0.2314217062849809,1.555090135233547,-1.8179238657973995,-2.016777852675889,0.0015197601976623,0.5952405875017754,32.7120225448885,23.98624197921992,40.03754146951368,3.9976006239496304,3094.328,1.5594815668184234,1.8564874208181572,84.00173086716403,-0.01531820336748524,-0.00028438051861279234,-0.00382955084187131,-7.109512965319809e-05,81
B0005,286,3.514484830704665,2.6584858447131823,4.198320288264955,0.2306075996259379,1.5398344435517726,-1.817160673909645,-2.019500858990014,0.0053758117379334,0.5961269317003768,32.945022147355694,24.332016492731967,40.14273016201157,3.942211963592412,3086.531,1.55468935359061,1.8564874208181572,83.74359751414073,-0.25813335302329676,-0.004792213227813535,-0.06453333825582419,-0.0011980533069533839,82
B0005,290,3.5109677353595243,2.629782173759164,4.1980467610750285,0.2329526759800367,1.5682645873158645,-1.8110297241968545,-2.025028692484549,0.0012996959200754,0.6042377451924877,32.857549597381336,24.210935532035016,40.1165626728546,3.968850384263857,3085.625,1.5488741079890418,1.8564874208181572,83.43035835418966,-0.3132391599510669,-0.0058152456015680976,-0.07830978998776672,-0.0014538114003920244,83
B0005,294,3.510935874957801,2.6622967647315545,4.199047008209673,0.2307329830817022,1.5367502434781186,-1.8094435644526072,-2.017188769565156,0.0036542472558787,0.605972691577863,32.629663328789654,24.000424305912805,39.87503330866132,3.951047957236267,3067.203,1.538236598942558,1.8564874208181572,82.85736718133292,-0.5729911728567458,-0.010637509046483862,-0.14324779321418646,-0.0026593772616209654,84
B0005,298,3.509393098217416,2.682380966742509,4.197669918520713,0.2288570136594319,1.5152889517782042,-1.8026537331443493,-2.0203529496154493,0.0013741929346254,0.6147018605615803,32.379859014262976,23.66809609847637,39.61961987024145,3.988147604013235,3058.157,1.527914258251028,1.8564874208181572,82.30135260370756,-0.556014577625362,-0.01032234069153004,-0.1390036444063405,-0.00258058517288251,85
B0005,302,3.5066782411556563,2.640189476892272,4.197600624105256,0.2324429087783303,1.5574111472129846,-1.8031542757366412,-2.016749317444538,0.0020536118932937,0.6147768190719081,32.68215852457039,23.845674209557423,40.067324667444815,4.061372918664878,3058.812,1.5285252629756445,1.8564874208181572,82.33426447360578,0.032911869898228474,0.000611004724616615,0.008227967474557119,0.00015275118115415376,86
B0005,306,3.510988562300809,2.693769409137257,4.197985718630326,0.2279824823099926,1.504216309493069,-1.7965666438696486,-2.016964364118414,0.0022338210190657,0.6225281437334834,32.99387423636739,24.23969113753901,40.24716716520102,4.008265788698764,3058.578,1.522647325284378,1.8564874208181572,82.01764839394087,-0.3166160796649109,-0.005877937691266544,-0.07915401991622772,-0.001469484422816636,87
B0005,310,3.510305462695178,2.695787450704935,4.198164128530042,0.2281087434098021,1.502376677825107,-1.7959771394311956,-2.017715447411052,0.0029663849324865,0.6233048468787379,33.04539707211165,24.30453859448875,40.30253125568348,4.01550117256657,3049.328,1.5174859938489869,1.8564874208181572,81.73963242800902,-0.27801596593185707,-0.005161331435391103,-0.06950399148296427,-0.0012903328588477758,88
B0005,313,3.5222215314850214,2.6920548172137724,4.222920057935785,0.2345502488144419,1.530865240722013,-1.822916991757235,-2.017087516284557,0.0015450426899526,0.5880606956486941,32.856295641052824,24.112523495131093,40.09418103142496,3.981090680585509,3177.219,1.605818899130659,1.8564874208181572,86.49769888680268,4.758066458793664,0.08833290528167215,1.5860221529312213,0.029444301760557384,89
B0005,316,3.5163492154331264,2.629071246219689,4.200423045909808,0.2342514069587575,1.5713517996901194,-1.8294275689587536,-2.0177115857667665,0.0029495288044011,0.5790386830763732,33.33950238056361,24.719311536144843,40.52238496316615,3.928333833868852,3082.937,1.5638491446744425,1.8564874208181572,84.23699116610504,-2.2607077206976385,-0.041969754456216535,-0.7535692402325461,-0.013989918152072178,90
B0005,320,3.5134397623234963,2.631343871050918,4.198372063670128,0.233380165286286,1.56702819261921,-1.816317296828028,-2.0160877086861952,0.0016903309192767,0.5967165768532282,33.35156485472646,24.73538913848975,40.56886357314186,3.951653441190732,3074.266,1.5480915247767786,1.8564874208181572,83.38820438085877,-0.8487867852462756,-0.015757619897663888,-0.2121966963115689,-0.003939404974415972,91
B0005,324,3.515137522009075,2.6983970036642315,4.198353213898968,0.2272428580756852,1.4999562102347364,-1.8033689952639715,-2.0174325692631547,0.0017335297510131,0.6138243789661205,33.147486361012966,24.49414087755308,40.27804845768325,3.951757042402464,3066.0,1.5323755631868592,1.8564874208181572,82.54166152720488,-0.8465428536538866,-0.01571596158991939,-0.21163571341347165,-0.003928990397479848,92
B0005,328,3.50830390643132,2.6338485871981514,4.197873789078739,0.2331667808997218,1.5640252018805874,-1.802670753119494,-2.017976023705107,0.0032014025687714,0.6146945270651876,33.00727586174936,24.254986942423244,40.2921849196155,4.008284181289492,3056.437,1.5269528268489705,1.8564874208181572,82.24956494324317,-0.29209658396170823,-0.005422736337888701,-0.07302414599042706,-0.0013556840844721751,93
B0005,332,3.509190808443004,2.671566207861818,4.197955644238241,0.2298351205591367,1.526389436376423,-1.7958941337499832,-2.016684455267326,0.0012207622759792,0.6233018675049735,32.91990812745461,24.1488106351578,40.184384347174266,4.0190435754293565,3048.219,1.5169573017136326,1.8564874208181572,81.71115433925789,-0.5384106039852838,-0.009995525135337857,-0.13460265099632096,-0.0024988812838344643,94
B0005,336,3.5068097579555357,2.6540810507928123,4.197918434710392,0.2317035993739233,1.5438373839175794,-1.795344963527795,-2.0185074328810417,0.0027177292470912,0.624318776563091,32.99903328622305,24.205952380559676,40.320066232195046,4.044741656549233,3039.218,1.511897596014269,1.8564874208181572,81.43861246029738,-0.2725418789605101,-0.005059705699363537,-0.06813546974012752,-0.0012649264248408842,95
B0005,340,3.50609090727422,2.656849703962618,4.197739340034368,0.2314152977627636,1.54088963607175,-1.7893518988259454,-2.0206154364574687,0.0029660267437679,0.6320325499876801,33.03772281691292,24.228213693022468,40.33650561265159,4.042950285126565,3039.047,1.5065638960681105,1.8564874208181572,81.1513118362076,-0.28730062408978085,-0.005333699946158621,-0.07182515602244521,-0.0013334249865396552,96
B0005,344,3.5037157727265957,2.6363048614501152,4.19785490446139,0.2334502533155451,1.5615500430112743,-1.7883879159763685,-2.017421211930756,0.0019690360203288,0.6328913986760089,33.07740307192613,24.25745983903501,40.43267631588412,4.058632380945664,3030.375,1.5015453526671363,1.8564874208181572,80.88098717121403,-0.27032466499356644,-0.005018543400974185,-0.06758116624839161,-0.0012546358502435462,97
B0005,348,3.506747996136716,2.69951692300468,4.197306756122815,0.2278216639829029,1.4977898331181354,-1.7815447770741009,-2.0224772834102507,0.0027223693578794,0.6414356710358949,33.05467981523988,24.228985806758885,40.314538591575015,4.045827846714321,3021.0,1.4908444050400238,1.8564874208181572,80.30457886878683,-0.5764083024271969,-0.01070094762711249,-0.14410207560679922,-0.0026752369067781223,98
B0005,352,3.5058813026542324,2.698216006032282,4.197528212001444,0.227984522444182,1.499312205969162,-1.775311564296696,-2.0179249554704706,0.0006217348755526,0.6486068932660061,33.11570360624461,24.27409668200787,40.386661855917744,4.056672478286734,3021.75,1.485868384561201,1.8564874208181572,80.03654470798278,-0.2680341608040493,-0.004976020478822729,-0.06700854020101232,-0.0012440051197056823,99
B0005,356,3.504168333530808,2.6911707598773864,4.19743662221161,0.2288775444027308,1.5062658623342235,-1.7742377662318358,-2.018486701026112,0.0025745064118452,0.6498057454815246,33.12942148982364,24.26045465629052,40.43384612547835,4.070998143447877,3012.265,1.480413677976106,1.8564874208181572,79.74272604140161,-0.29381866658117417,-0.00545470658509517,-0.07345466664529354,-0.0013636766462737926,100
B0005,360,3.503056893147064,2.690162319231471,4.197717228550219,0.2292650522729736,1.5075549093187477,-1.773860289771637,-2.017202918759472,0.002304044135428,0.6507355272479427,33.130681310493344,24.24695415512884,40.44479269068758,4.079963844026956,3002.641,1.4752095869031632,1.8564874208181572,79.46240682056631,-0.28031922083529537,-0.005204091072942729,-0.07007980520882384,-0.0013010227682356823,101
B0005,364,3.4982324882487936,2.6355034454892072,4.192454851360723,0.2331957362920639,1.5569514058715157,-1.7809702419814517,-2.017032616337778,0.0013818757062667,0.6422230325919555,33.20069210329718,24.337824191545764,40.58499656066617,4.0996268557124855,3012.0,1.4859035988304024,1.8564874208181572,80.03844153038008,0.5760347098137686,0.010694011927239178,0.14400867745344215,0.0026735029818097944,102
B0005,367,3.5065859365661325,2.6594753656507684,4.202845001527377,0.2327793636251861,1.543369635876609,-1.7879098523188452,-2.020648432189961,0.0037903464383519,0.633757279790088,33.78697527817091,25.05068794027295,40.99869158762305,4.00137718412186,3020.11,1.4960918298136696,1.8564874208181572,80.58723226653154,0.5487907361514601,0.010188230983267266,0.18293024538382005,0.003396076994422422,103
B0005,371,3.501457140697961,2.644554999824577,4.197952808231904,0.2335250205477887,1.5533978084073272,-1.780229415660985,-2.018056806197647,0.0029141195307161,0.6432393686749752,33.673365085761986,24.845214918132577,40.997807625227495,4.065518600867025,3002.172000000006,1.4808005946928984,1.8564874208181572,79.76356737393388,-0.8236648925976624,-0.01529123512077124,-0.2059162231494156,-0.00382280878019281,104
B0005,375,3.501658387162809,2.6719601666204564,4.198017952345714,0.2310936543774782,1.526057785725258,-1.7731015168894209,-2.017916668624779,0.00078441654882,0.6514705765655358,33.535818118317145,24.68293151974539,40.84213757482493,4.071805413255272,2992.703,1.4697543268466824,1.8564874208181572,79.168558341158,-0.5950090327758772,-0.011046267846215985,-0.1487522581939693,-0.002761566961553996,105
B0005,379,3.4966186408455298,2.6598211033173382,4.192162800008929,0.2312311484294728,1.5323416966915908,-1.7705879947441516,-2.027591717224413,0.0054462356427572,0.654212957890516,33.32269982188509,24.442107279152207,40.69012464267011,4.102402769286851,2964.468,1.4539012274845928,1.8564874208181572,78.31462853887025,-0.8539298022877517,-0.015853099362089562,-0.21348245057193793,-0.0039632748405223905,106
B0005,383,3.4991645719433246,2.688360455508818,4.196993378341778,0.2294777187989595,1.5086329228329602,-1.7600629827474803,-2.017344770444764,0.0015596672777035,0.667000512961465,33.346230327490304,24.37516209951004,40.69938049882204,4.1187097532725945,2983.375,1.454146206723569,1.8564874208181572,78.32782438583529,0.013195846965032842,0.0002449792389762617,0.0032989617412582106,6.124480974406543e-05,107
B0005,387,3.496080777360074,2.6376728619288525,4.197603515102162,0.2342679360166439,1.5599306531733093,-1.765575132998529,-2.017072416845675,0.0026865938325838,0.6607978776580166,33.64948900485925,24.70475717255037,41.06026204078849,4.130055203457506,2975.297,1.455023751906683,1.8564874208181572,78.37509350133121,0.047269115495922165,0.0008775451831140035,0.011817278873980541,0.00021938629577850088,108
B0005,391,3.4959014526387997,2.645120521151077,4.196406678544622,0.2334336475422632,1.551286157393545,-1.7588271887545277,-2.017938882324793,0.0031991265142638,0.6677722505465497,33.79269513542102,24.85143118542252,41.19696040482682,4.127007891809572,2974.9850000000006,1.449042163761236,1.8564874208181572,78.05289427291893,-0.32219922841227344,-0.0059815881454470254,-0.08054980710306836,-0.0014953970363617564,109
B0005,395,3.49758697990267,2.698012437629632,4.197098662004674,0.229142139192038,1.4990862243750418,-1.7516428147438297,-2.029098489464331,0.0037817943235626,0.6759686601230658,33.52446663707275,24.582992198113057,40.84446688602949,4.107121567467311,2966.25,1.4386709371480566,1.8564874208181572,77.49424644709048,-0.5586478258284586,-0.010371226613179463,-0.13966195645711466,-0.0025928066532948657,110
B0005,399,3.4956989619989507,2.692894277298908,4.196909312093871,0.2296125408087406,1.5040150347949637,-1.7513097768253418,-2.025048878675005,0.0013123608369275,0.6767833456075123,33.39042251934235,24.38167771883123,40.764203830749366,4.147556736723813,2956.359,1.433445432156979,1.8564874208181572,77.21277376203588,-0.2814726850545952,-0.005225504991077656,-0.0703681712636488,-0.001306376247769414,111
B0005,403,3.492875380810072,2.6483923655058117,4.197105220217278,0.2334116463244922,1.5487128547114666,-1.7511840784846122,-2.0170494375017745,0.0017334904566314,0.6767869141766419,33.67370212742761,24.640411065560848,41.11212504270441,4.164046290316763,2956.344,1.4333958900838095,1.8564874208181572,77.21010517012333,-0.0026685919125526425,-4.954207316942849e-05,-0.0006671479781381606,-1.2385518292357123e-05,112
B0005,407,3.49551076423368,2.6832134764262,4.196244829545076,0.2302632037460925,1.5130313531188766,-1.7446206812145286,-2.017587381204539,0.0022931157457021,0.6838024379199837,33.91080564765892,24.932873139487384,41.27256611507568,4.130728324479157,2956.406,1.42806487344776,1.8564874208181572,76.92294908297353,-0.28715608714979624,-0.005331016636049624,-0.07178902178744906,-0.001332754159012406,113
B0005,411,3.494233359045084,2.684960445221862,4.19680260180666,0.230515957734019,1.5118421565847977,-1.7436362428649814,-2.0245398824990146,0.0014033494395084,0.6846051890564013,33.7850680599871,24.80325379769347,41.15574924454392,4.144241804988197,2947.266,1.4229203181741186,1.8564874208181572,76.64583676775116,-0.277112315222368,-0.005144555273641327,-0.069278078805592,-0.0012861388184103317,114
B0005,415,3.491197414255986,2.669922120529456,4.196227405416926,0.2319251590229384,1.5263052848874703,-1.7425325036061032,-2.01689808000431,0.0032832319808608,0.6854953037815841,33.61126807392732,24.578577776974136,41.03237216951879,4.172674533291295,2937.984,1.417429032731308,1.8564874208181572,76.35004777498811,-0.2957889927630504,-0.005491285442810634,-0.0739472481907626,-0.0013728213607026585,115
B0005,419,3.488909408157624,2.664105530655056,4.196558172556389,0.2325529031117027,1.5324526419013331,-1.7419837011363046,-2.0197651300783948,0.0026192373361047,0.6864030353770245,33.45598581472246,24.354940329833727,40.937269906716935,4.211566699707515,2929.125,1.412409228794446,1.8564874208181572,76.07965521102183,-0.27039256396628275,-0.005019803936861855,-0.06759814099157069,-0.0012549509842154638,116
B0005,423,3.487376295811431,2.634098605983684,4.196870541112335,0.2350213275320319,1.562771935128651,-1.7421680980861822,-2.018228083548545,0.0010338439367061,0.686435308908867,33.723267448788484,24.616751003686066,41.240704611971786,4.224667834776898,2928.454,1.412578792940193,1.8564874208181572,76.08878881159706,0.009133600575225387,0.00016956414574686995,0.0022834001438063467,4.239103643671749e-05,117
B0005,427,3.491994243745711,2.68378702970616,4.196795527524874,0.2307179160200798,1.5130084978187144,-1.735841378420618,-2.0178512019397976,0.0022798019176169,0.6933478478788404,34.050076369857344,25.01363389840176,41.43649987692296,4.168989536988808,2929.375,1.4075983731469897,1.8564874208181572,75.82051768100095,-0.26827113059610497,-0.0049804197932032945,-0.06706778264902624,-0.0012451049483008236,118
B0005,431,3.491585878898649,2.660031949282934,4.189287343772767,0.2314340526179757,1.5292553944898328,-1.7567879869499758,-2.017223089332264,0.0036040078454246,0.6705438927885254,33.889346908026745,25.159494190646395,41.16703904201915,4.072979899996419,2946.031,1.4333920485221476,1.8564874208181572,77.20989824377314,1.389380562772189,0.025793675375157976,0.3473451406930472,0.006448418843789494,119
B0005,433,3.495576227046425,2.650011641082063,4.201144545237731,0.2339736707676502,1.5511329041556676,-1.7573176114092577,-2.0257290511470427,0.0022668920626443,0.6694688446745368,34.067648550088656,25.21215090210571,41.36216559728765,4.085856241889734,2955.438,1.4382550176792908,1.8564874208181572,77.47184287655712,0.2619446327839796,0.004862969157143127,0.1309723163919898,0.0024314845785715633,120
B0005,437,3.4938988589692483,2.6936969083341418,4.196925753814179,0.2295440572633406,1.5032288454800375,-1.7427628393326555,-2.01734921830549,0.0034196589413944,0.6856017380135446,33.75168100943646,24.8439113089274,41.02198772703674,4.104311380057595,2937.625,1.4173547174485526,1.8564874208181572,76.34604477007024,-1.125798106486883,-0.02090030023073819,-0.28144952662172074,-0.005225075057684547,121
B0005,441,3.49159162968384,2.697073130067154,4.196901090271507,0.2293288145942056,1.4998279602043532,-1.7352637407600366,-2.016959683770622,0.0025963216962809,0.6933146489933393,33.46482299584788,24.47190444990649,40.78818812957494,4.144480066638334,2929.078,1.406981663677643,1.8564874208181572,75.78729852409039,-0.5587462459798473,-0.010373053770909468,-0.13968656149496184,-0.002593263442727367,122
B0005,445,3.4885729299834787,2.6806995515145213,4.196688955833435,0.2308795387800195,1.5159894043189133,-1.7344350518111926,-2.0173176445033945,0.0020094191444747,0.6942236682134463,33.40210697922146,24.335820690902352,40.81506138506309,4.186006847766958,2918.375,1.4012037783587623,1.8564874208181572,75.47607178190572,-0.3112267421846724,-0.005777885318880793,-0.0778066855461681,-0.0014444713297201983,123
B0005,449,3.4869021151089825,2.6695398084864568,4.196339302740304,0.2317200968216318,1.5267994942538472,-1.7280392046289716,-2.0174893103299003,0.0046477889906135,0.7011017090448697,33.410688917712235,24.324432889352373,40.85837421987642,4.202402162925674,2919.812,1.3967008232726328,1.8564874208181572,75.23351936621818,-0.24255241568754116,-0.004502955086129523,-0.06063810392188529,-0.0011257387715323808,124
B0005,453,3.4855485210036417,2.671695307817951,4.196181412764837,0.2320368945792356,1.524486104946886,-1.7326888725308258,-2.0162082324346318,0.002291601393935,0.6961086414901655,33.38984948261314,24.27764742305546,40.839876773287166,4.223993508985999,2900.422,1.391284788852726,1.8564874208181572,74.94178378216989,-0.2917355840482827,-0.00541603441990679,-0.07293389601207068,-0.0013540086049766975,125
B0005,457,3.4838912547260388,2.661289185949965,4.195770804194879,0.232594706839208,1.534481618244914,-1.7260735249920125,-2.01785516482798,0.0022764200332024,0.7028749959302109,33.3700433438796,24.239023397259928,40.85376069244676,4.228319663198283,2901.375,1.3862287677978349,1.8564874208181572,74.66944037718937,-0.2723434049805178,-0.005056021054891113,-0.06808585124512945,-0.0012640052637227783,126
B0005,461,3.483198941484065,2.667817533540102,4.195456241846729,0.2320093486771037,1.5276387083066272,-1.7195393742714091,-2.01649929452358,0.0016756334707971,0.7094441800501549,33.27215987470977,24.12349712975845,40.74795214258888,4.234132939694458,2901.187,1.3804366761974138,1.8564874208181572,74.35744841131499,-0.31199196587438394,-0.005792091600421045,-0.07799799146859598,-0.0014480229001052614,127
B0005,465,3.4836274447098883,2.684008069130594,4.19654355365607,0.2309975768994666,1.5125354845254757,-1.7185829844462923,-2.0162911974216766,0.0022384407354535,0.7104295747135849,33.222444215660225,24.053006415445992,40.68794001196382,4.243207916713656,2891.64,1.3752364150256224,1.8564874208181572,74.07733548873459,-0.28011292258040044,-0.005200261171791398,-0.07002823064510011,-0.0013000652929478496,128
B0005,469,3.480172442538601,2.6585256208771644,4.194357133255019,0.2328888860424913,1.5358315123778543,-1.717672415155695,-2.016416530728208,0.0049133976681189,0.7114589545468621,33.26207748383125,24.05808219537432,40.7810749453613,4.270669269535446,2882.906,1.3705128024895008,1.8564874208181572,73.82289732324247,-0.2544381654921182,-0.004723612536121635,-0.06360954137302954,-0.0011809031340304088,129
B0005,473,3.478452148610975,2.6372250579822927,4.195863681881766,0.2349115652478485,1.5586386238994736,-1.7177080769362936,-2.01668335956764,0.0011794780565366,0.7112700457368812,33.312029905516525,24.086387020526896,40.88159339768709,4.285594428971785,2883.265,1.37050855662704,1.8564874208181572,73.8226686191633,-0.0002287040791770778,-4.245862460727778e-06,-5.717601979426945e-05,-1.0614656151819446e-06,130
B0005,477,3.4785782556105507,2.6514257735606432,4.19558455466442,0.2337161311459613,1.5441587811037762,-1.7109669363015376,-2.0156447128046424,0.002524948681905,0.7178817791871309,33.25287943255863,24.008188700976785,40.81191473576834,4.288549064319252,2882.969,1.3647355108681518,1.8564874208181572,73.51170256067292,-0.3109660584903793,-0.005773045758888262,-0.07774151462259482,-0.0014432614397220656,131
B0005,481,3.4825195584604582,2.676384659108382,4.188483624251573,0.2299670056547322,1.5120989651431906,-1.7184206130755166,-2.015672372070857,0.0023505638634883,0.7104440687417272,33.745054045019884,24.7195455297238,41.11793533148924,4.196060981362627,2891.656,1.375392016895762,1.8564874208181572,74.08571700903981,0.5740144483668956,0.010656506027610257,0.1435036120917239,0.0026641265069025644,132
B0005,483,3.4886823636752826,2.694913850281781,4.200346502821317,0.2305166507714859,1.5054326525395352,-1.7260471943596487,-2.01575998810726,0.0021180176276842,0.7029280466636602,33.88841975386692,24.843079939814476,41.248795355864885,4.172985355606769,2901.25,1.3861115151535393,1.8564874208181572,74.6631245442362,0.5774075351963859,0.010719498257777182,0.28870376759819294,0.005359749128888591,133
B0005,485,3.4858502383832755,2.6973343716306277,4.1981749992980655,0.229689874761782,1.5008406276674382,-1.712021613408506,-2.016014837696764,0.0015018865835744,0.7169288800053295,33.7353756996425,24.576580515525823,41.16242984455477,4.220925520758632,2891.703,1.369850003583894,1.8564874208181572,73.78719555127383,-0.8759289929623719,-0.01626151156964517,-0.43796449648118596,-0.008130755784822585,134
B0005,489,3.478794177297151,2.642540259937964,4.195715092938243,0.2341576664677154,1.5531748330002788,-1.711022510206629,-2.0165238233233063,0.0014907630238953,0.7178849800923008,33.59131052719714,24.340286688400784,41.16437554618679,4.292879138992345,2883.016,1.3647827949260758,1.8564874208181572,73.5142495242232,-0.2729460270506223,-0.0050672086578182896,-0.06823650676265558,-0.0012668021644545724,135
B0005,493,3.4812826020756744,2.699226257883075,4.195755769877104,0.2296261723890385,1.4965295119940296,-1.703421414006958,-2.0182163733141314,0.0029819941842475,0.7252203529345469,33.32366688599416,24.03013803682012,40.86421618020504,4.2977729880449305,2873.453,1.3543220466259964,1.8564874208181572,72.95077959801873,-0.5634699262044762,-0.01046074830007937,-0.14086748155111906,-0.0026151870750198425,136
B0005,497,3.480352041587074,2.676480329780849,4.195911764444989,0.2313507672371101,1.5194314346641398,-1.703574708739156,-2.016150778973011,0.0015383602403595,0.7250143495493764,33.691961507697364,24.39265860056665,41.25434553511566,4.308684792274605,2874.031,1.3546417018378962,1.8564874208181572,72.96799787853683,0.01721828051810803,0.0003196552118998053,0.004304570129527008,7.991380297495132e-05,137
B0005,501,3.4781127815565127,2.642142168479886,4.195824004004723,0.2342151364439594,1.553681835524837,-1.7034912994217155,-2.0176181286216197,0.0030940952671648,0.7251866928085958,33.887639684793655,24.647812199908287,41.45023191903855,4.288100406630046,2874.234,1.354703921319241,1.8564874208181572,72.97134934112401,0.0033514625871760018,6.221948134466082e-05,0.0008378656467940004,1.5554870336165205e-05,138
B0005,505,3.4765867130506125,2.644725254926797,4.196258226051591,0.2343390483658449,1.5515329711247938,-1.7023383270190764,-2.017297732143782,0.0056941514906116,0.726300026957014,33.67308060941856,24.39982529977077,41.27708509224051,4.30529685563554,2864.984,1.349314997503458,1.8564874208181572,72.68107407422197,-0.29027526690204297,-0.005388923815782931,-0.07256881672551074,-0.0013472309539457328,139
B0005,509,3.4733769291841643,2.632270655366611,4.196612664794988,0.2357464633242318,1.564342009428377,-1.7014238498912502,-2.017223266913469,0.0031481012336326,0.7272134622451198,33.411988203265814,24.071743981632668,41.06460515498328,4.343168774264048,2855.093,1.3441891937970554,1.8564874208181572,72.40497181525036,-0.2761022589716049,-0.005125803706402587,-0.06902556474290122,-0.0012814509266006469,140
B0005,513,3.4726366397371127,2.639100611887612,4.195850781215982,0.2348389817175472,1.55675016932837,-1.6950436046971955,-2.0197342717689364,0.0017629793721903,0.7333519547642081,33.29926524979532,23.873389284419225,40.99284868101728,4.376203061199199,2855.625,1.3389913790695755,1.8564874208181572,72.12499067079483,-0.2799811444555331,-0.005197814727479821,-0.06999528611388328,-0.0012994536818699554,141
B0005,517,3.473439372740961,2.637841830893275,4.196002392961924,0.2347983138357648,1.5581605620686485,-1.695057731610264,-2.016896104476736,0.0050093924911675,0.7335626760276208,33.59980731390034,24.168977704033605,41.29040553417739,4.38509807605157,2855.594,1.3389145230206971,1.8564874208181572,72.1208508070922,-0.004139863702633306,-7.685604887841535e-05,-0.0010349659256583266,-1.9214012219603838e-05,142
B0005,521,3.4754777099091454,2.668286095904868,4.196207586734141,0.2326856456592287,1.5279214908292724,-1.6937809113323188,-2.0199925086996786,0.0025365511428236,0.7343985203891996,33.61961195858585,24.28428480579148,41.22740227746052,4.3315046908749135,2847.437,1.3340066759761655,1.8564874208181572,71.8564888195292,-0.26436198756299234,-0.004907847044531621,-0.06609049689074808,-0.0012269617611329053,143
B0005,525,3.4722884821666766,2.649019812683856,4.195534582569042,0.2341041725672906,1.5465147698851869,-1.6869434054016963,-2.016745074407458,0.0028787153794497,0.7406453707024624,33.3945201718652,24.00593985304127,41.04619550953222,4.355772728473297,2847.36,1.3286444309174914,1.8564874208181572,71.56765060826295,-0.28883821126625264,-0.005362245058674109,-0.07220955281656316,-0.0013405612646685272,144
B0005,529,3.471373665098864,2.664058512378051,4.1957439573980455,0.2333466969440909,1.5316854450199946,-1.6860649112944592,-2.0163628111205263,0.0042700685649877,0.7415168583920652,33.16734508187535,23.715060546682704,40.85874389007758,4.389640806041505,2837.328,1.323170899227622,1.8564874208181572,71.27281792431958,-0.29483268394336903,-0.005473531689869304,-0.07370817098584226,-0.001368382922467326,145
B0005,533,3.472616016287509,2.6883611693898826,4.19586805747139,0.2313300011614801,1.5075068880815077,-1.6795829780331424,-2.016212123867104,0.0023204014455349,0.7474505249209339,33.10962161613893,23.56356159483333,40.79196924883506,4.41254377922931,2837.281,1.3181691588445197,1.8564874208181572,71.00339835664494,-0.26941956767464603,-0.005001740383102415,-0.06735489191866151,-0.0012504350957756039,146
B0005,537,3.4738146874457896,2.6869753836302124,4.195347750909715,0.2310717956383346,1.5083723672795024,-1.679793840292355,-2.0168197393548124,0.0041697279349171,0.7476125202754746,33.46501751186519,23.955208980751504,41.14127834456325,4.41399055456936,2838.515,1.3184664436640334,1.8564874208181572,71.01941165230103,0.01601329565609433,0.0002972848195137434,0.004003323914023582,7.432120487843585e-05,147
B0005,541,3.4701426486639693,2.6507536817766586,4.196065828878837,0.2343349904722685,1.545312147102178,-1.6851739865098712,-2.0187637742643867,0.0033179608221933,0.7426401126844396,33.4426191014044,23.967802824849823,41.14429319149828,4.405907457499604,2828.328,1.318293040102702,1.8564874208181572,71.01007124097441,-0.009340411326618892,-0.0001734035613314422,-0.002335102831654723,-4.335089033286055e-05,148
B0005,545,3.467523652225441,2.664632278910652,4.184534803011309,0.2299310431457854,1.5199025241006576,-1.686381203630258,-2.016191969154752,0.0021406905839278,0.7416010886402903,33.037928170775885,23.58968747789601,40.66184230912503,4.378936217766459,2838.265,1.323872422244268,1.8564874208181572,71.3106055768929,0.3005343359184849,0.005579382141565947,0.07513358397962122,0.0013948455353914868,149
B0005,548,3.476752584083925,2.6400211837268666,4.201240476440081,0.2354036411320432,1.561219292713214,-1.715777469309528,-2.021651287065962,0.0028823561171506,0.7135712492118176,33.4949493613756,24.237681569505877,41.04669454497069,4.298521877619114,2864.547,1.3601216766554785,1.8564874208181572,73.26317762261326,1.952572045720359,0.03624925441121052,0.650857348573453,0.01208308480373684,150
B0005,552,3.4758956827369127,2.674198661305034,4.195703567262997,0.2314145023564492,1.5215049059579635,-1.7007216920098716,-2.017592416950431,0.0024155477323689,0.7281444869556635,33.491363029025784,24.167374158398008,41.0462053156659,4.320694493018863,2846.39,1.3395306867947354,1.8564874208181572,72.1540405700353,-1.1091370525779496,-0.020590989860743036,-0.2772842631444874,-0.005147747465185759,151
B0005,556,3.475812179626641,2.696427051131168,4.195744519551191,0.2298286633088004,1.4993174684200228,-1.6928138295817332,-2.0171105982760715,0.0040085795198053,0.7355491829025723,33.329808599922345,23.98739486311109,40.8683026432256,4.326577824845248,2837.969,1.3290286565120697,1.8564874208181572,71.58834698305493,-0.5656935869803732,-0.01050203028266572,-0.1414233967450933,-0.00262550757066643,152
B0005,560,3.4746554404904435,2.692834029769684,4.196363050482315,0.2303410490299951,1.5035290207126315,-1.6861104874993165,-2.0165753451036377,0.0036169899531147,0.7415448385525264,33.27302769298771,23.87546148452671,40.85283588259973,4.342373783875506,2838.156,1.3236741274998955,1.8564874208181572,71.29992439790138,-0.2884225851535547,-0.005354529012174147,-0.07210564628838867,-0.0013386322530435368,153
B0005,564,3.472301781313945,2.681747855329962,4.1957929878569455,0.2313572835146948,1.5140451325269837,-1.685043785043406,-2.0157688095228656,0.0028522205733032,0.7425021379234665,33.229879126701434,23.800482246729,40.85270645265791,4.372506036726199,2829.843,1.318633896753293,1.8564874208181572,71.02843154047166,-0.2714928574297204,-0.0050402307466026475,-0.0678732143574301,-0.0012600576866506619,154
B0005,568,3.4729305773503527,2.696791414385091,4.195797286482793,0.2300922714371363,1.499005872097702,-1.678524839793589,-2.016274841649268,0.0012910201456034,0.7485063258578094,33.20860833999321,23.75244046991811,40.8263251809212,4.375591656512413,2829.625,1.3134751321324272,1.8564874208181572,70.75055383642601,-0.2778777040456504,-0.00515876462086573,-0.0694694260114126,-0.0012896911552164325,155
B0005,572,3.4696192030612285,2.664695973142795,4.196349384378125,0.2331464644258439,1.5316534112353306,-1.6839115230941766,-2.016821101865832,0.0042895806992014,0.7436617614037866,33.236115055926255,23.77068333600904,40.90308836809665,4.397428370935168,2819.437,1.3132020634442203,1.8564874208181572,70.73584494666221,-0.014708889763795696,-0.0002730686882068678,-0.003677222440948924,-6.826717205171695e-05,156
B0005,576,3.470018470757559,2.679191623358613,4.195609431921248,0.2319010543734744,1.5164178085626352,-1.6773783325850855,-2.01659334421236,0.0019608791198133,0.749467869640777,33.18660088296571,23.69874029857621,40.84337405460518,4.3975602464184975,2819.579,1.3077959946944353,1.8564874208181572,70.4446461650727,-0.2911987815895145,-0.005406068749784998,-0.07279969539737863,-0.0013515171874462495,157
B0005,580,3.470762691935287,2.699983457940659,4.195339917236225,0.2304156716587069,1.4953564592955662,-1.676425373206175,-2.018075144841628,0.0018902843294412,0.7504749213693337,33.174058099115534,23.681325932299053,40.81792110626284,4.403923127546659,2810.672,1.3030329186405918,1.8564874208181572,70.18808229071344,-0.25656387435925865,-0.004763076053843518,-0.06414096858981466,-0.0011907690134608795,158
B0005,584,3.468111467035994,2.666300786624286,4.19540205700612,0.232919708838876,1.5291012703818336,-1.67627880896028,-2.018091528339797,0.0024103529115243,0.7506572509412427,33.253984518546055,23.748579260944844,40.94699384765951,4.420460445044872,2811.485,1.3033573559038203,1.8564874208181572,70.20555815721221,0.017475866498770642,0.0003244372632285053,0.004368966624692661,8.110931580712633e-05,159
B0005,588,3.4648625780221494,2.630850137384784,4.195685302232799,0.2358919511891503,1.5648351648480152,-1.6817992883033976,-2.0177167019715503,0.0043239362691777,0.7455663662944304,33.3198093248819,23.789078897860136,41.07493805830632,4.448685891734653,2802.422,1.3034100438655642,1.8564874208181572,70.20839620292978,0.0028380457175671836,5.2687961743957956e-05,0.0007095114293917959,1.3171990435989489e-05,160
B0005,592,3.467864133752208,2.673348140468748,4.195561297751176,0.2326319085826406,1.5222131572824282,-1.6750812261110135,-2.0160479224870884,0.0021385267941699,0.7514866168761039,33.33765795318198,23.827460066666998,41.02476444658572,4.4180440266599135,2801.625,1.2978870806495706,1.8564874208181572,69.9109008817086,-0.2974953212211773,-0.005522963215993659,-0.07437383030529432,-0.0013807408039984148,161
B0005,596,3.464021404592563,2.632763831012711,4.196066962029683,0.2358468286065869,1.5633031310169718,-1.675366426273468,-2.017067096348242,0.0014821450901276,0.7513142100782045,33.29076744042025,23.738230385656276,41.06214198725253,4.452871364364479,2802.031,1.2980735056918902,1.8564874208181572,69.92094269724848,0.010041815539878485,0.00018642504231958235,0.002510453884969621,4.6606260579895586e-05,162
B0005,600,3.4664623858156745,2.6687371180046218,4.196640912532072,0.2333268815865849,1.5279037945274498,-1.6744879201095209,-2.018208092691312,0.001664565598057,0.7524291600776425,33.27568841807217,23.73611267134457,40.98366325567302,4.4397651815234,2793.39,1.293463613844243,1.8564874208181572,69.67263011532883,-0.24831258191964878,-0.004609891847647152,-0.062078145479912195,-0.001152472961911788,163
B0005,604,3.46850906693551,2.696396337945361,4.1956235749123225,0.2310130188837717,1.4992272369669617,-1.6674467270234996,-2.018933300007017,0.002688419180445,0.7584698210792726,33.32067807371405,23.80026564355092,40.98234242711097,4.41924833390441,2793.39,1.288003392619118,1.8564874208181572,69.37851440175622,-0.2941157135726087,-0.005460221225125128,-0.07352892839315217,-0.001365055306281282,164
B0005,608,3.466806213058136,2.6794834862925194,4.195862008850563,0.2324429767597101,1.5163785225580435,-1.6674702882406252,-2.023790681896976,0.0026918488897051,0.7586689544577084,33.37314972896719,23.849121770252687,41.06375085817118,4.432728785638638,2792.485,1.2874525221379407,1.8564874208181572,69.34884167276275,-0.02967272899347506,-0.0005508704811771903,-0.007418182248368765,-0.00013771762029429757,165
B0005,612,3.471070722008039,2.6787137407179737,4.18482689434833,0.2297938191642851,1.506113153630356,-1.6888978346592105,-2.017308526034403,0.0013355993263935,0.739392013708175,33.71351889594897,24.92195746617458,41.047029587744966,4.153195340111811,2802.016,1.3090153642307354,1.8564874208181572,70.5103277055252,1.161486032762454,0.021562842092794687,0.2903715081906135,0.005390710523198672,166
B0005,614,3.475472204020004,2.655378369801326,4.201968615940368,0.2355928568279962,1.5465902461390422,-1.6979281889133206,-2.017696449416675,0.0033069171348786,0.7314040443688112,33.86531768239223,25.09329713312876,41.051007697556734,4.009191205685926,2820.39,1.3250793286429356,1.8564874208181572,71.37561578838873,0.865288082863529,0.01606396441220026,0.4326440414317645,0.00803198220610013,167
B0006,2,3.556946061827572,2.4757677568281857,4.179823027658306,0.2260193210975841,1.70405527083012,-1.990533350635129,-2.015537581193984,0.0004337624657511,0.2014980448792201,32.14277785992152,24.27707330832413,39.16298653238707,3.4516879795744755,3690.234,2.035337591005598,2.035337591005598,100.0,0.0,0.0,0.0,0.0,0
B0006,4,3.56147580138708,2.35152551190002,4.177288238505559,0.2314150428972292,1.8257627266055396,-1.990277542145709,-2.0149020169266376,-0.0002076460832787,0.2019092784154672,32.29307515705474,24.63823886086074,39.2462026826329,3.3954199016861684,3672.344,2.025140246031412,2.035337591005598,99.49898508143072,-0.5010149185692825,-0.010197344974185896,-0.25050745928464124,-0.005098672487092948,1
B0006,6,3.566752469641321,2.440479715106544,4.1781213228923,0.2235489609002163,1.737641607785756,-1.9899467848963857,-2.014434345552428,-0.0006575492150127,0.2024727155112687,32.24414709253608,24.704057719023776,38.999202460252846,3.3498112511075084,3651.641,2.013326371345464,2.035337591005598,98.91854698908898,-0.5804380923417369,-0.011813874685948189,-0.29021904617086847,-0.0059069373429740946,2
B0006,8,3.5687953371516272,2.479155853900392,4.1785623580417175,0.2209790874208208,1.6994065041413258,-1.989600928209944,-2.0142051662535234,0.0001981188152475,0.202976043273228,32.14711742429942,24.648384924528084,38.84362777186652,3.34097552798371,3631.563,2.0132846655407413,2.035337591005598,98.91649790372313,-0.002049085365854353,-4.170580472262486e-05,-0.0010245426829271764,-2.085290236131243e-05,3
B0006,10,3.563970503289941,2.280187848173442,4.17824995156942,0.2350350947520463,1.898062103395978,-1.98954836065757,-2.013995769332238,-0.0011423311186216,0.2027939059818593,32.06687277315468,24.634206199911688,38.97798888258284,3.335733628730513,3629.172,2.000528337624771,2.035337591005598,98.28975529491258,-0.6267426088105452,-0.012756327915970367,-0.3133713044052726,-0.006378163957985183,4
B0006,12,3.5735512387791406,2.4392842568466446,4.193216523251186,0.2254790767639312,1.7539322664045414,-1.9901040351037365,-2.0151519685741275,-0.0015410535505561,0.2022953831615659,32.03447836207717,24.34339960435996,38.83989920742278,3.4066857624064704,3652.281,2.0138990759931645,2.035337591005598,98.9466850557287,0.6569297608161122,0.013370738368393642,0.3284648804080561,0.006685369184196821,5
B0006,14,3.5711391343785897,2.2812068449406446,4.193732603145628,0.2359700655161548,1.912525758204984,-1.9900886222380367,-2.0145081864690626,-0.003149094123493,0.2021566588924074,32.11157496697372,24.43094638944468,39.04610837498471,3.418111771999715,3650.828,2.013101105626967,2.035337591005598,98.907479256665,-0.03920579906369426,-0.0007979703661975535,-0.01960289953184713,-0.00039898518309877673,6
B0006,16,3.568150746216304,2.366410527029613,4.176826628115461,0.2269030060742154,1.810416101085848,-1.9891170520197208,-2.0146816699579064,-0.0008455879137331,0.2044815234039151,32.112576242471775,24.65043547143169,38.87507521022778,3.361489124744099,3572.453,1.96878982627284,2.035337591005598,96.73038197560734,-2.177097281057655,-0.04431127935412693,-1.0885486405288276,-0.022155639677063466,7
B0006,18,3.569283415581244,2.436020049578708,4.176369138969733,0.2225588245195615,1.740349089391025,-1.9892116643905464,-2.015071955488147,-0.0009662247647393,0.2046990658224278,32.03566207329278,24.564976908542672,38.7260539826455,3.3625006565584763,3550.594,1.9681661764334244,2.035337591005598,96.6997408749776,-0.030641100629736684,-0.000623649839415652,-0.015320550314868342,-0.000311824919707826,8
B0006,20,3.563388513484579,2.1864377487643725,4.176897989902666,0.2402526225604835,1.9904602411382932,-1.989191243247005,-2.0155176072270926,0.0001388226084139,0.2048713624028979,31.99527968872302,24.515019617858613,38.98629728904917,3.385578589102732,3551.25,1.9572307917560536,2.035337591005598,96.16246466459876,-0.5372762103788489,-0.010935384677370763,-0.26863810518942444,-0.0054676923386853815,9
B0006,22,3.566658719765511,2.3406023605912454,4.177579509962451,0.2287529216435241,1.8369771493712053,-1.9891317699701736,-2.014079047237871,-0.0021060459646946,0.2054573708045248,31.874127571841356,24.40648205159496,38.65978861919643,3.3793205188021544,3530.25,1.9455991514129352,2.035337591005598,95.59098009149795,-0.571484573100804,-0.011631640343118477,-0.285742286550402,-0.005815820171559238,10
B0006,25,3.568703597012284,2.4263021374140443,4.177996110793395,0.2245021597962224,1.7516939733793508,-1.9887805507702208,-2.0134697854511865,-0.0009907853602489,0.2065843983752092,32.120959708576166,24.666067568688486,38.84979195732924,3.3808182139223475,3491.016,1.934750504484113,2.035337591005598,95.05796547137972,-0.5330146201182373,-0.010848646928822259,-0.17767154003941243,-0.003616215642940753,11
B0006,27,3.569207084156356,2.475369770000704,4.176316409477926,0.2216105334001575,1.7009466394772228,-1.9887320866401277,-2.0148749194363664,-0.0003236492635691,0.2072942912114452,32.11021168908644,24.81910585902456,38.75128344015104,3.338808503004872,3470.281,1.9232799539368028,2.035337591005598,94.49439554578116,-0.5635699255985571,-0.011470550547310054,-0.28178496279927856,-0.005735275273655027,12
B0006,29,3.5659271296109383,2.342364523655007,4.177992455010172,0.2299104622684298,1.8356279313551649,-1.9887200290368636,-2.0144081790374893,-0.0004261867664927,0.2072069655826112,31.989061278918157,24.627666776864352,38.76853764058789,3.374254229146447,3470.0,1.911889930948487,2.035337591005598,93.93478209204012,-0.5596134537410364,-0.011390022988315929,-0.2798067268705182,-0.005695011494157964,13
B0006,31,3.561241727064949,2.188400081882664,4.177439981618572,0.2403587697834046,1.989039899735908,-1.9887874042287876,-2.014472686005532,-0.0010580730504302,0.2076990497369646,31.87881444863544,24.450913129560718,38.84686112344348,3.4094253817648514,3450.297,1.9010667141979305,2.035337591005598,93.40301690486008,-0.5317651871800422,-0.01082321675055642,-0.2658825935900211,-0.00541160837527821,14
B0006,33,3.557881987836072,2.1206980945954057,4.17561570814845,0.244523709215342,2.054917613553044,-1.98859108959304,-2.0146756268214814,-0.0037766213378683,0.2080360311620029,31.7674507110244,24.26604433063594,38.8658897816528,3.442042131356067,3429.407,1.8891989948061456,2.035337591005598,92.81993331989464,-0.5830835849654363,-0.011867719391784881,-0.29154179248271817,-0.0059338596958924406,15
B0006,35,3.56282437243777,2.369981457799298,4.177602520456299,0.2289925495882759,1.8076210626570008,-1.9884892463229664,-2.015931347705288,0.0009547908042232,0.2089614865733148,31.78991634963658,24.34725293029431,38.647578733807656,3.4218510147625074,3409.484,1.878278372248849,2.035337591005598,92.2833824005014,-0.5365509193932496,-0.010920622557296644,-0.2682754596966248,-0.005460311278648322,16
B0006,37,3.559195328016864,2.247991649924625,4.176354539745044,0.2362539061879907,1.928362889820419,-1.9883474274444877,-2.01432419683381,0.0003362560415229,0.2093662777742531,31.82883467218067,24.38027426491721,38.79218188173866,3.438861518594519,3390.422,1.8675697161520208,2.035337591005598,91.75724579573613,-0.52613660476527,-0.01070865609682814,-0.263068302382635,-0.00535432804841407,17
B0006,39,3.5580906165580983,2.4115317107898875,4.177450270459645,0.2324882160525024,1.7659185596697575,-1.9774549866256104,-2.015920256743369,-0.0022772410696178,0.2555143974441181,31.890449470827843,24.455293448252306,38.77022223929529,3.452471732465585,3390.281,1.8675892574453767,2.035337591005598,91.75820589657847,0.0009601008423487656,1.954129335590693e-05,0.0004800504211743828,9.770646677953465e-06,18
B0006,42,3.565899462157853,2.203355846859377,4.174584178175673,0.2366643556634363,1.9712283313162955,-1.9892347833261184,-2.0202081897757225,0.000974138023539,0.2038860410248102,31.51177053595285,24.511611712923585,37.54320599748628,3.103623335557848,3591.734,1.979626548250818,2.035337591005598,97.26281070025072,5.504604803672251,0.11203729080544123,1.8348682678907504,0.03734576360181374,19
B0006,46,3.570814209348872,2.35887751155593,4.175224020262452,0.2257817183072902,1.816346508706522,-1.9890474874073767,-2.014116181004981,-0.0003149484747221,0.2051049765214555,31.874488497680712,24.910587532937,37.90362577530197,3.1350663437202995,3552.297,1.9575499080884025,2.035337591005598,96.17814345585968,-1.0846672443910421,-0.022076640162415506,-0.27116681109776053,-0.0055191600406038765,20
B0006,50,3.5666817833633124,2.218672914041916,4.177217300859919,0.2346094183364103,1.9585443868180028,-1.988682950523383,-2.014039356997488,-0.0012008977604898,0.2054837524109853,31.53911453638972,24.56766501155013,37.6701605139887,3.1381261956274136,3531.578,1.9458150170787551,2.035337591005598,95.6015859814876,-0.5765574743720805,-0.011734891009647308,-0.14413936859302012,-0.002933722752411827,21
B0006,54,3.566839274502584,2.339723057947995,4.176681511062203,0.2275721037589103,1.836958453114208,-1.9885447318884863,-2.014851230713757,0.0005293257555654,0.2067225742974954,31.220866832188783,24.224319222372547,37.34166959188387,3.158169521103049,3492.907,1.9242461121680092,2.035337591005598,94.5418647339628,-1.0597212475248057,-0.021568904910745923,-0.2649303118812014,-0.005392226227686481,22
B0006,58,3.571051969392875,2.399750820894273,4.190384318239257,0.2274735465135579,1.7906334973449836,-1.9885639445355097,-2.013606338093071,-0.0023840361465472,0.205949863235092,31.119005145018026,24.029961629396936,37.28979017254232,3.191016881727366,3511.594,1.945981133142164,2.035337591005598,95.60974757905956,1.0678828450967615,0.021735020974154695,0.26697071127419036,0.005433755243538674,23
B0006,62,3.5666308474029798,2.491410879472442,4.176973413125379,0.2206872835029021,1.6855625336529363,-1.9880563928902784,-2.014324216253238,-0.0016423681986834,0.2082194776973129,31.03324407815673,24.015743593007038,37.16794481484507,3.178274753040712,3431.9370000000054,1.901407930553079,2.035337591005598,93.41978151219875,-2.189966066860805,-0.044573202589084815,-0.5474915167152012,-0.011143300647271204,24
B0006,66,3.552739224085492,2.1387303309558976,4.173452155236546,0.247611408661123,2.034721824280649,-1.9772969675547487,-2.0138293357975146,-0.0013483637694533,0.254357010276143,31.001249222460967,23.89771458163466,37.51577848501052,3.2517471075044155,3431.125,1.878674213680085,2.035337591005598,92.3028308415357,-1.1169506706630585,-0.022733716872994192,-0.27923766766576463,-0.005683429218248548,25
B0006,70,3.556095975504661,2.346064498302046,4.1764585468168685,0.2350474792446774,1.8303940485148225,-1.9771693646864963,-2.022139165928567,-0.0002601209110219,0.2551582914599148,30.92143474404136,23.81688709830912,37.24165964092258,3.2514088568578026,3412.406,1.8683061328264217,2.035337591005598,91.79342734506018,-0.5094034964755139,-0.010368080853663253,-0.12735087411887847,-0.0025920202134158132,26
B0006,74,3.5504500858303394,2.327337743316428,4.17626102066065,0.2406067659878122,1.8489232773442223,-1.9660385076397235,-2.019521715890847,0.0002252111894657,0.2937138458930206,30.92936024820721,23.762584263292904,37.27233216178077,3.2941943415901576,3410.688,1.8560244070083,2.035337591005598,91.19000283836426,-0.6034245066959159,-0.012281725818121592,-0.15085612667397896,-0.003070431454530398,27
B0006,78,3.546007083640312,2.486311723336632,4.172855540858831,0.2354492688492975,1.6865438175221992,-1.9445990482746272,-2.0145859231710013,0.0012030807811573,0.3577078373373369,31.00810965793079,23.77382410040801,37.2071345030198,3.341032131000837,3410.718,1.8451997961855775,2.035337591005598,90.65816915777204,-0.5318336805922286,-0.010824610822722569,-0.13295842014805714,-0.0027061527056806423,28
B0006,82,3.554257954720065,2.292166351092089,4.188187801734904,0.2427128625572547,1.896021450642814,-1.9769156942357176,-2.01454229289152,0.0017843402447845,0.2558933807761204,30.96779499306422,23.756892194026197,37.49607769896255,3.31669361949765,3392.719,1.857228890885317,2.035337591005598,91.24918141799353,0.5910122602214898,0.012029094699739451,0.14775306505537245,0.0030072736749348628,29
B0006,86,3.555857469677978,2.434300686181212,4.189991619197343,0.2207853625694854,1.7556909330161314,-1.9997552547832569,-2.015096988943597,-0.0027900265773602,0.1470043535498793,31.10097217303459,23.74029655014346,37.25007396118109,3.2531629586518043,3470.672,1.9247760889090637,2.035337591005598,94.56790349742867,3.3187220794351475,0.06754719802374676,0.8296805198587869,0.01688679950593669,30
B0006,90,3.5537306734803207,2.472619908000758,4.186982490201218,0.2236896583668776,1.7143625822004598,-1.9884344406296768,-2.0246589334484746,0.0002199461690219,0.2090147822320789,31.307368922041046,24.18583594954418,37.39699052067588,3.156544785963643,3414.109,1.8822317526092551,2.035337591005598,92.47761948322794,-2.0902840142007335,-0.04254433629980858,-0.5225710035501834,-0.010636084074952146,31
B0006,94,3.5452650003621518,2.403422072720937,4.186483106541616,0.2321533209925861,1.7830610338206785,-1.9771310999966945,-2.014540253971324,-0.0013831277471471,0.25597312110332,31.13133998716456,23.96227406279053,37.2852066420257,3.2111654279221145,3395.219,1.855276687885587,2.035337591005598,91.1532659782966,-1.324353504931338,-0.026955064723668043,-0.3310883762328345,-0.006738766180917011,32
B0006,98,3.538408778928339,2.4006679782182205,4.187721936001791,0.2362466707050809,1.787053957783571,-1.965705768920947,-2.01409107585058,0.001159493985813,0.2951821945658388,30.82871377910505,23.520157783193987,37.080390421974414,3.273173572550457,3386.0,1.839250891718188,2.035337591005598,90.36588818710266,-0.787377791193947,-0.016025796167399076,-0.19684444779848675,-0.004006449041849769,33
B0006,102,3.529768831133268,2.3194299432177345,4.184171356892756,0.2439099480182485,1.8647414136750216,-1.9542494702422435,-2.0132183154407977,0.0012199865224596,0.3301024928060525,30.761533072057244,23.52943289153009,36.98024266357476,3.26325912224477,3368.187,1.8185396073994429,2.035337591005598,89.34830346748316,-1.0175847196194923,-0.020711284318745138,-0.25439617990487307,-0.0051778210796862845,34
B0006,106,3.53006768404233,2.340173173498008,4.186779863144672,0.244307450843308,1.846606689646664,-1.9490605727432448,-2.014277570695985,0.0007126137257657,0.3456683188151143,31.30305692941581,23.947667716448013,37.59874124546701,3.325705159902736,3368.266,1.8134770059567056,2.035337591005598,89.09956824708976,-0.24873522039339946,-0.005062601442737291,-0.062183805098349865,-0.0012656503606843228,35
B0006,110,3.5248882875629555,2.382960351080877,4.186482965601712,0.2437596038408747,1.8035226145208347,-1.9373547119632697,-2.014866249205715,0.0010041973417186,0.3750698159946979,31.06432144678013,23.724670891624807,37.33680914521836,3.3542974150774905,3358.719,1.7971018450305436,2.035337591005598,88.29502550201761,-0.8045427450721547,-0.01637516092616198,-0.20113568626803868,-0.004093790231540495,36
B0006,114,3.5190926887152725,2.351855540704836,4.184741677172267,0.2466646374551046,1.8328861364674316,-1.931260408871348,-2.014036681172477,0.000927975516279,0.3898005855519572,30.96654665282149,23.509674105704786,37.39499820465976,3.4007883405434325,3339.5,1.7810046294120476,2.035337591005598,87.50413873759919,-0.790886764418417,-0.016097215618495975,-0.19772169110460425,-0.004024303904623994,37
B0006,118,3.5151810230271,2.3535104841115886,4.186114015167315,0.2478316884589455,1.8326035310557267,-1.925413982519257,-2.013562007420154,0.0004104562259902,0.4032503267568939,30.82645569799297,23.239016261869025,37.35233964342659,3.473951745369301,3331.265,1.7710130422682329,2.035337591005598,87.01323309187394,-0.490905645725249,-0.009991587143814762,-0.12272641143131224,-0.0024978967859536905,38
B0006,122,3.514029112834162,2.3948058223938364,4.186378094589789,0.2462039635221528,1.7915722721959524,-1.9198444871883995,-2.0146073733834746,0.000933218792395,0.4166720426682412,31.080769482413952,23.40832459139638,37.58677381866742,3.524616662385745,3321.188,1.7604712448170945,2.035337591005598,86.49529456915789,-0.5179385227160509,-0.010541797451138368,-0.12948463067901272,-0.002635449362784592,39
B0006,126,3.514139684003936,2.4418858444380294,4.185742966026202,0.2438026290293721,1.743857121588173,-1.908733158939213,-2.0156412315711094,0.0014623495361316,0.4405439902279281,31.694287817425337,23.99387524361192,38.20704456989348,3.541321887482378,3321.844,1.7502913788006589,2.035337591005598,85.9951384249673,-0.5001561441905977,-0.010179866016435613,-0.12503903604764943,-0.002544966504108903,40
B0006,130,3.509578354212467,2.391848815367812,4.18499542353586,0.2482268101265912,1.7931466081680476,-1.90276801874341,-2.014135597110891,-0.0009765358148676,0.4523465874192101,31.875581783696685,24.22249363678538,38.340431886092745,3.526080775204936,3311.828,1.7394925037732578,2.035337591005598,85.46456919285944,-0.530569232107851,-0.010798875027401067,-0.13264230802696275,-0.0026997187568502667,41
B0006,134,3.5110708693292705,2.3166154227865463,4.175622772952551,0.2572766067465748,1.8590073501660045,-1.909324756651121,-2.013918427729744,0.0005605769329787,0.4388877345508464,31.543288143901563,23.93160080766445,38.521539672721865,3.634659703403752,3327.391,1.7546766553637203,2.035337591005598,86.21059538809914,0.7460261952396934,0.015184151590462491,0.18650654880992334,0.003796037897615623,42
B0006,136,3.5159179315855056,2.4110989960643794,4.191704957733779,0.2459852185551819,1.7806059616693997,-1.9306372167933323,-2.0164764928559697,0.0006125224393033,0.3913947338973055,31.420983409991024,23.80004225730534,38.03707160241571,3.5081719161772016,3312.078,1.7659390941842177,2.035337591005598,86.7639403894526,0.5533450013534633,0.011262438820497378,0.27667250067673166,0.005631219410248689,43
B0006,140,3.50585340727078,2.4510125175432287,4.185468369564667,0.2443116740829718,1.7344558520214384,-1.907114151507875,-2.014424639912736,0.0007263099562474,0.4422052936741676,31.15837149963786,23.32504476677704,37.9342856877206,3.62563742991546,3293.172,1.7337887419624838,2.035337591005598,85.18433254632082,-1.5796078431317824,-0.0321503522217339,-0.3949019607829456,-0.008037588055433476,44
B0006,144,3.5010379345914444,2.471216186082459,4.184201889006967,0.2435154606775506,1.7129857029245086,-1.8953541357988333,-2.013684034338365,0.0006105952606363,0.4660772511913581,31.15661421699882,23.22751550921504,37.88470784051604,3.66886365748169,3275.328,1.713325912040734,2.035337591005598,84.17895486292434,-1.0053776833964747,-0.020462829921749748,-0.2513444208491187,-0.005115707480437437,45
B0006,148,3.497407662636496,2.470968641396993,4.185838836583766,0.2445959190290591,1.7148701951867733,-1.8892713805954209,-2.015243276008703,0.0013481309742365,0.4777097893062262,31.206611383963253,23.20127236203539,38.065368726791895,3.719915578953458,3265.016,1.7024077813673466,2.035337591005598,83.64252637451848,-0.5364284884058605,-0.010918130673387427,-0.13410712210146514,-0.002729532668346857,46
B0006,150,3.5388872766749144,2.4288023941361625,4.1729165619005535,0.2309867758956904,1.744114167764391,-1.9819359924929796,-2.014822027548639,0.0008839578040008,0.2364515161076043,33.61169282822636,26.602945710082057,39.788440481350335,3.154396442141881,3328.937,1.82371946178183,2.035337591005598,89.60279954741002,5.960273172891533,0.12131168041448337,2.9801365864457665,0.060655840207241685,47
B0006,154,3.5327430295356828,2.3551430866643166,4.186982012423103,0.2418018875756491,1.8318389257587864,-1.9653277079992453,-2.014147642384201,0.0013785124508379,0.2976263378401198,32.85630077141311,25.5878756709222,39.21290317800791,3.3014338549444924,3329.266,1.8081284050314708,2.035337591005598,88.83678132914206,-0.7660182182679591,-0.015591056750359211,-0.19150455456698978,-0.003897764187589803,48
B0006,158,3.521214759733266,2.365933525789291,4.186537777937825,0.2452054406792465,1.820604252148534,-1.9470636598230844,-2.013545732341586,0.0013469218858249,0.3489537540343098,32.210981559158874,24.78851122180796,38.66937823121345,3.4005903322527105,3301.579,1.7757610945034283,2.035337591005598,87.246513912519,-1.5902674166230497,-0.032367310528042426,-0.39756685415576243,-0.008091827632010606,49
B0006,162,3.509311143950668,2.3481961394586457,4.182282350256796,0.248638831497769,1.8340862107981504,-1.9241628426386397,-2.0143501433980724,0.0011884652184539,0.4061890328898604,31.965090081650278,24.29903895658481,38.5170065164806,3.5201708513727663,3283.563,1.7447409841836798,2.035337591005598,85.72243699983238,-1.524076912686624,-0.031020110319748495,-0.381019228171656,-0.007755027579937124,50
B0006,166,3.50716091973708,2.46945948630322,4.185961817428056,0.2424586650189987,1.7165023311248355,-1.912447043935375,-2.013955993405398,0.0023455920246722,0.4317752957380261,31.744801840189535,23.98489574710264,38.29250529949152,3.5757503955650507,3275.125,1.729207034132373,2.035337591005598,84.95922454210778,-0.763212457724606,-0.015533950051306755,-0.1908031144311515,-0.003883487512826689,51
B0006,170,3.500928918686389,2.4666715880697576,4.1836566973224585,0.2430609784085709,1.7169851092527009,-1.8950209973545984,-2.0143598768040447,0.0008097171102984,0.4667188589869889,31.876564068962463,23.99541497188152,38.52091685291118,3.6558828773689824,3265.656,1.7081086552553244,2.035337591005598,83.92262113192731,-1.0366034101804615,-0.021098378877048685,-0.2591508525451154,-0.005274594719262171,52
B0006,174,3.4973019898820894,2.448293126278513,4.184390004467988,0.2453760679343642,1.7360968781894748,-1.883708243517891,-2.0146981664689427,2.3587764193591595e-05,0.4881903895942605,32.24289319481841,24.295032488841088,38.95436345473558,3.672889296106637,3266.093,1.6975954237461768,2.035337591005598,83.40608610817466,-0.5165350237526525,-0.010513231509147625,-0.12913375593816312,-0.002628307877286906,53
B0006,178,3.492903830118716,2.4745215382882586,4.184732708741646,0.2438793645597097,1.7102111704533876,-1.8716651994380051,-2.0150505202774576,0.0028840576269616,0.508922907014493,32.07305565938816,24.10547107270791,38.73136385469604,3.6834438401651113,3257.594,1.6820634524029463,2.035337591005598,82.64297086813447,-0.763115240040193,-0.015531971343230477,-0.19077881001004826,-0.0038829928358076193,54
B0006,182,3.488659224822318,2.469127855241356,4.185835940524748,0.2448974746562021,1.716708085283392,-1.8654809345089407,-2.016431910751689,0.0008062258329325,0.5191412899392004,32.0301409298912,23.97620032331416,38.74827601131975,3.74788604064954,3248.593,1.6714768322295086,2.035337591005598,82.1228301199745,-0.5201407481599745,-0.0105866201734377,-0.13003518703999362,-0.002646655043359425,55
B0006,186,3.482293080477401,2.4177173347922416,4.185703389994729,0.2489494176128845,1.7679860552024875,-1.8592903578576,-2.013961242413253,0.0013000288987228,0.5292867036601664,31.984935871368258,23.819965773306656,38.84227056628921,3.8030419719405057,3238.766,1.6607591387047655,2.035337591005598,81.59624948921793,-0.5265806307565697,-0.010717693524743055,-0.13164515768914242,-0.0026794233811857637,56
B0006,190,3.477575664197982,2.3775131079338427,4.184887437252902,0.2514916927324808,1.8073743293190596,-1.848156298789804,-2.0142789765419598,3.3324869557570366e-05,0.5476209059238868,32.23677365476226,23.938135747847078,39.22138199620832,3.8864318857653655,3240.14,1.651121015038069,2.035337591005598,81.12271017518528,-0.47353931403264937,-0.009638123666696474,-0.11838482850816234,-0.0024095309166741186,57
B0006,194,3.478743650648925,2.443723814618984,4.1845671326128535,0.2474382290635301,1.7408433179938694,-1.841574247353844,-2.0170700253976435,0.0008339594777993,0.5572043810030383,32.56097148037261,24.442914706328597,39.46651089916252,3.7845576572627713,3230.109,1.640134925619093,2.035337591005598,80.58294274458677,-0.5397674305985021,-0.010986089418976164,-0.13494185764962552,-0.002746522354744041,58
B0006,198,3.4740152461288862,2.4324278256917147,4.184590722398005,0.2478147664618082,1.75216289670629,-1.8297533943331723,-2.0153270924031044,0.0022672987245563,0.5744007772604264,32.48984985901219,24.244880453394085,39.352653481724175,3.835762334103568,3229.7810000000027,1.629199941616544,2.035337591005598,80.04568622012265,-0.5372565244641265,-0.010934984002548997,-0.13431413111603163,-0.0027337460006372494,59
B0006,202,3.4718387718772696,2.494085641889116,4.181227276564003,0.2422602086439929,1.6871416346748864,-1.8170860697729956,-2.0264444143525524,0.0025875856512713,0.59213769752695,32.42612199208859,24.11448837545242,39.31890647034385,3.8710134033093055,3212.469,1.6088496302961666,2.035337591005598,79.04583678923177,-0.9998494308908761,-0.020350311320377346,-0.24996235772271902,-0.005087577830094336,60
B0006,206,3.463180130644551,2.382347172890769,4.182601669503782,0.2504181845874574,1.8002544966130132,-1.8111560774496664,-2.014269976996697,0.0017194503246426,0.6001337686853253,32.29984271249387,23.92892683205548,39.47196886600465,3.927776584794101,3213.219,1.6035244898969248,2.035337591005598,78.78420253146665,-0.26163425776512383,-0.005325140399241812,-0.06540856444128096,-0.001331285099810453,61
B0006,210,3.463469391967206,2.406668297987779,4.183991041340736,0.2487915389344337,1.7773227433529568,-1.8113056300795984,-2.0248983473305704,0.0007053447084269,0.600869683312538,32.610757585145336,24.06213313647768,39.74009698783903,4.013744044379012,3203.578,1.5989712144027983,2.035337591005598,78.56049146190021,-0.22371106956643416,-0.00455327549412643,-0.05592776739160854,-0.0011383188735316074,62
B0006,214,3.46021805164007,2.4204142690378765,4.182425008087469,0.2487212354561505,1.7620107390495925,-1.803802475704306,-2.0134062122749032,0.0003711699027851,0.609256745218589,32.25699351958767,24.42380807187004,39.03600072360686,3.6982862582092095,3195.125,1.5876273123575604,2.035337591005598,78.0031440176547,-0.557347444245508,-0.011343902045237941,-0.139336861061377,-0.0028359755113094853,63
B0006,216,3.462574876665621,2.4507845245525197,4.190985194174346,0.2466133989346025,1.740200669621827,-1.7982439953659044,-2.014898941623113,0.001011704895855,0.6170700333090209,32.47193402838835,24.29784270606684,39.16106395962828,3.78790549192839,3195.312999999994,1.5829719744686166,2.035337591005598,77.77441842886215,-0.22872558879255678,-0.004655337888943789,-0.11436279439627839,-0.0023276689444718945,64
B0006,220,3.4537077937586056,2.393032881923072,4.181860480163402,0.2484868200983083,1.78882759824033,-1.7857963808615818,-2.014097659688176,0.0007636707747866,0.6325019447665697,32.40219271195366,24.115666972211724,39.20051799483514,3.846376961560338,3186.297,1.567137636713563,2.035337591005598,76.99644735295674,-0.7779710759054126,-0.015834337755053607,-0.19449276897635315,-0.003958584438763402,65
B0006,224,3.4514035349888337,2.3938995980718403,4.183449364094532,0.2488480181764858,1.7895497660226916,-1.7850748194527644,-2.01648199199959,0.0005527600059578,0.6334473857166003,32.30987415652578,23.949350638183297,39.15878418316098,3.8820938385045634,3176.438,1.5613446139713882,2.035337591005598,76.71182514739364,-0.28462220556309603,-0.005793022742174747,-0.07115555139077401,-0.0014482556855436868,66
B0006,228,3.450781146333252,2.4373294683003053,4.182943907496545,0.2453130005434406,1.74561443919624,-1.7785916660457872,-2.014359351341952,-9.517952000869488e-05,0.6414164907293518,32.35440526839345,23.94684852697399,39.18225956809825,3.903699189649736,3167.593,1.551171189279042,2.035337591005598,76.21198547768459,-0.49983966970904703,-0.010173424692346167,-0.12495991742726176,-0.0025433561730865417,67
B0006,232,3.446105572450592,2.3705330061374523,4.182592999177517,0.249252351248828,1.812059993040065,-1.7727874712030285,-2.016181081460114,0.00150486520794,0.6485964889257356,32.4731363791227,24.029360363522056,39.38159156766375,3.931024295459936,3167.719,1.5406741606295171,2.035337591005598,75.69624653118686,-0.5157389464977342,-0.010497028649524953,-0.12893473662443355,-0.0026242571623812383,68
B0006,236,3.4418152533277144,2.351294851260762,4.177556435498103,0.2487652105075045,1.8262615842373404,-1.7601807681971695,-2.0224281819207026,0.0044825272319085,0.6631565458391762,32.52334649341759,24.054796737761627,39.44712875501599,3.938262085403885,3159.077999999994,1.5253138744624433,2.035337591005598,74.94156650980108,-0.7546800213857807,-0.015360286167073856,-0.18867000534644518,-0.003840071541768464,69
B0006,240,3.445008015985666,2.436845595522602,4.183199732433941,0.2447913717691086,1.7463541369113391,-1.76530278835697,-2.015670909853089,0.0010131499204386,0.6571846357909039,32.518264823491045,24.004853828853747,39.40950590627068,3.9548553266160913,3148.829,1.5301570318067428,2.035337591005598,75.17952002501654,0.23795351521546593,0.00484315734429952,0.05948837880386648,0.00121078933607488,70
B0006,244,3.441164687975023,2.39030487147494,4.183585552184287,0.2475013732087286,1.7932806807093464,-1.7593486488770236,-2.0154336980599203,0.0029393579553847,0.6641591087376718,32.5437072434024,23.98676553992143,39.48443326993031,3.976991828284564,3149.094,1.524656683447409,2.035337591005598,74.90927746753414,-0.2702425574824048,-0.005500348359333884,-0.0675606393706012,-0.001375087089833471,71
B0006,248,3.443620591429828,2.4892160721496315,4.183170360974043,0.2406026011996967,1.6939542888244117,-1.752616789873766,-2.014176241235146,0.0051389417845652,0.6716629492050046,32.562223096007365,23.97265590751813,39.4416762582387,3.975934247345534,3140.547,1.5145492986655429,2.035337591005598,74.4126824640059,-0.4965950035282418,-0.010107384781866013,-0.12414875088206045,-0.0025268461954665034,72
B0006,252,3.439943269617906,2.450611393803655,4.183501501534186,0.2431699821482146,1.7328901077305314,-1.7516949849801624,-2.0151247064734266,0.0019635914622084,0.6726373836789596,32.58978020040808,23.95941142019243,39.53866201326228,4.000898498406376,3131.625,1.509391504602082,2.035337591005598,74.15927024943012,-0.2534122145757749,-0.005157794063460841,-0.06335305364394372,-0.0012894485158652103,73
B0006,256,3.43602719305159,2.4111946043456745,4.183243008796117,0.2455989171946552,1.7720484044504423,-1.7510429704034998,-2.0150071612077523,0.001009697699575,0.6733747307759468,32.57089563557426,23.89672125029287,39.5867547936938,4.02666129809132,3121.907,1.5039974333050703,2.035337591005598,73.89424928579005,-0.2650209636400689,-0.005394071297011749,-0.06625524091001722,-0.0013485178242529372,74
B0006,260,3.436309312279291,2.4609139768640715,4.182038001412004,0.2415711613630848,1.721124024547933,-1.7388746112390865,-2.0158858292130217,0.001556366600458,0.6864768027433327,32.5378543470942,23.846991377084784,39.49975288442087,4.020828997942116,3122.125,1.4935201918040188,2.035337591005598,73.37948251946334,-0.5147667663267157,-0.010477241501051449,-0.12869169158167892,-0.002619310375262862,75
B0006,264,3.430470227771154,2.378420264362521,4.182440318401142,0.2472853158271117,1.8040200540386209,-1.738622547139575,-2.0170367841185635,0.0012040695085459,0.6863796794736801,32.65645090520509,23.868790356430857,39.9686395722832,4.103220643198136,3121.672,1.4876323024497422,2.035337591005598,73.09019933714036,-0.28928318232297556,-0.005887889354276643,-0.07232079558074389,-0.0014719723385691608,76
B0006,266,3.4417311090871063,2.3844697219937414,4.189962701965466,0.2506857548397359,1.8054929799717243,-1.7870762809520675,-2.015207980747731,0.0004792431384679,0.6310954422556229,33.180785234653264,24.45395460946014,40.42668250871336,4.098677157793769,3120.86,1.5302876214401704,2.035337591005598,75.18593614163545,2.0957368044950897,0.04265531899042818,1.0478684022475449,0.02132765949521409,77
B0006,270,3.4355429213552537,2.448639661640692,4.181214475643097,0.243845033223026,1.732574814002405,-1.7612682208672186,-2.013340550431054,0.0013906428309179,0.6615169962236325,32.71220835503141,23.81264716305157,40.02451449021777,4.174127825229612,3103.828,1.5040760088360112,2.035337591005598,73.89810985080334,-1.2878262908321148,-0.026211612604159162,-0.3219565727080287,-0.006552903151039791,78
B0006,274,3.4272336842373576,2.362869757217078,4.182157933832856,0.2487276936927746,1.8192881766157776,-1.7545532300777185,-2.0143052426244057,0.0016812263902274,0.6692392427565726,32.543943889007906,23.379533041996076,40.02167483360719,4.293837140083576,3095.094,1.4887593608730894,2.035337591005598,73.14557385723607,-0.752535993567264,-0.01531664796292187,-0.188133998391816,-0.0038291619907304675,79
B0006,278,3.430753651868756,2.479712742728869,4.1802491747767325,0.2398186898640942,1.700536432047863,-1.7364250156958492,-2.01522796444188,0.0068481184251259,0.6892528926488453,32.6655410721976,23.483667289937664,40.07821178158415,4.279541188128675,3095.781,1.4782779285546637,2.035337591005598,72.63060118809538,-0.5149726691406897,-0.010481432318425687,-0.12874316728517243,-0.002620358079606422,80
B0006,282,3.430880434209888,2.460990256984241,4.182775550999248,0.2412584602938845,1.7217852940150071,-1.7371686757879778,-2.0164424024266667,0.0002472528891452,0.6891473173604608,33.160922870564626,23.948764926788748,40.56578932835109,4.287969337587418,3094.328,1.478459982215684,2.035337591005598,72.63954583009604,0.0089446420006567,0.00018205366102042042,0.002236160500164175,4.5513415255105105e-05,81
B0006,286,3.431984614031654,2.4794507375590507,4.182970513713943,0.2403918787539756,1.703519776154892,-1.7358183569582517,-2.0141732645976056,0.0010030052573825,0.6899134259363504,33.414445545408455,24.305636072230342,40.75221353269305,4.242923162320275,3086.531,1.473214844899973,2.035337591005598,72.38184227571321,-0.25770355438282877,-0.00524513731571119,-0.06442588859570719,-0.0013112843289277976,82
B0006,290,3.426913589626702,2.421513989921717,4.182588389688278,0.2435331371976242,1.761074399766561,-1.7297302660430056,-2.014533312293864,0.0019538634173119,0.696447397100997,33.3541679486525,24.16642252229391,40.71162611325717,4.274654939428474,3085.625,1.4675164935067897,2.035337591005598,72.10187145326269,-0.2799708224505224,-0.005698351393183199,-0.0699927056126306,-0.0014245878482957997,83
B0006,294,3.422042235670516,2.392798962354417,4.180388252515709,0.2450521109496672,1.787589290161291,-1.727867109899114,-2.0150807231044525,0.0024649324773408,0.698121088593313,33.13634596100404,23.980795554734595,40.58721297402195,4.272886579538151,3067.203,1.4516292657521337,2.035337591005598,71.32130179126342,-0.7805696619992659,-0.015887227754656008,-0.19514241549981648,-0.003971806938664002,84
B0006,298,3.4202687142856667,2.410475236770924,4.182476201666448,0.2445224118963859,1.7720009648955242,-1.726907314763758,-2.0151017082510445,0.0011413024919993,0.6989995507446921,32.92241762841388,23.638284377724087,40.37035790264624,4.331246781656428,3058.157,1.4519237720967175,2.035337591005598,71.33577144710263,0.014469655839207007,0.0002945063445838336,0.003617413959801752,7.36265861459584e-05,85
B0006,302,3.4248208106770663,2.4915333699239977,4.182567814531136,0.2387189576432824,1.691034444607138,-1.7211995934038338,-2.015773418279684,0.0003841275623097,0.705261585612315,33.20338483123576,23.829441222036376,40.667923693760464,4.359498212766225,3058.812,1.4471484694777743,2.035337591005598,71.10115176336829,-0.23461968373433706,-0.004775302618943211,-0.058654920933584265,-0.0011938256547358028,86
B0006,306,3.423499088319266,2.444861994529003,4.182606347806988,0.2415601125159711,1.7377443532779853,-1.721141114732718,-2.016566183590645,0.0012181075137996,0.70520381156388,33.533950654066935,24.20984647694025,40.99035688395247,4.344683946650958,3058.578,1.4468538105659885,2.035337591005598,71.08667461161282,-0.014477151755471596,-0.0002946589117858167,-0.003619287938867899,-7.366472794645418e-05,87
B0006,310,3.4247420964314874,2.484075539808225,4.183047552179642,0.2394044963910197,1.6989720123714165,-1.7200547727480755,-2.018144057635402,0.0004305744501005,0.7063056423778308,33.5767934055627,24.27322345224107,40.99774402817452,4.336933667265993,3049.328,1.4416741930284678,2.035337591005598,70.8321901683239,-0.2544844432889164,-0.00517961753752072,-0.0636211108222291,-0.00129490438438018,88
B0006,313,3.450702139255875,2.479017302613424,4.222516216835943,0.2498681190650427,1.7434989142225188,-1.8210481343824243,-2.0143333289759338,0.0002920618634497,0.5870046814200932,33.224088400657315,24.0581768445586,40.77265883698999,4.292984862195963,3177.219,1.5935866593100128,2.035337591005598,78.2959380474406,7.463747879116696,0.15191246628154498,2.4879159597055653,0.05063748876051499,89
B0006,316,3.448047542990752,2.4820670710190385,4.1909374470770855,0.2428918235329487,1.708870376058047,-1.821445703423604,-2.016338466932382,0.0002026611206909,0.5868021780918599,33.37083344726966,24.676724380143,40.52220493430463,4.07675840902897,3082.937,1.5463902376915637,2.035337591005598,75.9770882494014,-2.3188497980391958,-0.04719642161844906,-0.7729499326797319,-0.01573214053948302,90
B0006,320,3.439948189189645,2.452449045714353,4.183028520369727,0.2424293316934498,1.7305794746553742,-1.7899159936953069,-2.0145951136219598,0.0019503732302666,0.6278130340643914,33.43366634309322,24.71374963671338,40.57746834859555,4.094328906924488,3074.266,1.51470559175661,2.035337591005598,74.42036144029748,-1.556726809103921,-0.03168464593495379,-0.38918170227598026,-0.007921161483738448,91
B0006,324,3.434112914501242,2.4198491932573414,4.1838942747302825,0.2444901326562916,1.7640450814729411,-1.7769345930773324,-2.0144018884289827,0.0005084867021221,0.6433896249887968,33.28676739403043,24.452648939888725,40.516963879873735,4.148554523311033,3066.0,1.4989786083335404,2.035337591005598,73.64766488653811,-0.7726965537593742,-0.01572698342306955,-0.19317413843984355,-0.003931745855767388,92
B0006,328,3.432560094036392,2.4706823501191706,4.1839835007856605,0.2411030727906866,1.71330115066649,-1.7640032117743043,-2.015270624937178,0.0007359350635753,0.6586649159229433,33.14347737377552,24.22465149338904,40.34325381638243,4.160423251021807,3056.437,1.4831110745410492,2.035337591005598,72.86806282628963,-0.7796020602484788,-0.015867533792491173,-0.1949005150621197,-0.003966883448122793,93
B0006,332,3.4270614887575657,2.413759774558071,4.183640209073579,0.244253898668663,1.7698804345155086,-1.7571701008871028,-2.015800833534411,0.0021242129148989,0.666669840838828,33.11021541795579,24.107818019162877,40.39341126895154,4.218777608920164,3048.219,1.4729664825468278,2.035337591005598,72.36963976177928,-0.498423064510348,-0.010144591994221352,-0.124605766127587,-0.002536147998555338,94
B0006,336,3.427340316812041,2.4562499847243027,4.183387047926521,0.2414807156920839,1.7271370632022185,-1.7502670210777267,-2.015384828991305,0.0017289535444482,0.6742901923854049,33.18991802149879,24.152350848480747,40.46341487442664,4.226492089676788,3039.218,1.4627604396099307,2.035337591005598,71.86819749578868,-0.5014422659906046,-0.010206042936897086,-0.12536056649765115,-0.0025515107342242715,95
B0006,340,3.423482197888437,2.401794655879554,4.18356344388626,0.2446424557348771,1.7817687880067057,-1.7439614243216512,-2.017707476586292,0.0015255121086987,0.6811805311767779,33.26265398635676,24.1926071662797,40.5818264138806,4.237392666333103,3039.047,1.4518364681062514,2.035337591005598,71.33148203630158,-0.5367154594870982,-0.010923971503679297,-0.13417886487177455,-0.0027309928759198243,96
B0006,344,3.422095770106937,2.4087687236133317,4.18171248971767,0.243681234330419,1.7729437661043388,-1.736850855663561,-2.0198780169470747,0.0017135739999164,0.6887151482292208,33.299978841087025,24.238609855596454,40.61670777074496,4.240456106278274,3030.375,1.4468670644030392,2.035337591005598,71.08732579778997,-0.24415623851160717,-0.004969403703212194,-0.06103905962790179,-0.0012423509258030485,97
B0006,348,3.421883545422636,2.4308118485818704,4.1832473219705815,0.2424923531812378,1.752435473388711,-1.7360045229798653,-2.0197856871193367,0.0020383190496457,0.6896541510589468,33.31663547841367,24.191028062692588,40.63164766168104,4.260205034784692,3021.0,1.441380399427779,2.035337591005598,70.81775553094546,-0.2695702668445108,-0.005486664975260291,-0.0673925667111277,-0.0013716662438150728,98
B0006,352,3.4195777411151886,2.398886415333129,4.183049768329545,0.2442863149287772,1.7841633529964165,-1.729690117077797,-2.015287001210607,0.0021980860706101,0.6962675710854851,33.39150630507064,24.226474805349635,40.74323383889164,4.280804367288263,3021.75,1.431210744960774,2.035337591005598,70.31810109956534,-0.49965443138012233,-0.010169654467004907,-0.12491360784503058,-0.002542413616751227,99
B0006,356,3.4175281789596474,2.3814379490849835,4.183092498086332,0.2453392538372266,1.801654549001348,-1.7287954627467013,-2.013949066691416,0.0005566103878417,0.697047878700166,33.41522427488497,24.22178922960351,40.81715493531611,4.299262709763484,3012.265,1.4260247179525716,2.035337591005598,70.06330174681324,-0.2547993527521015,-0.005186027008202476,-0.06369983818802538,-0.001296506752050619,100
B0006,360,3.4197860540725715,2.459885297095542,4.181536580807847,0.2403518759462408,1.7216512837123048,-1.7216729981632184,-2.015065571425412,0.001880313677633,0.7045973768027333,33.39690850726103,24.207764443084063,40.72877617289365,4.279105256934157,3002.641,1.420487649966195,2.035337591005598,69.79125508434085,-0.2720466624723912,-0.005537067986376654,-0.0680116656180978,-0.0013842669965941634,101
B0006,364,3.4171369298988705,2.4007285025453995,4.172034399629829,0.2406918795355521,1.771305897084429,-1.7228162229694663,-2.0151971595728613,0.0022542409730723,0.703674489345141,33.73731993653,24.266994666970984,41.45494452672042,4.464044448960896,3012.0,1.4207006230355006,2.035337591005598,69.80171885557206,0.010463771231215446,0.0002129730693056775,0.0026159428078038616,5.3243267326419375e-05,102
B0006,367,3.4305347141293625,2.472830716079143,4.188427549455566,0.2395445276094182,1.715596833376423,-1.7486639022205694,-2.0180838913239434,0.0081523535564586,0.6766364586222329,34.08965316576344,25.010523307428716,41.39678877103747,4.2491873703569984,3020.11,1.452255804330839,2.035337591005598,71.35208482113887,1.5503659655668116,0.0315551812953383,0.5167886551889372,0.010518393765112766,103
B0006,371,3.4250844180972875,2.467318928642863,4.181499335679726,0.2392016981476776,1.7141804070368631,-1.7345160724760178,-2.015157068463395,0.0001978952928271,0.6914329019224659,33.9987286593769,24.81713061500866,41.36669473718026,4.299417325493445,3002.172000000006,1.431557632772571,2.035337591005598,70.33514435633658,-1.016940464802289,-0.02069817155826792,-0.25423511620057226,-0.00517454288956698,104
B0006,375,3.417133986279293,2.3692462667541,4.179546243153898,0.2447570142696636,1.8102999763997984,-1.7271570233190523,-2.013917344838714,0.0013926531441986,0.6989258053585963,33.907397114007345,24.66015421423191,41.37787352037061,4.346415144643425,2992.703,1.415015751158943,2.035337591005598,69.52241030736464,-0.8127340489719472,-0.016541881613628018,-0.2031835122429868,-0.0041354704034070044,105
B0006,379,3.417521467040602,2.4482618595124874,4.18101558225098,0.2408080362142482,1.7327537227384928,-1.7305179027385762,-2.026182069042455,0.005189848551175,0.6950775843262647,33.70518417605219,24.417272340572964,41.14095609169821,4.357781964328754,2964.468,1.4097311506517451,2.035337591005598,69.26276785146193,-0.25964245590270707,-0.005284600507197812,-0.06491061397567677,-0.001321150126799453,106
B0006,383,3.418162323668036,2.4598632768748825,4.182667734360821,0.2398545231930544,1.722804457485939,-1.7141443638380731,-2.01548065880372,0.0017804365403169,0.712645847764213,33.7458832944166,24.34226965648951,41.2168813199875,4.385409704614487,2983.375,1.404917318129309,2.035337591005598,69.02625512041874,-0.2365127310431916,-0.004813832522436057,-0.0591281827607979,-0.0012034581306090142,107
B0006,387,3.420331935905118,2.497869764845928,4.179947555799937,0.2366669314510585,1.682077790954009,-1.706782327346661,-2.014398878088724,0.0004526100127092,0.7197036155373028,34.01657212624259,24.68862064835225,41.40391881889191,4.352005984144061,2975.297,1.395164296571563,2.035337591005598,68.54707065486149,-0.47918446555725325,-0.009753021557746155,-0.11979611638931331,-0.002438255389436539,108
B0006,391,3.4192916311692465,2.472236707252471,4.182316086490744,0.2390286773610217,1.7100793792382727,-1.7063596521950202,-2.015379938834276,0.0004074114617765,0.7197068332356091,34.175023374593785,24.83379380277289,41.58657133119858,4.354041697107458,2974.9850000000006,1.3945343832614077,2.035337591005598,68.51612181802287,-0.030948836838618377,-0.0006299133101552723,-0.007737209209654594,-0.00015747832753881807,109
B0006,395,3.414352330355796,2.427874990476308,4.18300582450457,0.2422117541434653,1.7551308340282623,-1.7052696591517462,-2.024938600791225,0.002731966470301,0.7206903789128402,33.976109677640174,24.567907151996646,41.43504077863728,4.382087060522724,2966.25,1.3893171179312644,2.035337591005598,68.25978766720687,-0.2563341508160022,-0.005217265330143217,-0.06408353770400055,-0.0013043163325358043,110
B0006,399,3.412701167144591,2.427590520023505,4.182504606082063,0.2422050432716596,1.754914086058557,-1.7046265574439607,-2.027018156432659,0.0013872942238959,0.7213952667094184,33.84150372451663,24.35845427718724,41.37436880579148,4.426438431004594,2956.359,1.3838379472327809,2.035337591005598,67.99058560840852,-0.26920205879834214,-0.005479170698483582,-0.06730051469958553,-0.0013697926746208955,111
B0006,403,3.410409522809144,2.37337869163978,4.179533028548021,0.2443571834392101,1.806154336908241,-1.6985503106996724,-2.014779909755338,0.0037299171946931,0.7278602667366414,34.1008464215818,24.62149945751311,41.66477948989921,4.429283182231005,2956.344,1.3736814238195123,2.035337591005598,67.4915763306282,-0.499009277780317,-0.010156523413268559,-0.12475231944507925,-0.0025391308533171397,112
B0006,407,3.414419320260644,2.4248604132549767,4.18250512422575,0.2417659584639163,1.757644710970773,-1.6982347588599789,-2.0151111715849144,0.0014127620211878,0.7275938938122148,34.34663683304219,24.908657981582397,41.81816829502593,4.398555379640064,2956.406,1.3786059891863676,2.035337591005598,67.73352957654757,0.24195324591936185,0.00492456536685526,0.06048831147984046,0.001231141341713815,113
B0006,411,3.4131710032395315,2.426962848243194,4.1828227593786,0.2422305560317487,1.7558599111354058,-1.6971165805711328,-2.0151664181090267,0.0008856833378857,0.7286470501073794,34.216231530637586,24.777867901281315,41.68664700078119,4.403435230805167,2947.266,1.3737600299108574,2.035337591005598,67.49543839713218,-0.2380911794153917,-0.0048459592755101255,-0.05952279485384793,-0.0012114898188775314,114
B0006,415,3.4107019261975147,2.417287750352038,4.182413969607667,0.2431598204101303,1.7651262192556296,-1.6959199401004303,-2.016248522283907,0.0022565477410673,0.7299387135336083,34.041617020161176,24.55493670403353,41.565382893773936,4.427228658094671,2937.984,1.3682580583942712,2.035337591005598,67.22511609085237,-0.2703223062798088,-0.005501971516586268,-0.0675805765699522,-0.001375492879146567,115
B0006,419,3.4089059214760367,2.4185087281747166,4.182451170946608,0.2433534817510635,1.7639424427718915,-1.6953163120957455,-2.015018401452086,0.0029458430897076,0.7307162124593425,33.890212870710734,24.31801713066025,41.46394809540406,4.468195522374229,2929.125,1.3633024037317505,2.035337591005598,66.98163536881292,-0.24348072203945037,-0.004955654662520681,-0.06087018050986259,-0.0012389136656301702,116
B0006,423,3.4134080258317576,2.480937393224248,4.181305580928812,0.2391091835107565,1.7003681877045635,-1.6890383512433216,-2.014808414619914,0.001787051783338,0.7365985147966571,34.116762412437,24.575299028638764,41.6123634180086,4.440858026001165,2928.454,1.35809661401726,2.035337591005598,66.72586503678076,-0.2557703320321565,-0.005205789714490594,-0.06394258300803912,-0.0013014474286226485,117
B0006,427,3.411221044859532,2.4078214169511205,4.1804870315884735,0.2427781100438389,1.772665614637353,-1.689240311218937,-2.014994164220888,0.0009686723211606,0.7366705561751957,34.490493589415046,24.98269073769502,42.0075404495327,4.435836689713161,2929.375,1.353269090999531,2.035337591005598,66.48867966571198,-0.2371853710687759,-0.004827523017728819,-0.05929634276719398,-0.0012068807544322047,118
B0006,431,3.415521085221368,2.433234589649132,4.163570261072192,0.2372020053288333,1.7303356714230604,-1.7102007614808157,-2.014889154962298,0.0021530897065765,0.7162819617972487,34.23744800906639,25.141147272482755,41.61679232360952,4.2869335467351615,2946.031,1.3841605738237488,2.035337591005598,68.00643686533974,1.5177571996277521,0.03089148282421772,0.37943929990693803,0.00772287070605443,119
B0006,433,3.42298383625498,2.440822893388958,4.190012868765637,0.2414394100202812,1.7491899753766784,-1.730244918610445,-2.021897889619746,0.0009450807694683,0.6962615132210175,34.41428886050454,25.169349346251156,41.80245062827161,4.32119435671904,2955.438,1.4051467790651473,2.035337591005598,69.03752897183544,1.0310921064957057,0.020986205241398492,0.5155460532478529,0.010493102620699246,120
B0006,437,3.414757022019347,2.396078253891397,4.182418011462176,0.2441378489844082,1.7863397575707791,-1.715246592390148,-2.013990107965066,0.0022862143567549,0.7110232265703329,34.16445180476378,24.82143821287872,41.653004783464006,4.371208230317734,2937.625,1.378719022627353,2.035337591005598,67.7390831241008,-1.2984458477346408,-0.02642775643779438,-0.3246114619336602,-0.006606939109448595,121
B0006,441,3.41435871627236,2.449306948268824,4.182070839014939,0.2415232340200517,1.732763890746115,-1.701340492819173,-2.0141794769710484,0.0017603003484055,0.7245002916787043,33.877146811272176,24.44823164208337,41.36061809844917,4.397692811680924,2929.078,1.3682657783199066,2.035337591005598,67.22549538545536,-0.513587738645441,-0.010453244307446319,-0.12839693466136026,-0.0026133110768615797,122
B0006,445,3.409188669841805,2.384185417166802,4.182701902443236,0.2460496736273354,1.7985164852764344,-1.7004366132157598,-2.014245767720947,0.002448164539924,0.7253678587355785,33.839566254190565,24.316938949769007,41.42815616511055,4.451653713060872,2918.375,1.3573151296618016,2.035337591005598,66.68746922672389,-0.5380261587314692,-0.010950648658105022,-0.1345065396828673,-0.0027376621645262555,123
B0006,449,3.411930366643558,2.4440756213040964,4.182270325485355,0.2425896852256925,1.7381947041812589,-1.6873533635265776,-2.013969299900083,0.0010573004756267,0.7373003664947759,33.818304796930946,24.299358283075957,41.343265645039,4.430731206018662,2919.812,1.3524934638801596,2.035337591005598,66.45057163278422,-0.23689759393967336,-0.004821665781642004,-0.05922439848491834,-0.001205416445410501,124
B0006,453,3.4094417183837504,2.4296014294774677,4.182394535290608,0.2439075621911889,1.7527931058131403,-1.6919294969110734,-2.014779898380345,0.0016960165224917,0.7335386849531479,33.812621135472135,24.25578525763593,41.38118673567723,4.459629393541612,2900.422,1.3474099151661236,2.035337591005598,66.20080723318286,-0.24976439960136076,-0.005083548714035935,-0.06244109990034019,-0.0012708871785089837,125
B0006,457,3.408189609747988,2.41022288115442,4.182061947471753,0.2453176784067779,1.7718390663173325,-1.6852952939579415,-2.014211676143238,0.0020320718333584,0.7395261452441036,33.79894614410012,24.22667614097166,41.378450473707446,4.460136031575844,2901.375,1.3370075130842318,2.035337591005598,65.6897174696045,-0.5110897635783545,-0.010402402081891804,-0.1277724408945886,-0.002600600520472951,126
B0006,461,3.40737851449911,2.4098927032454966,4.182288987105723,0.2458090615165247,1.7723962838602263,-1.6787428835073943,-2.0146307921789908,0.0080376766807166,0.7454352436652836,33.702723745621576,24.08401483096836,41.306600641009794,4.472061666110305,2901.187,1.3312352966718526,2.035337591005598,65.40611751852576,-0.2835999510787417,-0.0057722164123792385,-0.07089998776968542,-0.0014430541030948096,127
B0006,465,3.4085862639015,2.453938411405305,4.179662143533188,0.2430865651710103,1.7257237321278835,-1.6712137513430336,-2.013369705800471,0.0010416352989289,0.7521771809630792,33.63562651984647,24.032744419693664,41.20408103671912,4.464296886707149,2891.64,1.3259303781727645,2.035337591005598,65.14547680110712,-0.2606407174186387,-0.005304918499088096,-0.06516017935465968,-0.001326229624772024,128
B0006,469,3.404843616147767,2.3940396792395253,4.181392635232333,0.2473025976222259,1.787352955992808,-1.6768931248947176,-2.0139825284473383,0.0013051127215942,0.7474282095747105,33.69072406179652,24.035049734679703,41.32955629442644,4.503856031202928,2882.906,1.321578743867529,2.035337591005598,64.93167274597319,-0.2138040551339344,-0.004351634305235441,-0.0534510137834836,-0.0010879085763088603,129
B0006,473,3.4081057374178703,2.45134737470238,4.182099866234647,0.2442210833322025,1.7307524915322667,-1.6701186583642826,-2.01389215215322,0.001905914988572,0.7532835002669596,33.71317033815572,24.06699631246609,41.300370296451625,4.4804543979131095,2883.265,1.321225074066109,2.035337591005598,64.91429627717592,-0.017376468797266398,-0.00035366980142015336,-0.0043441171993165995,-8.841745035503834e-05,130
B0006,477,3.409172854038073,2.475014603796582,4.182054276922838,0.2434048641865988,1.7070396731262565,-1.6634753413292604,-2.013710255019385,0.004822714606532,0.7589708333972093,33.65376593260611,23.996723972247743,41.2436462295636,4.481173590462752,2882.969,1.3156485301862682,2.035337591005598,64.64031008911138,-0.27398618806454067,-0.005576543879840745,-0.06849654701613517,-0.0013941359699601863,131
B0006,481,3.4110817622184237,2.4569179775419294,4.168816046299314,0.2409963916360495,1.7118980687573848,-1.6645875549232958,-2.0145340492151043,0.0016790557813109,0.7579357799006134,33.983578066068176,24.663353868241057,41.36464929786556,4.335679642629904,2891.656,1.3209025697502388,2.035337591005598,64.8984510278524,0.25814093874102184,0.005254039563970636,0.06453523468525546,0.001313509890992659,132
B0006,483,3.416748624671716,2.438240626221148,4.190149239555381,0.2445794002146044,1.751908613334233,-1.6918384605140158,-2.01382438347875,0.0011291190058123,0.7334467668216439,33.816348135475515,24.805357555777945,40.89285784811417,4.157409676256734,2901.25,1.3474328767273906,2.035337591005598,66.20193537828118,1.303484350428775,0.026530306977151863,0.6517421752143875,0.013265153488575931,133
B0006,485,3.4169689184247174,2.4946397780995584,4.187196878135145,0.2418829111188869,1.6925571000355868,-1.6711981411684529,-2.0133154561700204,0.0015509192623282,0.7523130560666373,33.60692030225909,24.568710436075083,40.652964511118334,4.158579088645514,2891.703,1.3260128072353616,2.035337591005598,65.14952669744675,-1.0524086808344322,-0.021420069492029015,-0.5262043404172161,-0.010710034746014507,134
B0006,489,3.4105763913818787,2.4367455144223555,4.18232296515852,0.2457066092119761,1.7455774507361648,-1.6632769410531223,-2.0139168871011672,0.0017807462401955,0.7590269335533172,33.47350597721994,24.308667818003084,40.58410707337388,4.21322292649837,2883.016,1.3101186784831065,2.035337591005598,64.36861797633368,-0.7809087211130645,-0.015894128752255154,-0.19522718027826613,-0.003973532188063789,135
B0006,493,3.4113335283009314,2.485868996808533,4.1822817387062585,0.243669978984679,1.696412741897726,-1.6559085740676296,-2.0142276812428177,0.001136289876544,0.7654957106646719,33.209178727620106,24.003796003990196,40.322783635307104,4.224043353343756,2873.453,1.30521620229393,2.035337591005598,64.12775001365068,-0.24086796268299793,-0.004902476189176497,-0.06021699067074948,-0.0012256190472941242,136
B0006,497,3.4081283345557187,2.395755020190792,4.181394192711236,0.2482278729797321,1.7856391725204448,-1.656100922060331,-2.014080368444908,0.0011258076444086,0.7655069350374726,33.58088963686094,24.35910018105313,40.78032921971219,4.2561126788303865,2874.031,1.3004061951355774,2.035337591005598,63.89142523000749,-0.23632478364319098,-0.004810007158352558,-0.059081195910797746,-0.0012025017895881396,137
B0006,501,3.412573242269913,2.4504684570147006,4.182109437180301,0.2452230312011813,1.7316409801656008,-1.6493259508429792,-2.014831579693271,0.0035385904696668,0.7709658700007178,33.76400861956033,24.621773390889476,40.85731522464202,4.193931968929846,2874.234,1.300235735841116,2.035337591005598,63.88305024124815,-0.008374988759342727,-0.00017045929446135588,-0.002093747189835682,-4.261482361533897e-05,138
B0006,505,3.407693686560286,2.3942028718004007,4.181210531150237,0.249342966530215,1.787007659349836,-1.6481131076816375,-2.014857985605384,0.0007121321492493,0.7718560566678059,33.57003564415372,24.362440700162463,40.74860220857894,4.228315089062405,2864.984,1.2895066722480757,2.035337591005598,63.35591097744968,-0.5271392637984675,-0.010729063593040378,-0.13178481594961688,-0.0026822658982600944,139
B0006,509,3.407349960804196,2.4303844034459368,4.180183763169455,0.2482146012944817,1.7497993597235184,-1.6402541382604887,-2.013906118562721,0.002070603795056,0.778065034301414,33.272050895552354,24.05758090644101,40.47227623020844,4.237196672375289,2855.093,1.279253057384795,2.035337591005598,62.85213141239902,-0.5037795650506638,-0.010253614863280802,-0.12594489126266595,-0.0025634037158202005,140
B0006,513,3.409292163767801,2.4755630989048205,4.181641969595387,0.2465901601184922,1.7060788706905663,-1.6339151095418003,-2.01480412850878,0.0011760650851612,0.7837204519359695,33.12740933210319,23.84003655190612,40.28187574900838,4.246858259984162,2855.625,1.2792078171714618,2.035337591005598,62.84990867482796,-0.0022227375710599517,-4.5240213333075374e-05,-0.0005556843927649879,-1.1310053333268844e-05,141
B0006,517,3.409549235480477,2.446712151873903,4.1818501497507565,0.2475833965078593,1.7351379978768535,-1.6340244573659812,-2.014522533445452,0.0019702593856607,0.7838316988955946,33.439116773449626,24.11614509838886,40.637565231244686,4.270298038552276,2855.594,1.274036760902923,2.035337591005598,62.59584486293798,-0.25406381188997784,-0.005171056268538754,-0.06351595297249446,-0.0012927640671346885,142
B0006,521,3.410318915287339,2.4607112018206894,4.1817089329030335,0.2473980180110981,1.720997731082344,-1.632488007933941,-2.0149438038428857,0.0040495370268256,0.7848803525722242,33.482874768414376,24.2483754316006,40.64243349478575,4.236324048558813,2847.437,1.2741273923001468,2.035337591005598,62.600297755550194,0.004452892612214043,9.063139722376157e-05,0.0011132231530535108,2.2657849305940392e-05,143
B0006,525,3.409269478846637,2.46197885229738,4.178725976011113,0.2481022682551449,1.7167471237137333,-1.6192610042624402,-2.0150039133931816,0.0014280969271294,0.7951183753696195,33.22136307064441,23.97276387413658,40.38713367022122,4.229433369947142,2847.36,1.263763942644078,2.035337591005598,62.09112179860495,-0.5091759569452421,-0.010363449656068724,-0.12729398923631052,-0.002590862414017181,144
B0006,529,3.409437443506909,2.4999079970509284,4.181148894438262,0.247440127719142,1.681240897387334,-1.6178242977824624,-2.015129426588159,0.0037301935665104,0.796212152834948,32.98562738901426,23.67821307261489,40.15316398972329,4.254562559265268,2837.328,1.2581373688955233,2.035337591005598,61.8146775481072,-0.2764442504977538,-0.005626573748554797,-0.06911106262443845,-0.0014066434371386993,145
B0006,533,3.403885091976961,2.4061574188511727,4.181246648937272,0.2532123266842987,1.775089230086099,-1.6181015728870058,-2.015749061229573,0.001436003251364,0.7959104627910828,32.97018278153956,23.51872262795036,40.26211669866818,4.320691363853224,2837.281,1.253259864055301,2.035337591005598,61.57503647520722,-0.23964107289997827,-0.004877504840222313,-0.05991026822499457,-0.0012193762100555783,146
B0006,537,3.4065929107527846,2.40921365026611,4.182124874468928,0.2526320232410776,1.772911224202817,-1.6180985297864203,-2.014223314502266,0.0088086122111483,0.7962214097717415,33.31018716138479,23.900390232503312,40.65437976632703,4.314882989913479,2838.515,1.2532313315493426,2.035337591005598,61.573634619019614,-0.0014018561876056879,-2.8532505958356325e-05,-0.00035046404690142197,-7.133126489589081e-06,147
B0006,541,3.4095930016592684,2.4705399687343235,4.179545017207998,0.2490847222904234,1.7090050484736743,-1.6103535053387172,-2.016335249580649,0.0018528412705641,0.8022686918286582,33.23406652671602,23.92716190106188,40.41021687551566,4.247229394906718,2828.328,1.2480874960313575,2.035337591005598,61.3209082142838,-0.2527264047358173,-0.00514383551798514,-0.06318160118395433,-0.001285958879496285,148
B0006,545,3.409409922814414,2.4996841687041944,4.164241788212258,0.2450153667333106,1.6645576195080634,-1.611644410040853,-2.01499403966668,0.000657295059648,0.8010853524879897,33.117656712920734,23.563221777928877,40.49521984011741,4.380274662730237,2838.265,1.2534354284944844,2.035337591005598,61.58366228941904,0.2627540751352413,0.005347932463126925,0.06568851878381032,0.0013369831157817313,149
B0006,548,3.4195489282896943,2.4839695531514434,4.189238693156103,0.2466700164316275,1.7052691400046591,-1.6420364978388975,-2.0181368086516467,0.00114204030608,0.7774199520441293,33.78417036686004,24.18298607119453,41.357879741754175,4.440412482093005,2864.547,1.28980487732669,2.035337591005598,63.37056235911395,1.7869000696949087,0.0363694488322055,0.5956333565649695,0.012123149610735165,150
B0006,552,3.4151799904188,2.4675402264113453,4.180842923747738,0.2480742228576014,1.7133026973363927,-1.6194806393973795,-2.014277449216773,0.0006389432339644,0.7950525227865529,33.806439563441614,24.13790128994837,41.37902988743146,4.4572811045999154,2846.39,1.2635402021758837,2.035337591005598,62.0801290046241,-1.2904333544898492,-0.026264675150806216,-0.3226083386224623,-0.006566168787701554,151
B0006,556,3.4154594925159083,2.4946438160388325,4.18123823034649,0.2480617016753451,1.6865944143076574,-1.6048643562670923,-2.0138128429431967,0.0057812483075358,0.8060358618163398,33.63735785291911,23.963097388160715,41.20920760771975,4.450962807667149,2837.969,1.2479761706842851,2.035337591005598,61.31543858862738,-0.7646904159967178,-0.015564031491598573,-0.19117260399917946,-0.0038910078728996433,152
B0006,560,3.4130336456755868,2.4577382116375843,4.1798277092808815,0.2513379562071556,1.7220894976432972,-1.5916400783224371,-2.014917756386988,0.0023397381848139,0.8158903428123628,33.58195933847606,23.85096067907487,41.20630554355683,4.472326760440252,2838.156,1.2321202877943334,2.035337591005598,60.53640895934027,-0.7790296292871091,-0.015855882889951767,-0.19475740732177726,-0.003963970722487942,153
B0006,564,3.4094524356574096,2.40986495422137,4.180792839927961,0.2554175559048416,1.770927885706591,-1.5901105081883435,-2.014930078850297,0.0010089516629164,0.81704386414875,33.56245583951572,23.75303412345965,41.28239317323536,4.515353242870561,2829.843,1.2271137666213534,2.035337591005598,60.29042906907026,-0.24597989027001432,-0.00500652117297995,-0.06149497256750358,-0.0012516302932449874,154
B0006,568,3.4138496008165014,2.479418189447868,4.181365190126037,0.2521876111582164,1.7019470006781692,-1.5767754479909837,-2.0147963353542564,0.0008594805850041,0.8262753136633273,33.5111267532655,23.71579098948608,41.1595683576961,4.488716863512712,2829.625,1.2217397581377356,2.035337591005598,60.02639382954212,-0.264035239528134,-0.005374008483617798,-0.0660088098820335,-0.0013435021209044495,155
B0006,572,3.410900672125043,2.434585389303289,4.180594670510683,0.2554146162892581,1.7460092812073935,-1.575262673173442,-2.015518745222527,0.0011992086586358,0.8272958161026505,33.53675907012135,23.759120931060004,41.230427315370186,4.49738001188431,2819.437,1.211102678915174,2.035337591005598,59.50377393250057,-0.522619897041551,-0.01063707922256163,-0.13065497426038775,-0.0026592698056404074,156
B0006,576,3.4105744140130074,2.425682710641569,4.181424135030176,0.2569819410958422,1.7557414243886074,-1.5684640005188113,-2.0147884579094577,0.0016688329956906,0.8317378025292568,33.49803069556778,23.66231577866041,41.21487873613708,4.5075717019233785,2819.579,1.2056159765131735,2.035337591005598,59.23420182680926,-0.26957210569131007,-0.005486702402000443,-0.06739302642282752,-0.0013716756005001107,157
B0006,580,3.4096514247359915,2.417924401749313,4.181921994951423,0.2581973170564696,1.7639975932021097,-1.5671286757845893,-2.0146138657111945,0.0026713892198369,0.8329428153403723,33.516977262709986,23.65025525718372,41.27439823262361,4.527649008570073,2810.672,1.2008936262717274,2.035337591005598,59.002183793913154,-0.23201803289610723,-0.004722350241446183,-0.05800450822402681,-0.0011805875603615457,158
B0006,584,3.4128578373442537,2.4541577949851603,4.179593598747663,0.2562295547306426,1.7254358037625024,-1.5537993411647462,-2.0148417510809367,0.0021054554350767,0.8418998631531451,33.531923269271225,23.71646710308953,41.237668013317766,4.494711757510842,2811.485,1.1905903985558337,2.035337591005598,58.495966655222006,-0.5062171386911487,-0.010303227715893648,-0.12655428467278718,-0.002575806928973412,159
B0006,588,3.413450901705652,2.463616101176541,4.180557596235595,0.2563397256526232,1.7169414950590545,-1.5521827524962777,-2.013981544237104,0.0030546197767952,0.8426741525725665,33.567636169584304,23.75283925140291,41.24068073261839,4.488739697730475,2802.422,1.185179251041941,2.035337591005598,58.23010670462684,-0.2658599505951642,-0.005411147513892711,-0.06646498764879105,-0.0013527868784731778,160
B0006,592,3.414388187503409,2.470375229475307,4.181414159913002,0.2568441721022827,1.7110389304376952,-1.5452652929126829,-2.014023708028726,0.0020243726684846,0.8470345896109175,33.60493096509702,23.80606714012504,41.28133907077437,4.480792235047609,2801.625,1.1796706818144624,2.035337591005598,57.95946024028492,-0.2706464643419224,-0.005508569227478555,-0.0676616160854806,-0.0013771423068696387,161
B0006,596,3.412419038813061,2.4357634426689945,4.180815073540562,0.2599377773002801,1.7450516308715676,-1.538651770825325,-2.016504705213686,0.0039411217828642,0.8513560117080599,33.54281440778599,23.71321070187237,41.28338645880181,4.497310319961048,2802.031,1.1745952836753917,2.035337591005598,57.71009629390571,-0.2493639463792121,-0.005075398139070764,-0.06234098659480303,-0.001268849534767691,162
B0006,600,3.414810305745517,2.481190011798763,4.1697037841892834,0.2567621913262417,1.6885137723905204,-1.5169723774339865,-2.0192733708647617,0.0022476647345707,0.8647472127992183,33.472459360982775,23.707339766856947,41.14919304328959,4.458920775963431,2793.39,1.15381833159625,2.035337591005598,56.68928519254556,-1.0208111013601453,-0.020776952079141653,-0.2552027753400363,-0.005194238019785413,163
B0006,604,3.4166177332601,2.491537251958465,4.180283727512206,0.25786885910619,1.6887464755537414,-1.5238501013926742,-2.014625681416588,0.0020222968056506,0.8603890556014289,33.58210389885497,23.791460085164704,41.26268252018065,4.465400116342418,2793.39,1.1644009557372264,2.035337591005598,57.20922960804411,0.51994441549855,0.010582624140976327,0.1299861038746375,0.0026456560352440817,164
B0006,608,3.4121341541171764,2.40904100737121,4.181170015245673,0.2637271867613533,1.772129007874463,-1.523792814686802,-2.016243208356173,0.000365940232113,0.8604329777233659,33.6634605108384,23.802896883148367,41.45791806300034,4.507073999103317,2792.485,1.1587974947916069,2.035337591005598,56.93392093343496,-0.27530867460914976,-0.005603460945619476,-0.06882716865228744,-0.001400865236404869,165
B0006,612,3.419700177568569,2.475767645530351,4.1575524997258,0.2529109631298057,1.6817848541954494,-1.539131085939872,-2.013736316594881,-0.0004237695743895,0.8511924609455338,33.730546074122294,24.698597962486065,41.11666214070682,4.1670548482657015,2802.016,1.1749748834769171,2.035337591005598,57.72874675283711,0.7948258194021491,0.016177388685310268,0.19870645485053728,0.004044347171327567,166
B0006,614,3.4234687742187893,2.4160441724133666,4.188511527828155,0.2619158664193414,1.772467355414788,-1.5426703969635054,-2.014876364498059,0.0032206172427055,0.8495522069665737,33.8912822372509,24.907725860706154,41.36263766174168,4.080219455624845,2820.39,1.1856752327929356,2.035337591005598,58.254475229690506,0.525728476853395,0.010700349316018487,0.2628642384266975,0.0053501746580092435,167
B0007,2,3.522006703394617,2.145975766935391,4.199497433806136,0.2874452516516924,2.0535216668707448,-1.8691188840185693,-1.996867242177128,0.0009103844987851,0.4752966796525294,32.62485875142121,23.92407356409745,40.59042914535701,3.8821725491629793,3690.234,1.89105229539079,1.89105229539079,100.0,0.0,0.0,0.0,0.0,0
B0007,4,3.531949043431712,2.111016698785212,4.198510349854315,0.2797089856913086,2.087493651069104,-1.8680422715350309,-1.994391196351152,0.0036015506039289,0.4765995999482217,32.738209593287145,24.261106709876195,40.26023408628707,3.767777623445933,3672.344,1.880637027686859,1.89105229539079,99.44923428456649,-0.5507657154335135,-0.010415267703931086,-0.27538285771675675,-0.005207633851965543,1
B0007,6,3.5344025220217845,2.025108512818265,4.198280074112568,0.2837265457450501,2.1731715612943026,-1.877784734502072,-1.994681656822022,-0.0010276902277484,0.4584167741596034,32.68511456550919,24.3190033925327,40.27558633997852,3.746724750145294,3651.641,1.8806626717011388,1.89105229539079,99.45059035569906,0.0013560711325766306,2.5644014279846417e-05,0.0006780355662883153,1.2822007139923208e-05,2
B0007,8,3.53492504932652,1.922542180649595,4.198267468745592,0.2900870287846462,2.2757252880959973,-1.8875256535871228,-1.9952731083659303,-0.0006983471237198,0.4392237162661777,32.554748499572646,24.223578724887076,40.29314715799111,3.748713692085809,3631.563,1.8807709009833444,1.89105229539079,99.45631358622364,0.005723230524580458,0.00010822928220566297,0.002861615262290229,5.4114641102831484e-05,3
B0007,10,3.534536640068787,1.871159045064988,4.198464224146956,0.2922064159996836,2.3273051790819674,-1.8871559747738404,-1.9935500451030048,0.0005983417342468,0.439454184988277,32.46787845303298,24.13830760704513,40.2688726302198,3.757399994843755,3629.172,1.8794508728285055,1.89105229539079,99.38650969142624,-0.06980389479740268,-0.0013200281548388926,-0.03490194739870134,-0.0006600140774194463,4
B0007,12,3.5411626672196816,2.175686706590344,4.197967993115647,0.2667430847635834,2.0222812865253035,-1.8675154082122565,-1.994104174576412,-0.0004243475852501,0.4775262409169319,32.48624734055599,24.135840711684263,39.67620802332074,3.7187797514899983,3652.281,1.8807003517117404,1.89105229539079,99.45258289766596,0.06607320623972157,0.0012494788832349002,0.033036603119860786,0.0006247394416174501,5
B0007,14,3.541165612176161,2.111788715601944,4.198023461704379,0.2711863392112483,2.086234746102435,-1.8673304059806155,-1.993164510431567,0.0005401764510727,0.4774906738400573,32.55779966353037,24.255515986671373,39.80381766292616,3.715226156950988,3650.828,1.8799352523566075,1.89105229539079,99.41212397661984,-0.04045892104612392,-0.0007650993551329144,-0.02022946052306196,-0.0003825496775664572,6
B0007,16,3.549458117635797,2.026250619894166,4.199372697237068,0.2729782429415227,2.1731220773429025,-1.9063154499484405,-1.9936540341331743,-0.000328171819449,0.3979115030496563,32.45374435641106,24.30295214496604,39.88810476942348,3.66750069286357,3572.453,1.88150881240388,1.89105229539079,99.49533479268813,0.08321081606828784,0.001573560047272382,0.04160540803414392,0.000786780023636191,7
B0007,18,3.5502805464079743,1.950589433290604,4.19921182024681,0.2771296154486181,2.2486223869562063,-1.916425930003817,-1.99377953803378,0.0005697252689816,0.3744374354627782,32.373246444985035,24.257530932186896,39.95162250671474,3.662879470802171,3550.594,1.8696907870385844,1.89105229539079,98.87039039563994,-0.624944397048182,-0.011818025365295526,-0.312472198524091,-0.005909012682647763,8
B0007,20,3.5481347674910286,1.868824706765806,4.198957678253482,0.283812978267983,2.330132971487676,-1.9165016044519976,-1.99378312138298,0.0035107556642499,0.3742086617157418,32.30534276235138,24.189583713016194,40.05202185471829,3.6783546666995863,3551.25,1.870052380139199,1.89105229539079,98.88951165957832,0.019121263938373545,0.00036159310061467664,0.009560631969186772,0.00018079655030733832,9
B0007,22,3.548427214895644,1.7896213776724978,4.198832114024662,0.2888963372471808,2.409210736352164,-1.926771167846017,-1.9942511729128332,-9.593499764332656e-05,0.3483926910622938,32.183319483399806,24.062655752137022,40.1213838436794,3.687673913430504,3530.25,1.8700442394188577,1.89105229539079,98.8890811733162,-0.00043048626211827923,-8.140720341387464e-06,-0.00021524313105913961,-4.070360170693732e-06,10
B0007,25,3.5560433603714667,1.910336108594535,4.198945227315025,0.2760417717530499,2.2886091187204896,-1.936979366983281,-1.9938120330189373,-0.0018154689461531,0.3204322222158979,32.378853181816005,24.334878490739897,40.174657039770814,3.63791535075196,3491.016,1.8596518987766364,1.89105229539079,98.33952785490447,-0.549553318411725,-0.010392340642221276,-0.18318443947057497,-0.003464113547407092,11
B0007,27,3.5604849642800684,1.9086884059809104,4.199051302806796,0.2717170193494012,2.2903628968258856,-1.947065774665518,-1.9942213710086447,0.0021769059281878,0.2882487625048244,32.2913249500013,24.352069874766624,40.016434730174936,3.582678179632668,3470.281,1.8590746560862208,1.89105229539079,98.30900290898823,-0.03052494591624111,-0.0005772426904155914,-0.015262472958120554,-0.0002886213452077957,12
B0007,29,3.5562872542469752,1.7868782934275431,4.198107645780677,0.2826191895837473,2.411229352353134,-1.946961601670498,-1.9939995868905829,-0.0004508051048845,0.2883646179237529,32.14782797344657,24.125190486792462,40.16569230743226,3.622670216832461,3470.0,1.8590084577709232,1.89105229539079,98.30550230165662,-0.003500607331616834,-6.619831529763864e-05,-0.001750303665808417,-3.309915764881932e-05,13
B0007,31,3.5647746218187324,2.1361343961784502,4.19925638222589,0.2549992595793087,2.06312198604744,-1.946851050742258,-1.994356138623711,-0.0011324628611877,0.2889420202723332,32.01380948237792,24.072501109913752,39.46139677634257,3.570709862627515,3450.297,1.8593622586957048,1.89105229539079,98.32421151057927,0.01870920892265815,0.00035380092478165537,0.009354604461329075,0.00017690046239082768,14
B0007,33,3.565438928797127,2.0133501283179167,4.199087384946408,0.2598113371383103,2.185737256628491,-1.9574063719005568,-1.9935665024864544,0.0005922421493807,0.2517107639272867,31.88131010347136,23.938131916668528,39.5636595172155,3.5607713646101,3429.407,1.8587355450601035,1.89105229539079,98.29107051087615,-0.033140999703121565,-0.0006267136356012948,-0.016570499851560783,-0.0003133568178006474,15
B0007,35,3.565961679108638,1.8575547668336485,4.199009971925293,0.2666938102935131,2.341455205091645,-1.9680136940585704,-1.993742172224942,-0.0019590482402041,0.2065885715543249,31.854304304240515,23.932016714666645,39.628948319501816,3.552969052142723,3409.484,1.847817291322145,1.89105229539079,97.7137065868551,-0.5773639240210571,-0.010918253737958628,-0.28868196201052854,-0.005459126868979314,16
B0007,37,3.572496559005355,2.165755612420893,4.1985172274243965,0.2443446202400194,2.032761615003503,-1.9680499927642312,-1.9946244036549008,0.0004326258514957,0.2072756278223803,31.856555404576756,23.976819790445436,39.22534721491488,3.5240064913765976,3390.422,1.8485252916137047,1.89105229539079,97.75114607455647,0.03743948770137706,0.0007080002915598183,0.01871974385068853,0.0003540001457799091,17
B0007,39,3.5699492020415136,2.0270686341513207,4.198245740608724,0.2532936670816869,2.171177106457403,-1.9680218912213907,-1.994455565707021,-0.0024409084852146,0.2071688448563672,31.86718260708393,23.9807756950204,39.4126321606434,3.5311983271559155,3390.281,1.848378951850034,1.89105229539079,97.74340753850292,-0.00773853605355157,-0.0001463397636707331,-0.003869268026775785,-7.316988183536655e-05,18
B0007,42,3.5464338449590023,1.905311669649934,4.196262462698172,0.2870418502164071,2.2909507930482382,-1.90666567906068,-1.9992261048783584,-0.0008292148953224,0.3970264906393026,32.35216872128999,24.35868522365832,39.95874037686836,3.6200786747538674,3591.734,1.8807805437609768,1.89105229539079,99.45682350219242,1.7134159636894992,0.03240159191094283,0.5711386545631664,0.010800530636980943,19
B0007,46,3.5531968089006387,1.7951975189442124,4.1969587758867,0.2883972011276421,2.401761256942488,-1.9267118604677655,-1.9940266531677509,0.0007573311396121,0.3474355799752832,32.60219299451182,24.65025766803762,40.31302300333008,3.609319632122495,3552.297,1.88147215974436,1.89105229539079,99.49339657767368,0.03657307548125743,0.000691615983383187,0.009143268870314358,0.00017290399584579674,20
B0007,50,3.5599340214678805,2.1058524852518143,4.197071720130598,0.262396085205122,2.091219234878784,-1.9260915660103672,-1.993858646326954,0.0013452537587627,0.3484920989459363,32.19571819720114,24.30627397473693,39.359447242364645,3.5383074860799546,3531.578,1.8810954313244783,1.89105229539079,99.4734749488113,-0.01992162886237736,-0.0003767284198816778,-0.00498040721559434,-9.418210497041946e-05,21
B0007,54,3.5595604968237997,1.846021007590992,4.19690260801443,0.2755055664428783,2.3508816004234374,-1.9468340181835688,-1.9927272592846583,0.0006146261200233,0.2875425978967295,31.805988160181123,23.9467139821556,39.454159451189874,3.5365956799637424,3492.907,1.8710089649779995,1.89105229539079,98.94009644991608,-0.5333784988952175,-0.010086466346478806,-0.13334462472380437,-0.0025216165866197016,22
B0007,58,3.552385161941813,1.7370300333706354,4.1966416719103465,0.2881767172049014,2.459611638539711,-1.9364196896718648,-1.9934659604006035,-0.0002739360521714,0.3198201269594437,31.737001978644926,23.7951049382806,39.64174827400944,3.6015349556344587,3511.594,1.8701995151941373,1.89105229539079,98.89729225111972,-0.04280419879636099,-0.000809449783862215,-0.010701049699090248,-0.00020236244596555375,23
B0007,62,3.5707670304281067,2.0506492642329937,4.1971302559922,0.2505087558173121,2.1464809917592067,-1.9675984733558023,-1.993000639305042,-0.0003786300348992,0.2061696647227011,31.51707667966367,23.71845701771557,38.86906912217273,3.467097459094623,3431.9370000000054,1.8706715362800983,1.89105229539079,98.92225301434723,0.024960763227511507,0.0004720210859610052,0.006240190806877877,0.0001180052714902513,24
B0007,66,3.565722484743929,1.8254369744762284,4.19652461108806,0.2672429322671614,2.371087636611832,-1.9680130544442065,-1.9947910338783703,-0.0014954156580665,0.2060166906789619,31.442860781038384,23.64183560576637,39.11839966443177,3.4910890369414163,3431.125,1.8596124644020169,1.89105229539079,98.33744254109716,-0.584810473250073,-0.011059071878081417,-0.14620261831251824,-0.002764767969520354,25
B0007,70,3.571283506748709,2.134879000684994,4.196790308710931,0.2454629972635874,2.0619113080259366,-1.9675572757550357,-1.9956093835681803,0.0005398984445576,0.2067971048262254,31.32326275303232,23.51989277533736,38.68010761281634,3.477481789559444,3412.406,1.860033909718346,1.89105229539079,98.35972882674648,0.02228628564931512,0.00042144531632914983,0.00557157141232878,0.00010536132908228746,26
B0007,74,3.56797162748914,1.970455493406623,4.196693048697735,0.256383090128758,2.2262375552911124,-1.967618505240168,-1.9936520198661491,-8.502750867487407e-05,0.2065711513338981,31.28571570579735,23.467259682273063,38.863045678198645,3.496093238915817,3410.688,1.8591653109160768,1.89105229539079,98.31379679174216,-0.045932035004312866,-0.0008685988022691937,-0.011483008751078216,-0.00021714970056729843,27
B0007,78,3.5646314038791784,1.813269430976001,4.197078923354,0.2688392479727567,2.383809492377999,-1.9678214300979184,-1.9944764248874856,-0.0021454320098209,0.2065564568256399,31.331850868998004,23.492198340361576,39.14531169811219,3.5126895678617203,3410.718,1.8481398178778288,1.89105229539079,97.73076198804468,-0.5830348036974868,-0.011025493038248069,-0.1457587009243717,-0.002756373259562017,28
B0007,82,3.568983888921194,2.048365732409564,4.196062203382386,0.2510097241436422,2.1476964709728223,-1.967505635477996,-1.9940826161567085,-0.0025121744881896,0.2070579900700325,31.32285733932258,23.51112503683739,38.8380564174779,3.4937493267933277,3392.719,1.849201702126164,1.89105229539079,97.78691507545128,0.05615308740659941,0.0010618842483351987,0.014038271851649853,0.00026547106208379967,29
B0007,86,3.564620688944316,2.181560983985832,4.206531081984383,0.242356483976059,2.0249700979985508,-1.9683447778186904,-1.994081294125572,-0.0020329549327671,0.2052121714544894,31.60843645212248,23.527236127318183,38.95965174080089,3.51820888005486,3470.672,1.8834677437950849,1.89105229539079,99.59892428071969,1.81200920526841,0.03426604166892089,0.4530023013171025,0.008566510417230222,30
B0007,90,3.569438814221784,2.1177799354077496,4.203187727641822,0.2390427400001807,2.085407792234073,-1.978806775438716,-2.003329552797809,0.0016192589541852,0.1469868865058396,31.782101501165204,23.9542942093336,39.05387577229197,3.380302800718849,3414.109,1.8628211117905844,1.89105229539079,98.50711777410832,-1.0918065066113627,-0.020646632004500454,-0.2729516266528407,-0.005161658001125113,31
B0007,94,3.568742147335628,2.1637448793153697,4.202997027311235,0.2361226467707183,2.039252147995865,-1.9785908218423576,-1.9938003511879971,-0.001677256736689,0.1471173426616735,31.51504198920288,23.73407143959736,38.699551697978606,3.363520252997762,3395.219,1.852085039652352,1.89105229539079,97.9393877243154,-0.5677300497929281,-0.010736072138232355,-0.14193251244823202,-0.002684018034558089,32
B0007,98,3.5642424070467817,2.045656147205805,4.2027504558714135,0.2435637592164921,2.157094308665608,-1.9784335668087776,-1.994233953094661,-0.0024901255072808,0.1472609174758871,31.13866351339678,23.309807963383705,38.6052414906155,3.4075643650648044,3386.0,1.8469504648208708,1.89105229539079,97.66786827220947,-0.2715194521059203,-0.005134574831481276,-0.06787986302648008,-0.001283643707870319,33
B0007,102,3.5653038098527605,2.1356202266992863,4.202665067816707,0.2380524119042055,2.0670448411174203,-1.9781601679702336,-1.9932621441916,0.0002120880463095,0.1477765014129555,31.068710515588776,23.305948209951065,38.42604747702835,3.3689280446409944,3368.187,1.836828431169018,1.89105229539079,97.13260895248978,-0.5352593197196995,-0.010122033651852824,-0.13381482992992488,-0.002530508412963206,34
B0007,106,3.565432167703823,2.042987153745025,4.20243913428064,0.2436019823106268,2.159451980535615,-1.978376589969064,-1.9932668899112056,0.0016978688568831,0.1476906460971523,31.618244836823447,23.739006255698545,39.0468968949422,3.439402205358536,3368.266,1.8371619619672277,1.89105229539079,97.150246264743,0.017637312253228288,0.00033353079820974685,0.004409328063307072,8.338269955243671e-05,35
B0007,110,3.5622303163451425,1.978616239411895,4.202794567899269,0.248370936300835,2.2241783284873744,-1.9780771457931063,-1.9945447573637072,0.0006200071499489,0.1480722071651302,31.3315280636684,23.487622777066665,38.83676495861389,3.413453157377257,3358.719,1.8316722583718852,1.89105229539079,96.85994738677316,-0.2902988779698461,-0.00548970359534251,-0.07257471949246153,-0.0013724258988356275,36
B0007,114,3.564481026852489,2.15845357648832,4.203135326288817,0.2369382273164456,2.044681749800497,-1.9780971417908424,-1.9937887547057835,0.0003106338402807,0.1484371221177698,31.132569191182142,23.2595984254445,38.49981470604549,3.426266595856784,3339.5,1.8211470951317783,1.89105229539079,96.30337032828774,-0.5565770584854164,-0.010525163240106883,-0.1391442646213541,-0.0026312908100267207,37
B0007,118,3.561614556780574,2.092603698932653,4.202837061508687,0.241210893749047,2.1102333625760337,-1.977978349880126,-1.992201283338572,1.0269396682341148e-05,0.1485468782929041,30.972969676157927,23.021675511770265,38.582340147970775,3.473098581113468,3331.265,1.816506091511515,1.89105229539079,96.0579512231908,-0.24541910509694276,-0.004641003620263318,-0.06135477627423569,-0.0011602509050658294,38
B0007,122,3.5630587459190144,2.152888643167804,4.202745735932991,0.2377592209805917,2.049857092765188,-1.978433495721842,-1.9945004268443045,0.0006306807076325,0.1486956307108426,31.1990648511682,23.18977956751028,38.787499833494046,3.499964417763432,3321.188,1.8113815601504557,1.89105229539079,95.78696287593304,-0.2709883472577559,-0.005124531361059281,-0.06774708681443897,-0.0012811328402648203,39
B0007,126,3.5629534367704405,2.0537418826405966,4.203198796599359,0.244270629646186,2.1494569139587627,-1.9782873833989176,-1.9931746766502971,0.0005017093700327,0.148884805092314,31.722267598269813,23.74662782512349,39.31221126031847,3.489535773627038,3321.844,1.8116056333939583,1.89105229539079,95.79881200586186,0.01184912992881948,0.00022407324350259827,0.00296228248220487,5.601831087564957e-05,40
B0007,130,3.563446012076242,2.079330058633996,4.202901668731174,0.2429287782575352,2.1235716100971787,-1.978196143267665,-1.9946160382197375,0.0014954532137275,0.148965936617679,31.900827580605675,23.98219553879158,39.40567993360536,3.453732440693354,3311.828,1.8060548955557405,1.89105229539079,95.50528559986309,-0.2935264059987759,-0.005550737838217801,-0.07338160149969397,-0.0013876844595544502,41
B0007,134,3.563998342345823,2.075979330452076,4.196154302326916,0.2532702940342307,2.1201749718748406,-1.9670969462670496,-1.9952878943511756,0.0009071057750656,0.2090627886753873,31.5372402498617,23.71372956170196,39.32802757827611,3.5356532818719244,3327.391,1.8132041826994056,1.89105229539079,95.8833442691601,0.3780586692970189,0.0071492871436651395,0.09451466732425473,0.0017873217859162849,42
B0007,136,3.5604902283110547,2.0674349483094465,4.204477224486428,0.2452923043251051,2.137042276176981,-1.9781214643703728,-1.9951041266249487,-0.0007153493376797,0.1489594972779903,31.24662583059252,23.52099861667097,38.6112528181758,3.352701649272975,3312.078,1.8062641938283532,1.89105229539079,95.5163534203101,-0.36699084885000843,-0.006939988871052405,-0.18349542442500422,-0.0034699944355262025,43
B0007,140,3.5567002097886946,2.037264031192436,4.20211656315423,0.2471815020007749,2.164852531961794,-1.9780364457328716,-1.9939079880095487,-0.0012469857773277,0.1494284562122661,30.939399361884792,23.07246859020669,38.56972695128688,3.427249603700407,3293.172,1.7958310249900458,1.89105229539079,94.96464108196083,-0.5517123383492617,-0.010433168838307472,-0.13792808458731542,-0.002608292209576868,44
B0007,144,3.5584127263446006,2.1632674190148338,4.202901194454151,0.2397240468529603,2.039633775439317,-1.977935781469453,-1.9931708315999248,0.0005268652442651,0.1499746649560789,30.88485700435457,22.983640218520343,38.34572083526661,3.4451204067835475,3275.328,1.7858852600390451,1.89105229539079,94.43870295876656,-0.5259381231942797,-0.009945764951000635,-0.13148453079856992,-0.002486441237750159,45
B0007,148,3.556136820956992,2.106631526845483,4.201790697233378,0.2435323971413377,2.0951591703878947,-1.9780170042003,-1.9937766833094568,-0.0024226440673283,0.1499226700475632,30.920682316695828,22.969922978716895,38.48254063494672,3.482820431217398,3265.016,1.780326860450275,1.89105229539079,94.14477139472058,-0.29393156404597676,-0.005558399588770024,-0.07348289101149419,-0.001389599897192506,46
B0007,150,3.568999942180493,2.1809272860788376,4.191916354433964,0.2377985887575091,2.0109890683551264,-1.9779140108313504,-1.993416647067197,-0.0001758019097429,0.1486015946765911,33.8805778170798,26.46604285791351,41.0499421893331,3.252960553213002,3328.937,1.8150756899575575,1.89105229539079,95.9823107156573,1.8375393209367274,0.03474882950728242,0.9187696604683637,0.01737441475364121,47
B0007,154,3.571059290544873,2.1773498094527195,4.20342192245769,0.2378590679850671,2.026072113004971,-1.978162017642311,-1.994657617315832,-0.0012601283929447,0.1485828333547708,33.038339318294426,25.38232315092876,40.361944885615415,3.3468582106910603,3329.266,1.815702515484584,1.89105229539079,96.01545763224728,0.03314691658997049,0.000626825527026531,0.008286729147492622,0.00015670638175663276,48
B0007,158,3.566692128462209,2.180136101967249,4.202807443974011,0.23760527129618,2.0226713420067624,-1.9779553399945096,-1.9927642557550824,-0.0007693308142824,0.1492321114384013,32.27329169539202,24.501910100578037,39.6676965288026,3.3756627697109653,3301.579,1.800243217805667,1.89105229539079,95.19796053200334,-0.8174971002439406,-0.015459297678916961,-0.20437427506098516,-0.0038648244197292403,49
B0007,162,3.563327431073248,2.128629519907685,4.203276539809248,0.2410548801073988,2.0746470199015623,-1.9779914337720732,-1.9950332824030972,-0.0006536943792753,0.1496135945463944,31.937919783481355,24.043121291612863,39.481181404811096,3.443436671543625,3283.563,1.7904476205609308,1.89105229539079,94.67996336880418,-0.5179971631991549,-0.009795597244736332,-0.12949929079978872,-0.002448899311184083,50
B0007,166,3.559014621482901,2.155901281560187,4.202580870413733,0.2427711596580828,2.0466795888535465,-1.9721889844228175,-1.994232501388858,0.0007008105306003,0.1832155418321409,31.688686599521045,23.72477221974692,39.4190511430692,3.496381532348714,3275.125,1.780343032300132,1.89105229539079,94.14562657201505,-0.5343367967891339,-0.010104588260798852,-0.13358419919728348,-0.002526147065199713,51
B0007,170,3.556694583634292,2.067103728219671,4.203244171517053,0.2487959944615331,2.1361404432973816,-1.9723254573804136,-1.9927179646840103,0.0001504085743458,0.1834197596471907,31.779120691032947,23.738337987235628,39.72196117128354,3.555534379207058,3265.656,1.775328769596812,1.89105229539079,93.88046929870528,-0.265157273309768,-0.005014262703319838,-0.066289318327442,-0.0012535656758299596,52
B0007,174,3.555013984911923,2.061983186454309,4.202697222668131,0.2513247440204203,2.1407140362138213,-1.966838273678528,-1.99371542403896,-0.0009153700172719,0.2115267205729815,32.133873372089305,24.06931067212055,40.041366724781085,3.5837263034233016,3266.093,1.770262973473285,1.89105229539079,93.61258690667022,-0.26788239203506237,-0.005065796123526978,-0.06697059800876559,-0.0012664490308817444,53
B0007,178,3.552637375406741,2.143037413381466,4.202581421564202,0.2484397729897574,2.059544008182736,-1.960929600351624,-1.99255052774098,0.0001465971906707,0.2366096302019096,31.889431533099835,23.85737755230868,39.66314441864834,3.551631064170752,3257.594,1.760081061854204,1.89105229539079,93.07416120348375,-0.5384257031864621,-0.010181911619081108,-0.13460642579661553,-0.002545477904770277,54
B0007,182,3.547186025484395,1.992905798820928,4.201275185814673,0.2591347484640653,2.208369386993745,-1.9607588424014128,-1.994265959280498,-0.0009119903753978,0.2369026854682799,31.81736328028127,23.739137412822192,39.84751541049116,3.610373519382387,3248.593,1.749647593537689,1.89105229539079,92.52243302854406,-0.5517281749396972,-0.010433468316515038,-0.1379320437349243,-0.0026083670791287594,55
B0007,186,3.546814755244375,2.0335961968180234,4.202508747096239,0.2566708502475146,2.168912550278216,-1.9607439129501685,-1.9932021181710204,0.0010974883571477,0.2372544912429528,31.72316205746117,23.58399487368775,39.74335777163101,3.6410744013520295,3238.766,1.749650075059311,1.89105229539079,92.52256425292258,0.00013122437852075564,2.481521621966465e-06,3.280609463018891e-05,6.203804054916162e-07,56
B0007,190,3.544785017297265,2.0213017345171265,4.202333230196108,0.2590391092431144,2.1810314956789814,-1.9550964299704847,-1.9932663431900044,0.001774869767192,0.2595637502376604,31.957150654392294,23.70822834446801,40.07246786936068,3.721644074023953,3240.14,1.745028739214683,1.89105229539079,92.2781851918098,-0.24437906111278096,-0.004621335844627872,-0.06109476527819524,-0.001155333961156968,57
B0007,194,3.546521542096416,2.0789964919635966,4.202490707154508,0.2559966343933013,2.123494215190912,-1.955058998571939,-1.9938941800121164,0.0005136007463939,0.2597754002497576,32.29917704213345,24.21598770999788,40.24771611400392,3.631661556788779,3230.109,1.739645745528673,1.89105229539079,91.9935291989993,-0.28465599281049947,-0.00538299368601014,-0.07116399820262487,-0.001345748421502535,58
B0007,198,3.540832547654255,1.9925354808829656,4.202290557382721,0.2637981986834192,2.2097550764997558,-1.9491545130405272,-1.9929599237339224,-0.0018160550004962,0.2799244598386189,32.128842946565555,24.018596493562136,40.27220819224188,3.646211067036828,3229.7810000000027,1.7285642277717963,1.89105229539079,91.40753177397374,-0.5859974250255533,-0.011081517756876602,-0.14649935625638832,-0.0027703794392191505,59
B0007,202,3.542992511358393,2.14041602578448,4.20313824854604,0.2543359523100831,2.06272222276156,-1.9485230174751031,-2.002837999763986,0.0002657157345997,0.2810230250199101,32.021134355757404,23.868157730931408,39.89848456781458,3.671202377906511,3212.469,1.723900324588418,1.89105229539079,91.16090172599748,-0.24663004797626797,-0.004663903183378393,-0.061657511994066994,-0.0011659757958445982,60
B0007,206,3.5360811169860216,2.006753861515003,4.202703239422359,0.2648942463001822,2.195949377907356,-1.9431227050969848,-1.994963835157279,0.0003221994780719,0.2998951401853699,31.85904886148665,23.679272417109907,40.0571305311587,3.723390766043564,3213.219,1.7139788776485192,1.89105229539079,90.63624955407812,-0.5246521719193566,-0.009921446939898715,-0.13116304297983916,-0.0024803617349746787,61
B0007,210,3.5392436935272635,2.121868132176415,4.202907102508285,0.256967427749331,2.0810389703318704,-1.9430080085541768,-2.0016459444206927,0.0004335128310188,0.3003153138279422,32.16100333536097,23.840345275714288,40.240711749549135,3.792421226705538,3203.578,1.7139701997004613,1.89105229539079,90.63579065888634,-0.0004588951917838813,-8.677948057922436e-06,-0.00011472379794597032,-2.169487014480609e-06,62
B0007,214,3.534823706293257,2.011964875882845,4.201457080806326,0.2662038409344857,2.1894922049234804,-1.9425165961920088,-1.9940444299252396,0.0008557352401421,0.3009740923792116,32.10276048728767,24.23912269518512,40.12941739090177,3.603832657322533,3195.125,1.7036521173638766,1.89105229539079,90.09016416501656,-0.5456264938697757,-0.01031808233658471,-0.13640662346744392,-0.0025795205841461777,63
B0007,216,3.5366477402090606,2.0744390946376323,4.204304103661928,0.2616558182168718,2.129865009024296,-1.9370190075205085,-1.99394242124594,0.0009344669590898,0.3186080584168873,32.33880662180898,24.100749099673767,40.3959693732437,3.7734678513608726,3195.312999999994,1.7040137474382486,1.89105229539079,90.10928738414982,0.019123219133263092,0.00036163007437206574,0.009561609566631546,0.00018081503718603287,64
B0007,220,3.535206284098092,2.188793384556236,4.20220228055958,0.2554479106914472,2.013408896003344,-1.931019209657836,-1.994068391906693,0.0022188981259913,0.3358311193593271,32.21373014824893,23.89454515016851,40.18751058333668,3.806474467128874,3186.297,1.6935716157343033,1.89105229539079,89.55710108399319,-0.5521863001566345,-0.010442131703945368,-0.13804657503915863,-0.002610532925986342,65
B0007,224,3.53298522375534,2.1739523632140685,4.202001482736379,0.2570678864082441,2.0280491195223105,-1.930473835480344,-1.9931157642861432,-0.0005031657572301,0.3361045071772884,32.09949526722965,23.747372758256024,40.14605167557969,3.83680147094081,3176.438,1.6876577363877656,1.89105229539079,89.24437153331117,-0.3127295506820218,-0.005913879346537643,-0.07818238767050545,-0.0014784698366344107,66
B0007,228,3.532158560934324,2.1783847786257136,4.202600613133091,0.2574332184607594,2.0242158345073777,-1.930551031475332,-1.9932876007572091,0.002667224750398,0.3367955832619307,32.11305439113157,23.732576134274755,40.18846095484838,3.853453179673045,3167.593,1.6830744356583152,1.89105229539079,89.00200379231205,-0.2423677409991143,-0.004583300729450457,-0.06059193524977857,-0.0011458251823626142,67
B0007,232,3.5308376380023527,2.191481814157953,4.202328519159183,0.2573513281864761,2.0108467050012298,-1.924719540998312,-1.9932567265208057,0.000550345930346,0.3526649608118804,32.20371989479744,23.784085634385107,40.2789498830108,3.8766566501795,3167.719,1.6779270142025482,1.89105229539079,88.72980500287017,-0.27219878944188736,-0.005147421455766965,-0.06804969736047184,-0.0012868553639417413,68
B0007,236,3.5296958440720005,2.1753473356526807,4.202855889678493,0.2590331783571659,2.0275085540258124,-1.9245739020356047,-1.993361006627344,0.0026001975071493,0.353068484581917,32.23340825772458,23.83125634938924,40.310727434969614,3.8809728822466503,3159.077999999994,1.6732060275966172,1.89105229539079,88.4801563486559,-0.24964865421426907,-0.00472098660593101,-0.06241216355356727,-0.0011802466514827525,69
B0007,240,3.5281819372126093,2.1832922624558813,4.202212609390717,0.2590267647030847,2.018920346934836,-1.9243785304854075,-1.9942955362628867,5.813877826634093e-05,0.353697587121458,32.212169716369466,23.78037304316956,40.31733812871393,3.897110967912235,3148.829,1.6674367208253988,1.89105229539079,88.17507188402843,-0.30508446462746974,-0.005769306771218341,-0.07627111615686744,-0.0014423266928045853,70
B0007,244,3.5265730179666974,2.192864020990023,4.202335745153063,0.25895117983184,2.00947172416304,-1.9184028799161776,-1.9951017113211476,-0.0006209850775538,0.3688510351600927,32.21746401954225,23.770282871894263,40.332563430145015,3.918876824662239,3149.094,1.6622662630667526,1.89105229539079,87.90165492082501,-0.2734169632034167,-0.005170457758646219,-0.06835424080085417,-0.0012926144396615546,71
B0007,248,3.5245022548553444,2.156097212664392,4.201997273379946,0.2617924505301996,2.045900060715553,-1.9181664471622712,-1.9939693898192543,-0.0008196546730972,0.3693014357812534,32.23410177209762,23.76194654931583,40.431258866851486,3.9425202907421366,3140.547,1.6574243065763063,1.89105229539079,87.645609305257,-0.25604561556801286,-0.004841956490446275,-0.06401140389200322,-0.0012104891226115688,72
B0007,252,3.5228548406546385,2.138540138129487,4.201599523927098,0.2633490260817586,2.063059385797611,-1.9180994998619485,-1.9959097500887344,-0.0005785652845972,0.3697212191012891,32.228343983674435,23.75126365079373,40.46247985933005,3.951613635856311,3131.625,1.652538684928734,1.89105229539079,87.38725464951953,-0.2583546557374632,-0.004885621647572336,-0.0645886639343658,-0.001221405411893084,73
B0007,256,3.522282912123785,2.1646493163558524,4.20196227209543,0.2622165090473685,2.0373129557395773,-1.9179522150902,-1.9950531920364836,0.0007067950076479,0.3704409853164542,32.1833106060944,23.692389087728422,40.40103455658551,3.954583146041962,3121.907,1.6472174627573322,1.89105229539079,87.10586517211738,-0.2813894774021577,-0.0053212221714018515,-0.07034736935053942,-0.0013303055428504629,74
B0007,260,3.5189923820688493,2.1187211383693167,4.202045571197949,0.2657987880982344,2.0833244328286327,-1.9116539768893372,-1.993252278498655,0.0025842973651256,0.385013243725902,32.17200142078129,23.642375027314003,40.4426971996319,3.989270609895539,3122.125,1.6364136810898071,1.89105229539079,86.53455460107405,-0.5713105710433268,-0.010803781667525048,-0.1428276427608317,-0.002700945416881262,75
B0007,264,3.51778442795708,2.1377868706438155,4.204697039833386,0.2660021511721999,2.0669101691895704,-1.911586551073689,-1.9934424013813437,0.0016296703790506,0.3850783041628466,32.03316223587618,23.617774403005388,40.26214977673693,3.928321114584468,3121.672,1.6362554312048496,1.89105229539079,86.52618625053486,-0.008368350539186054,-0.00015824988495749537,-0.0020920876347965134,-3.956247123937384e-05,76
B0007,266,3.521222605727349,2.103155697792567,4.203964293328523,0.267463244027458,2.1008085955359563,-1.917648718820213,-1.993721164618022,-0.0003124695442695,0.3703282072913335,32.506671891788216,24.167910537487234,40.64566836195685,3.863021171137795,3120.86,1.641119179218384,1.89105229539079,86.78338421514901,0.25719796461415,0.004863748013534286,0.128598982307075,0.002431874006767143,77
B0007,270,3.5172227884430147,2.186737546753024,4.201985395805308,0.2625180523459421,2.015247849052284,-1.9111337702474196,-1.995080127131668,0.0010705188392996,0.3859863634088458,31.96103948562093,23.55302449077993,39.95209030011925,3.9075613618643463,3103.828,1.6315700789656966,1.89105229539079,86.27842196339309,-0.5049622517559271,-0.009549100252687293,-0.12624056293898178,-0.002387275063171823,78
B0007,274,3.5125010864221813,2.100774791159369,4.20178017149305,0.2684194030833104,2.101005380333681,-1.9108556098369367,-1.9937540476262583,0.0012645403116355,0.3864575673331354,31.798082670491866,23.15836420422582,40.16503458324407,4.039383392805075,3095.094,1.621213282987236,1.89105229539079,85.73074826850355,-0.5476736948895393,-0.010356795978460509,-0.13691842372238483,-0.0025891989946151273,79
B0007,278,3.5129614635074677,2.1417010068719846,4.202220537976551,0.2654991445134645,2.0605195311045663,-1.9049762303506044,-1.9934634318284483,0.0007746435520126,0.4005172724970495,31.95802833708937,23.26175935743409,40.36674175781141,4.100074784183007,3095.781,1.6164273214762122,1.89105229539079,85.47766370163623,-0.2530845668673152,-0.004785961511023951,-0.0632711417168288,-0.0011964903777559877,80
B0007,282,3.512520410039196,2.0912297625621297,4.2013887453306085,0.2692443243789981,2.110158982768479,-1.905106852054852,-1.9955237523449136,0.0004752084007865,0.4005777576368912,32.41813169746276,23.705879583857502,40.88269125311642,4.104813634275824,3094.328,1.615823510161921,1.89105229539079,85.44573379066746,-0.031929910968770514,-0.0006038113142912138,-0.007982477742192629,-0.00015095282857280345,81
B0007,286,3.5151454557578807,2.166300950520593,4.201620573144587,0.264592914024469,2.0353196226239936,-1.9049079394753687,-1.9937747556066168,0.0014730247330521,0.4011093811263723,32.64044972789331,24.063147568932987,40.85633220225456,4.035276418212726,3086.531,1.61672418029789,1.89105229539079,85.49336177737963,0.04762798671217183,0.0009006701359690616,0.011906996678042958,0.0002251675339922654,82
B0007,290,3.513443179473182,2.1843637809529235,4.201668680267049,0.2638836935216724,2.017304899314125,-1.898761620917719,-1.993529946094214,0.0007479343585839,0.4145639691317064,32.56399373078006,23.95500402082536,40.7780246115985,4.0489676097337375,3085.625,1.6108655863730026,1.89105229539079,85.1835557535501,-0.3098060238295375,-0.005858593924887412,-0.07745150595738437,-0.001464648481221853,83
B0007,294,3.509708940257453,2.113995772639173,4.202567159315787,0.2695757399413419,2.0885713866766142,-1.90433828068926,-1.9937950394148771,0.002791130516547,0.4023836860850073,32.28305350922276,23.712966469853814,40.5829305350897,4.030966130077138,3067.203,1.6006603374309376,1.89105229539079,84.64389595847521,-0.5396597950748827,-0.010205248942064982,-0.13491494876872068,-0.0025513122355162454,84
B0007,298,3.5042771471757,2.0287779476202195,4.201472345711643,0.2759386941922997,2.172694398091424,-1.904192698545851,-1.994813747444024,0.0015411386303345,0.4031010093914232,32.06065237439007,23.380469376342717,40.6345689985191,4.1025915192805655,3058.157,1.5959174487005665,1.89105229539079,84.39308910654776,-0.2508068519274502,-0.004742888730371098,-0.06270171298186256,-0.0011857221825927744,85
B0007,302,3.509207943122176,2.1948906641943635,4.201332830124454,0.2640340111657324,2.006442165930091,-1.8982712229514884,-1.994905249607193,-7.384784317216585e-05,0.4163384641983915,32.365261126964526,23.582488319458516,40.75070125010339,4.154090104643841,3058.812,1.5962179519462243,1.89105229539079,84.40897990165642,0.015890795108660427,0.0003005032456577794,0.003972698777165107,7.512581141444485e-05,86
B0007,306,3.5095064920492853,2.1621122251410005,4.201522880341636,0.2665102035429568,2.0394106552006352,-1.8977934870545985,-1.9940601969636649,0.0018530612527821,0.4164923578079049,32.68851871366292,23.98206918597125,41.0672419235651,4.12963931213872,3058.578,1.5958065114633972,1.89105229539079,84.38722267771132,-0.0217572239451016,-0.00041144048282704127,-0.0054393059862754,-0.00010286012070676032,87
B0007,310,3.505203266169396,2.0092802451741245,4.201386492450036,0.2778003723633003,2.192106247275911,-1.903643646720525,-1.9937194932286224,0.0040410194427514,0.4037263184241458,32.747733642524246,24.051439279589804,41.40590880756584,4.151667084862949,3049.328,1.5906507821480704,1.89105229539079,84.11458456358338,-0.27263811412794325,-0.005155729315326818,-0.06815952853198581,-0.0012889323288317045,88
B0007,313,3.5281182345919757,2.144268362237989,4.233325435700087,0.2741630579925055,2.0890570734620977,-1.936992342648715,-1.9937139334305616,0.0010773421833417,0.3195835892676469,32.50500516961017,23.850620264439623,41.01558674901627,3.999264397606396,3177.219,1.6888211161855506,1.89105229539079,89.3058917673428,5.191307203759422,0.09817033403748021,1.730435734586474,0.03272344467916007,89
B0007,316,3.519590928396835,2.0962813773920197,4.203917718634026,0.2705473630434238,2.1076363412420065,-1.9233409193548263,-1.9940123642001173,0.0001619323178991,0.3573271222732376,32.91993878980996,24.43569034018692,41.31851435911838,3.9779476648867633,3082.937,1.6259938279733204,1.89105229539079,85.98354640622486,-3.3223453611179394,-0.06282728821223027,-1.1074484537059799,-0.020942429404076757,90
B0007,320,3.5146260368096875,2.037656085248936,4.202046403451837,0.2748582335987081,2.164390318202902,-1.916884219356136,-1.9933319825535087,0.0025807635004239,0.3729974923595268,32.948305858317944,24.481210786362457,41.4002950560853,4.0004148447474615,3074.266,1.6157433862812898,1.89105229539079,85.44149679093846,-0.5420496152864018,-0.010250441692030599,-0.13551240382160046,-0.0025626104230076496,91
B0007,324,3.5115494818370454,2.050265845971926,4.201592874087554,0.2738568804220646,2.1513270281156283,-1.910472150518363,-1.9934516762680057,0.0003022515281129,0.3884097695100597,32.76906651915661,24.22844716982348,41.2508092329952,4.043926015268153,3066.0,1.6056626764846538,1.89105229539079,84.90842270191371,-0.5330740890247512,-0.010080709796636,-0.1332685222561878,-0.002520177449159,92
B0007,328,3.510769869032659,2.1421639870693685,4.201214370586727,0.2677238086862575,2.0590503835173584,-1.904277326283454,-1.994203337533412,-0.0006093698061376,0.4029610000929736,32.59734424608833,24.003142454503458,40.95362783962595,4.061553116289224,3056.437,1.5949746921524348,1.89105229539079,84.34323556466374,-0.5651871372499642,-0.010687984332218958,-0.14129678431249104,-0.0026719960830547396,93
B0007,332,3.50804494279531,2.093098662464846,4.201660608337926,0.2714351723858833,2.10856194587308,-1.904002494100001,-1.9942540792901025,0.000577433970476,0.403474714597581,32.52349894408369,23.879196296054904,40.989022190981714,4.1006818446076005,3048.219,1.5904102438871943,1.89105229539079,84.10186475348281,-0.2413708111809285,-0.004564448265240495,-0.06034270279523213,-0.0011411120663101237,94
B0007,336,3.507748080950393,2.109503853325003,4.201750207865124,0.2705086991832359,2.092246354540121,-1.9036546380501311,-1.999980148540772,0.001450116371467,0.4043586768146547,32.578228834731775,23.935993772910926,41.02622774121347,4.111733496864432,3039.218,1.5853517062988178,1.89105229539079,83.83436619721833,-0.26749855626448493,-0.005058537588376488,-0.06687463906612123,-0.001264634397094122,95
B0007,340,3.506667352106726,2.1295447836320704,4.201226117420626,0.2692433210994772,2.071681333788556,-1.8977146678452772,-1.995744295058308,0.0003095311788683,0.4177461648867441,32.62728298499839,23.980765847990668,41.01371342582121,4.116933403314129,3039.047,1.5799737147242376,1.89105229539079,83.5499747191144,-0.2843914781039274,-0.005377991574580188,-0.07109786952598185,-0.001344497893645047,96
B0007,344,3.50618439217454,2.138556110583413,4.201796973837129,0.2691227468747876,2.063240863253716,-1.8973347377958825,-1.995283636272928,0.0007088973292597,0.4182360497473145,32.652115712561326,23.999220368885872,41.04923314430273,4.118310158305885,3030.375,1.5752185465278068,1.89105229539079,83.29851852152426,-0.25145619759014437,-0.004755168196430848,-0.06286404939753609,-0.001188792049107712,97
B0007,348,3.5051004339266254,2.143779366990932,4.201200470517945,0.2689389259212894,2.057421103527013,-1.8970045774163773,-1.9943198333456515,0.0016972268277341,0.4188464005659871,32.64767456395258,23.973654052530293,41.05277512550887,4.135322062548897,3021.0,1.569798484648868,1.89105229539079,83.01190234003897,-0.2866161814852859,-0.005420061878938842,-0.07165404537132147,-0.0013550154697347105,98
B0007,352,3.5054479186890566,2.199196544880164,4.201289094579205,0.2654737839390413,2.002092549699041,-1.8909127399289276,-1.9968908750212224,0.0050718814465873,0.4318752742370957,32.6993879231031,24.01135599553165,41.02092182377061,4.1434355534635925,3021.75,1.5702565375950357,1.89105229539079,83.0361244595057,0.02422211946672803,0.00045805294616774184,0.006055529866682008,0.00011451323654193546,99
B0007,356,3.500074246846,2.0252901014990434,4.201033482375415,0.2780974884933766,2.1757433808763715,-1.8968789299198896,-1.9939195524210047,-9.090347803085198e-05,0.4193757586765284,32.724576765133094,24.011740056772418,41.34840278359994,4.183372291476193,3012.265,1.565249873909438,1.89105229539079,82.77136902689281,-0.2647554326128869,-0.0050066636855976565,-0.06618885815322173,-0.0012516659213994141,100
B0007,360,3.5011647157526498,2.0874226328484515,4.201482697501314,0.2734435466054509,2.1140600646528624,-1.8964710309338209,-1.9941986616958332,0.0010516290130581,0.4198750606930129,32.70434030242972,23.99347983811607,41.23753665797544,4.172822950886433,3002.641,1.559633933561147,1.89105229539079,82.4743946723507,-0.2969743545421153,-0.005615940348290938,-0.07424358863552882,-0.0014039850870727344,101
B0007,364,3.500407285435189,2.0863200514042264,4.196165946742788,0.2727539732933852,2.109845895338561,-1.8967768141795405,-1.9932029763532653,0.0024946169574364,0.4196828008013977,32.74051962267582,24.069019867711653,41.21700308433066,4.141460947088176,3012.0,1.5649820533392105,1.89105229539079,82.75720651161599,0.2828118392652925,0.005348119778063376,0.07070295981632313,0.001337029944515844,102
B0007,367,3.507816455272743,2.0588247910323827,4.205246397279064,0.2757283357353109,2.146421606246681,-1.9031485600103597,-1.99697276936168,0.0002870995994081,0.4052945132199409,33.38712825139849,24.773284683784794,41.89753189273277,4.106168727289112,3020.11,1.57497949984227,1.89105229539079,83.28587758683834,0.5286710752223485,0.009997446503059448,0.1762236917407828,0.0033324821676864826,103
B0007,371,3.5025243992110107,2.007722684403967,4.201509838937999,0.2793983050650545,2.193787154534032,-1.9028574663381217,-2.0040394709724123,0.0011258644840676,0.406602016926949,33.270627344923426,24.60432088403771,41.90270996402953,4.15734860812137,3002.172000000006,1.5652811168780458,1.89105229539079,82.77302117414882,-0.5128564126895157,-0.009698382964224095,-0.1282141031723789,-0.0024245957410560237,104
B0007,375,3.505155823274424,2.190682586389996,4.201909525379603,0.2671609601841865,2.0112269389896067,-1.8963219640753084,-2.0003771874564404,0.0012275375949171,0.4207390457585838,33.115074143665915,24.423639542020226,41.48233804274523,4.145666540073196,2992.703,1.559755497470126,1.89105229539079,82.48082304608076,-0.29219812806806544,-0.005525619407919846,-0.07304953201701636,-0.0013814048519799615,105
B0007,379,3.498364647513572,2.008435320437976,4.199865517000471,0.2800179112567817,2.1914301965624947,-1.908430732943726,-2.005293715624197,0.0010402847333103,0.3948750790494943,32.90572814040102,24.19968791502018,41.6411622659972,4.18531988772862,2964.468,1.549897685670499,1.89105229539079,81.95953593923268,-0.521287106848078,-0.009857811799627081,-0.1303217767120195,-0.0024644529499067702,106
B0007,383,3.500140843862167,2.164636064139996,4.200859733656452,0.2688781343035709,2.036223669516456,-1.889754408573026,-1.9945472659822976,0.0003412651456227,0.4344167924236918,32.953112654161664,24.11639369687997,41.433877603827945,4.228928723876436,2983.375,1.543877153134502,1.89105229539079,81.64116650277282,-0.3183694364598608,-0.006020532535996992,-0.0795923591149652,-0.001505133133999248,107
B0007,387,3.49909547013937,2.064742753691984,4.20162098338246,0.2760027250501692,2.1368782296904767,-1.895916758897512,-1.9938553434941435,-0.0006483552972097,0.4220196727922293,33.2282109237263,24.459092848668902,41.8543569979417,4.2233786094138015,2975.297,1.5450187488690073,1.89105229539079,81.70153478223752,0.06036827946469714,0.0011415957345053407,0.015092069866174285,0.00028539893362633517,108
B0007,391,3.501035761164061,2.170172617792397,4.201149059944848,0.2690639185860018,2.0309764421524514,-1.889387844169526,-1.994538814315664,0.0027223591581976,0.4354171727207348,33.361342590516294,24.609806274773607,41.78271326384125,4.200820925974331,2974.9850000000006,1.5445940154102908,1.89105229539079,81.6790746176111,-0.022460164626409096,-0.00042473345871640866,-0.005615041156602274,-0.00010618336467910217,109
B0007,395,3.497212315865497,2.120750718982474,4.200810741834928,0.2725395525815381,2.080060022852454,-1.8889185963670396,-2.0003871362753527,0.0017320639758289,0.4358379461976045,33.12431679486816,24.334930769941984,41.62744766181303,4.219242537204774,2966.25,1.5343086721758876,1.89105229539079,81.13517938745419,-0.5438952301569202,-0.010285343234403221,-0.13597380753923005,-0.0025713358086008054,110
B0007,399,3.496089957852059,2.13627215665258,4.200373974181371,0.271483182584801,2.064101817528791,-1.8885071150010757,-1.996471333028226,0.0004949274212671,0.4362675159871197,32.991553593266204,24.140776797393677,41.552128441464966,4.259597344555285,2956.359,1.5287603942958483,1.89105229539079,80.84178306554588,-0.293396321908304,-0.0055482778800393096,-0.073349080477076,-0.0013870694700098274,111
B0007,403,3.495877119417779,2.093857236476905,4.201791474587699,0.2745316604198063,2.107934238110793,-1.88881808207332,-1.9936433250812409,0.0010239776284218,0.4365325722003185,33.2318318845246,24.39166057089849,41.839167194182565,4.262261181975609,2956.344,1.5289260249179843,1.89105229539079,80.85054171397351,0.008758648427630078,0.00016563062213603708,0.0021896621069075195,4.140765553400927e-05,112
B0007,407,3.493116071455022,1.9959465760122976,4.20067023466464,0.2817618222544089,2.204723658652343,-1.8887930414931369,-1.9952567240378405,0.0018837863099458,0.4365818139018804,33.5098123920945,24.67206702561961,42.23998716092915,4.274457633860022,2956.406,1.529091650133123,1.89105229539079,80.85930007647583,0.008758362502319983,0.00016562521513874273,0.0021895906255799957,4.140630378468568e-05,113
B0007,411,3.492655946458748,2.0305769860653866,4.20021831736756,0.279043030854902,2.1696413313021736,-1.888168080257056,-2.001090966399853,-0.0001323108239163,0.4371486128735513,33.382402850667845,24.56852628281145,42.04090238497712,4.268524433351918,2947.266,1.5239059324661248,1.89105229539079,80.5850761600015,-0.27422391647432676,-0.0051857176669982685,-0.06855597911858169,-0.0012964294167495671,114
B0007,415,3.49208824531703,2.0758803797636745,4.200674971032527,0.2761335994927761,2.124794591268852,-1.887904907597145,-1.9951199234830208,0.0011947086906479,0.4379482947898885,33.17829959346276,24.34305560390618,41.803429062834496,4.274613938139993,2937.984,1.5186675419100617,1.89105229539079,80.30806686899294,-0.27700929100856797,-0.005238390556063122,-0.06925232275214199,-0.0013095976390157804,115
B0007,419,3.490216477408044,2.079354904824249,4.200371214024706,0.2758276886812699,2.121016309200457,-1.8877303662432203,-1.995116853206629,0.0010653130649685,0.4384469835295734,33.01591345323486,24.0993140682898,41.6886924602386,4.313576443869671,2929.125,1.5136482266426952,1.89105229539079,80.04264241301145,-0.26542445598148845,-0.005019315267366542,-0.06635611399537211,-0.0012548288168416355,116
B0007,423,3.490593195862046,2.0585109366080414,4.200965645223048,0.277468540309286,2.142454708615007,-1.8878077163294116,-1.9949523118907797,0.0004787085189064,0.438505597682676,33.271000362987586,24.36377918362768,41.98817160118213,4.3242665867829135,2928.454,1.5136050185229033,1.89105229539079,80.04035754125528,-0.0022848717561743115,-4.32081197918599e-05,-0.0005712179390435779,-1.0802029947964975e-05,117
B0007,427,3.4911419366203664,2.0253107306977376,4.201492773602507,0.2798972380490623,2.17618204290477,-1.887674933393443,-1.994323430810411,0.0014011551714919,0.4384231819570503,33.61966967517867,24.74466282559706,42.33252236723314,4.305718262524468,2929.375,1.5139470614867965,1.89105229539079,80.05844498202711,0.018087440771836327,0.00034204296389317435,0.004521860192959082,8.551074097329359e-05,118
B0007,431,3.49283645226053,2.0069579017420067,4.192768207316796,0.280648377364394,2.185810305574789,-1.901022727285377,-1.9935581248677676,0.0001912373509952,0.4101892452322283,33.29697162630193,24.95875411585554,41.63553796804361,4.0496455069214905,2946.031,1.5339599193158786,1.89105229539079,81.1167371232789,1.0582921412517834,0.02001285782908213,0.26457303531294585,0.005003214457270533,119
B0007,433,3.5025157522808223,2.19792648712031,4.204602036514753,0.2689584358507598,2.0066755493944437,-1.8951144121477892,-2.002748484975491,0.0030058963802608,0.4233283885716984,33.393130865360554,24.95211336056763,41.470498076928735,4.027667151212495,2955.438,1.5391372798653098,1.89105229539079,81.39051911027366,0.27378198699476286,0.005177360549431187,0.13689099349738143,0.0025886802747155935,120
B0007,437,3.492953565598811,2.0299415196572554,4.200995491738166,0.2795996279931968,2.171053972080911,-1.8941478117057609,-1.9944619397860408,0.0013222402114302,0.4245154192335867,33.13820710362847,24.59206034022774,41.54038193238441,4.122985103685159,2937.625,1.5236247972838737,1.89105229539079,80.57020955991136,-0.8203095503622961,-0.015512482581436116,-0.20507738759057403,-0.003878120645359029,121
B0007,441,3.491746263651724,2.117150391576778,4.201036137691208,0.2735087098161374,2.0838857461144293,-1.887504201472892,-1.993640903324712,0.0019620386177833,0.4382617517151343,32.84069778843796,24.21295183077047,41.13947017697289,4.157487508293686,2929.078,1.5135813035589147,1.89105229539079,80.03910347947992,-0.5311060804314423,-0.01004349372495894,-0.13277652010786056,-0.002510873431239735,122
B0007,445,3.490432264232956,2.130989905274772,4.200762329918291,0.2729068935891816,2.0697724246435194,-1.887143404342272,-1.994011319738722,0.0007664599576748,0.4390627573549804,32.75739655594484,24.08347032776052,41.09041922644824,4.183156275222846,2918.375,1.5077850749847914,1.89105229539079,79.7325953734772,-0.30650810600272393,-0.005796228574123319,-0.07662702650068098,-0.0014490571435308297,123
B0007,449,3.488861416967918,2.129431831748565,4.201013677167557,0.2728699120961805,2.071581845418992,-1.8807630082774924,-1.9944414808648836,0.00122567742659,0.451902047050887,32.77234087259374,24.06336388722212,41.10034021580957,4.202981030070509,2919.812,1.5031960676037333,1.89105229539079,79.48992586125676,-0.24266951222043076,-0.004589007381058163,-0.06066737805510769,-0.0011472518452645408,124
B0007,453,3.4891932104785104,2.164511453629433,4.200439147859412,0.2711434372617679,2.035927694229979,-1.886419275237733,-1.992734445097276,0.0028159136812845,0.4403385134265123,32.720417557744895,24.014672446811392,41.03075447325996,4.201910479264187,2900.422,1.497822059699588,1.89105229539079,79.20574504207775,-0.2841808191790136,-0.005374007904145328,-0.0710452047947534,-0.001343501976036332,125
B0007,457,3.487878571337592,2.1743012710834013,4.200264786461796,0.2703696312843611,2.0259635153783946,-1.8800039366336023,-1.994256304880574,0.0022981628295229,0.4532820883943287,32.710022803073514,23.987947203431663,40.99688397371006,4.212517381521927,2901.375,1.492848534633516,1.89105229539079,78.94274199989883,-0.2630030421789229,-0.004973525066071849,-0.06575076054473072,-0.0012433812665179622,126
B0007,461,3.486430546073901,2.1928976284966537,4.200151660684939,0.2689857507962565,2.007254032188285,-1.873336653737241,-1.993300105892976,0.0016961980319279,0.465528036840312,32.62076759783716,23.86413247301575,40.88481342461614,4.2318435663728,2901.187,1.492414389867026,1.89105229539079,78.91978415957107,-0.022957840327762824,-0.0004341447664901743,-0.005739460081940706,-0.00010853619162254358,127
B0007,465,3.481257277522668,2.029849589914729,4.200453152662228,0.2805884049743061,2.1706035627474987,-1.879702248133121,-1.994355063355133,0.0003609582922841,0.4537710583671583,32.57651826255201,23.796556329674623,41.09400879501426,4.2680046087936,2891.64,1.487482776538081,1.89105229539079,78.65899743564148,-0.26078672392958424,-0.004931613328944984,-0.06519668098239606,-0.001232903332236246,128
B0007,469,3.4823550791204023,2.095949224783681,4.200291122451955,0.2757345575864043,2.1043418976682737,-1.8790751470067304,-1.9927610429233324,0.0001961097375452,0.4545290044639148,32.58396494906228,23.788802856443372,41.01377835587309,4.266172820747234,2882.906,1.482535148640411,1.89105229539079,78.39736385153971,-0.26163358410177295,-0.004947627897669893,-0.06540839602544324,-0.0012369069744174732,129
B0007,473,3.4835074286280525,2.177723491219515,4.199877643371451,0.2702230568822358,2.022154152151936,-1.8728728303565048,-1.9944391195904976,0.0015180809940599,0.4670890953125287,32.623742674615976,23.82871891762843,40.90635248178393,4.259765769333201,2883.265,1.4827874322228984,1.89105229539079,78.41070476141842,0.013340909878706952,0.00025228358248741145,0.003335227469676738,6.307089562185286e-05,130
B0007,477,3.478976541530706,2.056251340337525,4.200436806124781,0.2785599820113761,2.144185465787256,-1.872678642140012,-1.994379463643991,0.0005279711713773,0.4668330320827534,32.58599202496769,23.743478109305848,41.06596192416311,4.30066202858035,2882.969,1.476971179775059,1.89105229539079,78.10313778074762,-0.30756698067079924,-0.005816252447839343,-0.07689174516769981,-0.0014540631119598357,131
B0007,481,3.483501191305966,2.1512510632923165,4.193077426787744,0.2710187642003124,2.041826363495428,-1.872734820116884,-1.992644974954703,0.0024042447038229,0.4662180398477774,32.864544723781215,24.457169523678328,40.84520330629611,4.080941387761504,2891.656,1.4819015554137276,1.89105229539079,78.36385905485969,0.2607212741120719,0.004930375638668494,0.06518031852801798,0.0012325939096671235,132
B0007,483,3.489970199409661,2.1693699073642034,4.203372086437543,0.2716515037379007,2.03400217907334,-1.8800362373714223,-1.9933389783603288,0.000828308861303,0.453311253523682,33.079651096902374,24.575871874910508,41.12807910254104,4.10422717641776,2901.25,1.4981366198874824,1.89105229539079,79.2223791768746,0.8585201220149088,0.01623506447375478,0.4292600610074544,0.00811753223687739,133
B0007,485,3.484801138956006,2.116759239247948,4.202065190134895,0.2744248030587602,2.0853059508869465,-1.8730214281226412,-1.9933817364068824,0.0030675311032014,0.4663879788040059,32.932141650182686,24.32851203519328,41.094988453128494,4.167224495126409,2891.703,1.4820775214392872,1.89105229539079,78.37316424573085,-0.8492149311437487,-0.016059098448195197,-0.42460746557187434,-0.008029549224097599,134
B0007,489,3.47835437960934,2.009424225590032,4.200086642861885,0.2818515847566122,2.190662417271853,-1.8725486136074456,-1.9932411647857315,0.0030467354150696,0.4670460159468524,32.755748003791545,24.08043303814577,41.11877573165318,4.224926755149784,2883.016,1.4771155312812152,1.89105229539079,78.11077117652985,-0.26239306920099636,-0.004961990158071972,-0.06559826730024909,-0.001240497539517993,135
B0007,493,3.475694933923807,2.0034792344341588,4.199758658258613,0.2821225408880852,2.1962794238244543,-1.8724613181992065,-1.995591810750265,0.0021959636917793,0.4676019056235758,32.52965474617847,23.77234297368613,40.98003499062696,4.271493224906279,2873.453,1.4720772783056488,1.89105229539079,77.84434528297595,-0.266425893553901,-0.005038252975566371,-0.06660647338847525,-0.0012595632438915927,136
B0007,497,3.481431873453954,2.172988732474185,4.199843161074874,0.2703184554504022,2.026854428600689,-1.8659419458758728,-1.9935321227601952,0.0019190547671286,0.4798199080245358,32.848065199041,24.13000363319517,41.017509953482886,4.229905234799717,2874.031,1.472248013656454,1.89105229539079,77.85337387257239,0.009028589596439929,0.00017073535080514013,0.002257147399109982,4.268383770128503e-05,137
B0007,501,3.4796060336232357,2.087464676179042,4.200352076636086,0.2760443341294343,2.112887400457044,-1.865786095147701,-1.9930538887372675,0.0021311239778481,0.4796371624062805,33.072327061961936,24.398489581288885,41.299420742573055,4.223536418835768,2874.234,1.4670106672274663,1.89105229539079,77.57641979564112,-0.2769540769312755,-0.005237346428987655,-0.06923851923281887,-0.0013093366072469137,138
B0007,505,3.47822589673296,2.110564313669325,4.200169604165679,0.2746745581820132,2.0896052904963542,-1.8654605849037516,-1.996737767854495,0.0025488236883237,0.4803629887383534,32.85096451719535,24.15787591865575,41.105738037939375,4.2315095942649,2864.984,1.461767249533538,1.89105229539079,77.2991446665128,-0.27727512912831287,-0.005243417693928221,-0.06931878228207822,-0.0013108544234820552,139
B0007,509,3.4743233868367187,2.0724687293779813,4.199911577879335,0.2773685437531875,2.127442848501353,-1.865134613881632,-1.9940890874950363,0.0015365248744252,0.4811567076590405,32.572302329954546,23.833084099928943,40.87704013237699,4.272118524208809,2855.093,1.4566952670489708,1.89105229539079,77.03093513592873,-0.26820953058407326,-0.005071982484567306,-0.06705238264601832,-0.0012679956211418264,140
B0007,513,3.4737305453330443,2.1253826973270518,4.199564012073342,0.2735040903000701,2.07418131474629,-1.858515986418667,-1.9932272893446616,0.0011522148915565,0.4926088565466325,32.450684441760906,23.613836363374315,40.73021986226824,4.307107583090939,2855.625,1.451354972758956,1.89105229539079,76.74853711324945,-0.28239802267927416,-0.005340294290014702,-0.07059950566981854,-0.0013350735725036755,141
B0007,517,3.47481272321405,2.1147331324879475,4.199951033620322,0.2741189658808237,2.0852179011323746,-1.8588972649148483,-1.9966895581151056,0.0030918125678027,0.4928853646213693,32.7394359440147,23.88537512458738,41.03226257370644,4.314471991597492,2855.594,1.451615926257375,1.89105229539079,76.76233649357621,0.013799380326759092,0.00026095349841881443,0.003449845081689773,6.523837460470361e-05,142
B0007,521,3.476096426841386,2.1738445330859366,4.19995987158867,0.2707101067699333,2.0261153385027337,-1.858196967233421,-1.9930274022141448,0.0029628405126883,0.4936311001212133,32.775898242252914,24.02342893757079,40.89527781087817,4.253460060290458,2847.437,1.4468161332173683,1.89105229539079,76.50852050701118,-0.25381598656503,-0.00479979304000655,-0.0634539966412575,-0.0011999482600016376,143
B0007,525,3.4686822529487804,1.9947266977360072,4.200414702164272,0.2832693778438166,2.2056880044282647,-1.8581200056254088,-1.9935942445664656,0.0006568763083351,0.4934164587081907,32.5817324044051,23.75894434400727,41.02491521192672,4.322639954618495,2847.36,1.4467570607768785,1.89105229539079,76.50539672029024,-0.003123786720948374,-5.9072440489860156e-05,-0.0007809466802370935,-1.4768110122465039e-05,144
B0007,529,3.4661964701943586,2.0033802121225017,4.199552965128597,0.2821947324675514,2.1961727530060955,-1.8577209868352305,-1.994370314261552,0.0026276137551773,0.4943028089733894,32.35021153014993,23.458006651239486,40.81596834579472,4.367565785231717,2837.328,1.4413797481446793,1.89105229539079,76.22104114507394,-0.2843555752162956,-0.005377312632199205,-0.0710888938040739,-0.0013443281580498012,145
B0007,533,3.468183423895935,2.116470909151213,4.199706970400125,0.2740329443201372,2.083236061248912,-1.8512458354075156,-1.9938361784378091,0.0021315502195588,0.5055252635242714,32.28754240914786,23.312450683066256,40.65138669632271,4.387918298052043,2837.281,1.4362456252208178,1.89105229539079,75.94954559011889,-0.2714955549550524,-0.005134122923861506,-0.0678738887387631,-0.0012835307309653765,146
B0007,537,3.4678606629897453,2.051877342511651,4.199300346769649,0.2783171055410068,2.1474230042579974,-1.8514531972432,-1.9942060517882436,0.0003083819002708,0.5055032219238349,32.603239183227075,23.67192071435474,40.965385542419945,4.3654701294274805,2838.515,1.4368154153924828,1.89105229539079,75.9796764422933,0.03013085217440903,0.00056979017166503,0.007532713043602257,0.0001424475429162575,147
B0007,541,3.4662499547181245,2.003221375307111,4.200086391757318,0.282385242428913,2.196865016450207,-1.8574211435317929,-1.993515247147098,0.0028170347777114,0.4949969475950789,32.61208344144242,23.703251528067923,41.11319128215138,4.37997105530099,2828.328,1.4362945145860049,1.89105229539079,75.95213088960034,-0.02754555269295622,-0.0005209008064779308,-0.006886388173239055,-0.0001302252016194827,148
B0007,545,3.462469269360201,1.9865974995249176,4.189989265375979,0.2818819841696323,2.2033917658510607,-1.857823928669184,-1.99378580594933,0.0021921104214289,0.4943078671975977,32.26742656599958,23.32719332912165,40.78738321989129,4.383264304717054,2838.265,1.4418575315878015,1.89105229539079,76.24630662526647,0.29417573566612987,0.005563017001796622,0.07354393391653247,0.0013907542504491555,149
B0007,548,3.480518309485383,2.1908121182442706,4.202670619155847,0.270428573348554,2.0118585009115764,-1.8658259561850363,-1.996213250941652,0.0023628760398125,0.4805485663838978,32.637733704417855,23.97791363088396,40.73001188190229,4.214467261135465,2864.547,1.4672063484781797,1.89105229539079,77.58676753965592,1.3404609143894533,0.025348816890378156,0.44682030479648444,0.008449605630126053,150
B0007,552,3.4723137993738336,2.033261415031626,4.199186500777735,0.2802109931464832,2.165925085746109,-1.8647784241320744,-1.993458887321793,0.0012510749735953,0.4816733351722642,32.665258715232376,23.91927093515108,40.990354594470126,4.283289390084547,2846.39,1.4518640367848883,1.89105229539079,76.77545672975997,-0.8113108098959572,-0.015342311693291366,-0.2028277024739893,-0.0038355779233228415,151
B0007,556,3.474362108592906,2.19135439601875,4.199638763972608,0.2695426070546689,2.0082843679538582,-1.8578958465335809,-1.9936626344417876,0.0026139024713906,0.4944188415321409,32.502652632323915,23.750323116940574,40.62521315513875,4.270076308909606,2837.969,1.44713797527485,1.89105229539079,76.52553971151791,-0.24991701824205848,-0.004726061510038182,-0.06247925456051462,-0.0011815153775095455,152
B0007,560,3.472282321238876,2.1840705012733683,4.200028390360542,0.2699344065566691,2.015957889087173,-1.8511947629213037,-1.9935668796843675,0.0027107013781295,0.5056082033558461,32.446842086875606,23.628172831563692,40.58944296824891,4.299125865852939,2838.156,1.441790586562399,1.89105229539079,76.24276653144855,-0.2827731800693556,-0.005347388712451107,-0.0706932950173389,-0.0013368471781127766,153
B0007,564,3.4701761898320465,2.1664368343684446,4.199347098159206,0.2710858021641952,2.032910263790761,-1.8509042611451945,-1.9934697961408,0.0007252787010097,0.5063097294204744,32.39361892904713,23.53981212995311,40.584393586876246,4.325115898670607,2829.843,1.431630947911111,1.89105229539079,75.70551863639822,-0.5372478950503279,-0.010159638651288105,-0.13431197376258197,-0.0025399096628220263,154
B0007,568,3.4635011119445216,1.987193667465448,4.199148920577739,0.2832898045943784,2.211955253112291,-1.850858274670624,-1.9934414275491172,-0.000179521434056,0.5063070156205356,32.417221778010834,23.49802323358846,40.884444140401214,4.3883223279882495,2829.625,1.4318084249673686,1.89105229539079,75.71490373149528,0.009385095097059093,0.00017747705625770216,0.0023462737742647732,4.436926406442554e-05,155
B0007,572,3.467453100453348,2.1314172797434523,4.199648027535327,0.2734041808329979,2.0682307477918744,-1.8504182940365097,-1.9940355259074865,0.001281010018485,0.5071972807923033,32.40094040453025,23.52742809133315,40.65159637790841,4.3463556783787,2819.437,1.4262562585106868,1.89105229539079,75.42130177927987,-0.2936019522154112,-0.005552166456681773,-0.0734004880538528,-0.0013880416141704432,156
B0007,576,3.4675864728547845,2.188995882590831,4.199193175738452,0.2695141803952856,2.0101972931476206,-1.8436892876926971,-1.993771785891296,0.0005356664506589,0.5181427821072656,32.36314241861482,23.458033825865048,40.53138082339522,4.351714431704272,2819.579,1.4260877528924911,1.89105229539079,75.41239109930522,-0.00891067997464745,-0.0001685056181957023,-0.0022276699936618627,-4.212640454892558e-05,157
B0007,580,3.462182535852444,2.032246494641712,4.199053572226856,0.2801600866578969,2.166807077585145,-1.8498733070449755,-1.9938797141417293,0.0026041426376996,0.507894137527647,32.382600705235255,23.438813900162128,40.821433488540606,4.4093849536368666,2810.672,1.4212633510031694,1.89105229539079,75.157273781763,-0.2551173175422292,-0.004824401889321761,-0.0637793293855573,-0.0012061004723304403,158
B0007,584,3.465962999117946,2.1695130053947387,4.199879744716988,0.2708827931569411,2.030366739322249,-1.8432877207292044,-1.9940053249383376,0.0009364024885806,0.5188324984812375,32.4323818014572,23.504429518319206,40.643362943412974,4.376928450134194,2811.485,1.4163272748795108,1.89105229539079,74.89625106252409,-0.26102271923890896,-0.004936076123658539,-0.06525567980972724,-0.0012340190309146348,159
B0007,588,3.4601727514874407,1.9917978280585305,4.198680179439704,0.283205640150527,2.2068823513811733,-1.8494580225090995,-1.9936134940183787,0.0012154494508675,0.5087585272156274,32.48861829940489,23.538505739106157,40.97063567014205,4.415256194230411,2802.422,1.4165781829175994,1.89105229539079,74.90951923277514,0.013268170251052425,0.000250908038088582,0.003317042562763106,6.27270095221455e-05,160
B0007,592,3.464226115253961,2.1534486462617077,4.199235005181635,0.2718094069576828,2.045786358919928,-1.8426221358637016,-1.9932783787552537,0.0024889122249394,0.5198946086774101,32.524062377970175,23.59680665310433,40.74888323397497,4.383646752360037,2801.625,1.4108401729425175,1.89105229539079,74.60608976183626,-0.3034294709388803,-0.0057380099750818925,-0.07585736773472007,-0.0014345024937704731,161
B0007,596,3.458799193390812,2.0101572712330453,4.198950996279868,0.2815424871225148,2.188793725046823,-1.8427098003104343,-1.9936687629475545,0.0026875024090308,0.5196065660798354,32.482615965621896,23.507102422227057,40.93461596721165,4.428070620096844,2802.031,1.4109949628347804,1.89105229539079,74.61427514584918,0.008185384012918462,0.00015478989226291873,0.0020463460032296155,3.869747306572968e-05,162
B0007,600,3.4620805499710854,2.132718741006573,4.199393701075195,0.2733820368325612,2.066674960068622,-1.842239518040086,-1.9932378340066104,0.000994707873273,0.5205366588751019,32.46389583182878,23.49103023425758,40.74175890345818,4.408949817284241,2793.39,1.40617142903988,1.89105229539079,74.35920373366997,-0.2550714121792055,-0.004823533794900525,-0.06376785304480137,-0.0012058834487251313,163
B0007,604,3.4578782949034514,2.0114763339798887,4.198994975977764,0.2814693412732219,2.187518641997876,-1.842252843487983,-1.9929534332525367,0.002778008422878,0.5205423339703974,32.55681404542561,23.555518771498985,41.00964443691023,4.442695390898806,2793.39,1.4063358479692922,1.89105229539079,74.36789830704656,0.0086945733765873,0.0001644189294123244,0.002173643344146825,4.11047323530811e-05,164
B0007,608,3.461590937144894,2.1610456063312298,4.198421699164089,0.2711287554522599,2.0373760928328597,-1.8356063485512333,-1.997554904717948,0.0017032344350931,0.5311150305328971,32.576296430484255,23.595817643467868,40.80558697887537,4.412579006003441,2792.485,1.4004552399066514,1.89105229539079,74.05692816217145,-0.3109701448751139,-0.005880608062640791,-0.07774253621877847,-0.0014701520156601977,165
B0007,612,3.462906230864041,2.0143553387267827,4.188887274283021,0.2816361889661913,2.1745319355562387,-1.8561013515700384,-1.9933150584565904,0.0005141412894631,0.4974051152048578,32.81804879809979,24.482611948371623,40.92586026351328,4.125296278923238,2802.016,1.4217865046055154,1.89105229539079,75.18493846367691,1.1280103015054692,0.021331264698863928,0.2820025753763673,0.005332816174715982,166
B0007,614,3.47535804252648,2.1732119934933296,4.2050716026539625,0.2747384382111585,2.031859609160633,-1.8574370794605968,-2.00603752072988,0.0016833616341213,0.4959113817178485,32.92941193334214,24.737923198971707,40.57390100608222,3.919423534297816,2820.39,1.4324552720625434,1.89105229539079,75.74910940083355,0.5641709371566321,0.01066876745702805,0.28208546857831607,0.005334383728514025,167
B0018,3,3.5275462263272543,2.472160843460044,4.188195942647034,0.2356155544529411,1.71603509918699,-1.9541761960216968,-2.012995081928318,0.0014590806056812,0.3275552119001775,31.773285281389256,23.8195202516044,38.10180309676608,3.3892433008816,3434.891,1.8550045207910817,1.8550045207910817,100.0,0.0,0.0,0.0,0.0,0
B0018,7,3.534835576186522,2.4114381994148304,4.186703558364525,0.2378965678417878,1.7752653589496945,-1.9474374301153288,-2.012643873951446,0.0031077708566253,0.3447491207313536,31.92489159472864,24.314787074430125,38.14987995994155,3.275230222415592,3425.485,1.8431955317089987,1.8550045207910817,99.3633983664338,-0.636601633566201,-0.011808989082082944,-0.15915040839155026,-0.002952247270520736,1
B0018,11,3.538246596159443,2.394395968141027,4.188811210133346,0.2372897126120675,1.7944152419923185,-1.952051132347974,-2.0118244627327857,0.002173103354404,0.3309288012685717,31.31691283374216,23.74169210144422,37.5266914843442,3.2627553263141578,3410.375,1.8396018424355425,1.8550045207910817,99.16966895859797,-0.19372940783583203,-0.0035936892734562687,-0.04843235195895801,-0.0008984223183640672,2
B0018,15,3.537697945111872,2.3999481734774424,4.188875360300162,0.2366874458874499,1.7889271868227192,-1.946091456212276,-2.0135271229076634,0.0019898436251189,0.3479124254783602,30.821190751176527,23.227856809949373,37.06279237079503,3.286261154647626,3404.719,1.8306736044962053,1.8550045207910817,98.68836350412234,-0.4813054544756312,-0.00892823793933717,-0.1203263636189078,-0.0022320594848342923,3
B0018,18,3.542667604586918,2.3851461229395867,4.189908817357781,0.2394353252581165,1.8047626944181947,-1.9412796601390512,-2.014479287336525,0.0017914962991381,0.3634908467567985,31.95346971511436,24.41464171159345,38.2110354381278,3.299128199072179,3417.641,1.8327002069419656,1.8550045207910817,98.79761404357092,0.10925053944858121,0.0020266024457602505,0.0364168464828604,0.0006755341485867502,4
B0018,20,3.5451037330477333,2.371677070838912,4.190509582057232,0.2411075275244998,1.8188325112183208,-1.940033881908304,-2.01246830059768,0.0026630542241708,0.3649633222354457,32.02311236185272,24.695286535085184,38.17496505957075,3.208976723644848,3411.766,1.8285288846046388,1.8550045207910817,98.57274546289774,-0.22486858067317428,-0.004171322337326755,-0.11243429033658714,-0.0020856611686633775,5
B0018,22,3.5475142438631493,2.4964491577040797,4.1903241054041,0.2318511800008401,1.6938749477000208,-1.9335667184847716,-2.0129654127777004,0.0024302706501015,0.3808832811419138,31.63453315807769,24.31366014142129,37.64038685475582,3.1972191610410667,3399.516,1.8212011895697924,1.8550045207910817,98.17772243450524,-0.3950230283925009,-0.0073276950348464265,-0.19751151419625046,-0.0036638475174232132,6
B0018,24,3.544812433691423,2.4374506721131883,4.190302498850287,0.2359561532347725,1.752851826737099,-1.9332161326561408,-2.0253396376938984,0.0073151778476343,0.3824771942488669,31.288194921595714,23.917267950078497,37.37602884738843,3.2292773880953023,3388.75,1.815170010643328,1.8550045207910817,97.85259228744276,-0.325130147062481,-0.006031178926464431,-0.1625650735312405,-0.0030155894632322156,7
B0018,27,3.543478027416409,2.4152206992194847,4.188517549229078,0.2368262064769387,1.7732968500095936,-1.932595948997046,-2.0164107237206794,0.0013308719123062,0.3841188149850458,31.11122470608501,23.65464110227768,37.28928029078695,3.2781775320054463,3380.406,1.8042980520967649,1.8550045207910817,97.26650430627024,-0.5860879811725255,-0.010871958546563087,-0.19536266039084182,-0.003623986182187696,8
B0018,30,3.543133206790044,2.377432309524995,4.191794143442699,0.2397794991641069,1.814361833917704,-1.9387520938161948,-2.0137948590788683,0.0019160597964111,0.369052527945247,31.13166983979621,23.598003231352457,37.52377766578506,3.332242371690498,3404.141,1.8231002302844224,1.8550045207910817,98.28009634752516,1.013592041254924,0.018802178187657503,0.3378640137516413,0.006267392729219168,9
B0018,32,3.545155146280937,2.3887487262583647,4.190699409462101,0.2394912052033424,1.8019506832037364,-1.9319248326301843,-2.0130992718348324,0.0028767662739353,0.3851800477462704,31.51305775907457,24.126322531318674,37.72420412562674,3.260551448947548,3396.141,1.8121253520255491,1.8550045207910817,97.68846014740458,-0.5916362001205755,-0.010974878258873222,-0.29581810006028775,-0.005487439129436611,10
B0018,34,3.545032366549762,2.432289857016922,4.190263311275428,0.2363654368710538,1.7579734542585057,-1.9249594896453863,-2.012646457499825,0.0026282018790305,0.4008923507156673,31.31102568785445,24.009919830527505,37.41366095304306,3.221069707400618,3384.094,1.8046916382117768,1.8550045207910817,97.28772183488542,-0.4007383125191666,-0.007433713813772336,-0.2003691562595833,-0.003716856906886168,11
B0018,36,3.5440892170496827,2.497495633221204,4.18970538556629,0.231523097251694,1.692209752345086,-1.9179528942264992,-2.011939908405691,0.0032049896807159,0.4160479816041276,30.893964711700164,23.551364638150325,36.94724908852665,3.2329854477192024,3370.656,1.790844349786295,1.8550045207910817,96.54123910288772,-0.7464827319977019,-0.013847288425481885,-0.37324136599885094,-0.0069236442127409425,12
B0018,39,3.541317108618481,2.478768686108376,4.188354430914051,0.2321599725190285,1.7095857448056746,-1.917373033348097,-2.013704827395307,0.0038464738146169,0.4177151568318644,30.540598970902945,23.09050168217513,36.70709131205994,3.289215654112624,3357.797,1.783470722841926,1.8550045207910817,96.14373996680884,-0.39749913607887777,-0.007373626944368938,-0.1324997120262926,-0.0024578756481229793,13
B0018,42,3.541197979542517,2.385849407868021,4.193543208571066,0.2398484874153809,1.8076938007030456,-1.918065242227558,-2.0130040542547274,0.0019820132803126,0.4185103779219493,30.82566018736547,23.303464882146475,37.13061214416645,3.353002685245749,3363.015,1.7809386125310702,1.8550045207910817,96.00723839592447,-0.13650157088436288,-0.002532110310855762,-0.04550052362812096,-0.0008440367702852539,14
B0018,44,3.541255460524434,2.372854084449551,4.190238041929225,0.2410751546863414,1.8173839574796744,-1.9106033469326071,-2.014784153266325,0.0020341106534608,0.4333538762209249,31.451400678644536,24.000119916961825,37.686600065941576,3.325243999668731,3357.734,1.771209039672698,1.8550045207910817,95.4827343988009,-0.5245039971235741,-0.00972957285837217,-0.26225199856178705,-0.004864786429186085,15
B0018,46,3.5427478949705886,2.4086912736769084,4.19075698083662,0.2385161329146751,1.782065707159712,-1.909404549449075,-2.0129355983090056,0.0030576354902658,0.4345292193646614,31.518847747922937,24.22294874000798,37.633580732302406,3.2500563963932576,3344.187,1.7686303996707076,1.8550045207910817,95.34372449488482,-0.13900990391607593,-0.0025786400019904843,-0.06950495195803796,-0.0012893200009952421,16
B0018,48,3.541251093602656,2.496331992137246,4.189715378549557,0.2320883101405075,1.6933833864123105,-1.896056770245541,-2.0117266911103093,0.0057259807892281,0.4608372568983002,31.11237289077096,23.79566158754756,37.15252578645951,3.2602557029885486,3339.969,1.7536304801917124,1.8550045207910817,94.5351054693852,-0.808619025499624,-0.01499991947899515,-0.404309512749812,-0.007499959739497575,17
B0018,51,3.5350260562177453,2.4199896352919668,4.187635645163932,0.236367912127833,1.7676460098719655,-1.8948411660605733,-2.012077515518729,0.0035410701860686,0.4628974572466668,30.586452588663985,23.127324953354822,36.78829001793698,3.3321205431155807,3327.641,1.7462197416415093,1.8550045207910817,94.13560571253056,-0.3994997568546381,-0.007410738550203133,-0.1331665856182127,-0.0024702461834010445,18
B0018,54,3.5326627624319777,2.3587321881999297,4.191004692440202,0.2416685170181151,1.832272504240272,-1.90021436299665,-2.011349710066744,0.0036253848491611,0.4524585670439338,30.24291302110412,22.780967262070934,36.541146197392216,3.3512442282208244,3312.844,1.7376647337053737,1.8550045207910817,93.67442042482638,-0.46118528770418266,-0.008555007936135617,-0.15372842923472754,-0.0028516693120452055,19
B0018,56,3.5333109441755526,2.4458096660548825,4.1906972904216495,0.2353392099181246,1.744887624366767,-1.8936767267608487,-2.0122749284189503,0.0031433432763886,0.4661602471420678,30.10270376338569,22.57870761159904,36.372087786130464,3.377498800277712,3302.031,1.7315166735475835,1.8550045207910817,93.3429894181155,-0.3314310067108863,-0.006148060157790125,-0.16571550335544316,-0.0030740300788950625,20
B0018,58,3.52738705832889,2.3808537751929744,4.185877977731026,0.239003879665238,1.805024202538052,-1.8739718829459888,-2.012448687975656,0.0026688208535405,0.5016651228882696,30.25118485222193,22.714077867822585,36.52608510498833,3.396238619784166,3305.547,1.7085949894470602,1.8550045207910817,92.10732212762564,-1.2356672904898574,-0.02292168410052331,-0.6178336452449287,-0.011460842050261655,21
B0018,60,3.529602596572045,2.436955746154759,4.188109147549676,0.2358748727510349,1.7511534013949173,-1.8791764961687347,-2.012334644346066,0.0029159205825874,0.4927171230526787,30.212407704391104,22.65890518865621,36.476252762052624,3.403765086443077,3289.562,1.711469957068211,1.8550045207910817,92.26230652733616,0.15498439971052846,0.0028749676211508035,0.07749219985526423,0.0014374838105754018,22
B0018,63,3.5289707694229837,2.4671365731790718,4.188302415854336,0.2340042382625828,1.7211658426752647,-1.8780560689384005,-2.0122688936966697,0.0037528750707342,0.4939304971807474,30.12501100963617,22.50816742543085,36.37720890237669,3.4207160165279014,3283.797,1.7075021373272627,1.8550045207910817,92.04840841029782,-0.21389811703834027,-0.003967819740948286,-0.07129937234611343,-0.0013226065803160953,23
B0018,66,3.5322741848919814,2.4129371999368505,4.18962510592865,0.2385847166505053,1.7766879059917997,-1.8993718818269212,-2.012513173999148,0.0019453368756264,0.4559875020816041,30.22428629982563,22.614491386507936,36.64000948247426,3.4339337984234866,3325.235,1.7492382064360228,1.8550045207910817,94.2983257900658,2.249917379767979,0.04173606910876004,0.7499724599226596,0.013912023036253348,24
B0018,68,3.532438322521663,2.3497771039810256,4.190150750158746,0.2435419818393612,1.8403736461777205,-1.8926958551018207,-2.0129844574191207,0.0029083838216241,0.4697948293651852,30.976376254737342,23.427272668893146,37.38165499248184,3.4306235725098317,3317.547,1.7327697147429957,1.8550045207910817,93.4105386440806,-0.8877871459852003,-0.01646849169302711,-0.4438935729926001,-0.008234245846513555,25
B0018,70,3.5363211310943603,2.4904700018477026,4.189151018945234,0.2339338166813496,1.698681017097531,-1.8783667048362824,-2.013596799411644,0.00379619845149,0.4950470415463233,31.41570291330098,23.95851287847354,37.59824760372582,3.366151084565415,3311.766,1.7222313328292376,1.8550045207910817,92.84243318688938,-0.5681054571912227,-0.01053838191375811,-0.28405272859561137,-0.005269190956879055,26
B0018,72,3.533535274219931,2.4650908929255406,4.189631312089484,0.2359904036028267,1.7245404191639435,-1.870834339681941,-2.0157162812456435,0.0037891536387384,0.507764643561668,31.383299841535276,23.961434154126863,37.56055515516341,3.356965113910435,3305.218,1.711846298984729,1.8550045207910817,92.28259445182906,-0.5598387350603247,-0.010385033844508618,-0.27991936753016233,-0.005192516922254309,27
B0018,75,3.527012841842043,2.363133281953362,4.187690359657657,0.242952334807339,1.8245570777042956,-1.869656723463972,-2.0125462740568847,0.0035498928055129,0.5096182399964857,31.167937826253635,23.619671716582488,37.52114200586718,3.422259431092308,3295.453,1.699267835126687,1.8550045207910817,91.6045117993578,-0.6780826524712609,-0.012578463858041955,-0.22602755082375361,-0.004192821286013985,28
B0018,78,3.52925730014011,2.4790616361836206,4.190215357888677,0.235625961705925,1.7111537217050563,-1.8623726014599724,-2.012800439982786,0.0016492704051233,0.5218817031204004,30.994690437264207,23.47871848419422,37.21887096740918,3.4044019218347645,3287.0,1.6940366439243106,1.8550045207910817,91.32250757005568,-0.28200422930211744,-0.005231191202376362,-0.09400140976737248,-0.0017437304007921206,29
B0018,80,3.527821497534469,2.491905723274248,4.189776104976122,0.2348918872075118,1.697870381701874,-1.8547843408980225,-2.0132684044986244,0.0021901473038837,0.5343935057246717,31.05531797855489,23.470322857025764,37.33441415744885,3.444324786448923,3276.922,1.6819027078768087,1.8550045207910817,90.66838862255428,-0.6541189475014022,-0.012133936047501903,-0.3270594737507011,-0.006066968023750952,30
B0018,82,3.525692957415014,2.4337177596826547,4.189846430994002,0.2396414257066782,1.7561286713113469,-1.8538766950740675,-2.013231862286827,0.0024224604448448,0.5360454651325246,31.373945543706103,23.769516048374253,37.7331798444306,3.481141363540428,3268.687,1.6769770618433686,1.8550045207910817,90.40285579078848,-0.2655328317657961,-0.004925646033440145,-0.13276641588289806,-0.0024628230167200726,31
B0018,84,3.5243962482347277,2.4424506461535755,4.188109551881256,0.2390673075680144,1.7456589057276806,-1.845735037450336,-2.0132145295965795,0.0022152306400403,0.5481632922577944,31.56128410753226,24.001463155521236,37.84649344841882,3.4519301147829986,3260.594,1.6655229306478936,1.8550045207910817,89.78538391580942,-0.61747187497906,-0.011454131195475004,-0.30873593748953,-0.005727065597737502,32
B0018,87,3.520797576383474,2.4383419399858552,4.186368648390758,0.238980222406237,1.7480267084049026,-1.838253855849893,-2.014122293372892,0.0039935721600975,0.5592550058413754,31.318474723902877,23.69718990044221,37.6701649416618,3.479671046869549,3258.812,1.6571924575832084,1.8550045207910817,89.33630290434469,-0.44908101146472745,-0.008330473064685151,-0.14969367048824248,-0.00277682435489505,33
B0018,90,3.519457281260753,2.4157245398944123,4.1901657245031085,0.2424910982322856,1.7744411846086965,-1.8435676915974053,-2.0127023314619743,0.0030781141382558,0.5514391809129776,31.104012325043943,23.49043258255704,37.53185198546868,3.502286924662153,3243.422,1.6482241555294048,1.8550045207910817,88.85283766459536,-0.48346523974933575,-0.008968302053803612,-0.16115507991644526,-0.002989434017934537,34
B0018,92,3.513165600287965,2.323395712524894,4.189966178473989,0.2501534875196626,1.8665704659490947,-1.83704467002657,-2.013140654116361,0.0023451184424322,0.5613521431263848,30.98973039800908,23.31675245518661,37.593333753421376,3.552531731625153,3236.515,1.6387701497987262,1.8550045207910817,88.34318900203323,-0.5096486625621282,-0.009454005730678672,-0.2548243312810641,-0.004727002865339336,35
B0018,94,3.517217159454334,2.4985039496028567,4.188259618341401,0.2360542563715132,1.689755668738544,-1.8211904293154169,-2.014033000339436,0.0041509497980638,0.5844065284351198,30.967851972472324,23.252438684811104,37.36141011067826,3.53816546965165,3230.734,1.6276486907262062,1.8550045207910817,87.74365089051547,-0.5995381115177594,-0.011121459072519935,-0.2997690557588797,-0.005560729536259967,36
B0018,96,3.5120091114107965,2.350237238739749,4.18974005757658,0.2480156417366742,1.8395028188368303,-1.8270453339799269,-2.012673084048405,0.0030923276022194,0.5765078413987346,31.285342046153826,23.493229087742925,37.89980324671546,3.613158829408131,3222.093,1.62215370227252,1.8550045207910817,87.44742581978934,-0.29622507072612336,-0.005494988453686123,-0.14811253536306168,-0.0027474942268430613,37
B0018,99,3.50911052654104,2.3337740352348813,4.1862359225351335,0.2487275525965154,1.8524618873002523,-1.819052179250902,-2.012635202899368,0.0061969698057655,0.5872722027551459,31.41096207271253,23.64731684697707,38.03149707759718,3.593965009145032,3220.344,1.6140066510467586,1.8550045207910817,87.00823275398015,-0.43919306580919226,-0.008147051225761537,-0.1463976886030641,-0.0027156837419205124,38
B0018,102,3.516106699716392,2.317647291087635,4.189625262426538,0.2523387804840423,1.8719779713389029,-1.869374596949812,-2.01318368468478,0.002701103444968,0.51064241745496,30.755137125871208,23.01653902765608,37.42220155418978,3.585252505516807,3250.75,1.6760516154424625,1.8550045207910817,90.3529666185232,3.344733864543045,0.06204496439570395,1.114911288181015,0.020681654798567983,39
B0018,104,3.519010068254593,2.492394514304757,4.186586244011676,0.2380195060159728,1.694191729706919,-1.839770443871628,-2.012193154001789,0.0036285932240811,0.5568545144084124,30.977446633931525,23.38270318088717,37.32511174435206,3.483997639834989,3239.344,1.649300642552199,1.8550045207910817,88.91086916860135,-1.442097449921846,-0.026750972890263514,-0.721048724960923,-0.013375486445131757,40
B0018,106,3.512421274222929,2.372828310153791,4.189366482043888,0.2476402791147724,1.8165381718900973,-1.837963396328485,-2.012774153678253,0.0076414091098653,0.5595593689454879,30.800512192698992,23.141477779700992,37.31088262198154,3.5387349615325,3222.25,1.63238299185809,1.8550045207910817,87.99886865838727,-0.9120005102140851,-0.016917650694108888,-0.45600025510704256,-0.008458825347054444,41
B0018,108,3.50815215295169,2.3560703177076867,4.188553804618968,0.2486881467043359,1.832483486911281,-1.8296109578903783,-2.012946778665685,0.0076760090804765,0.5718849545545559,30.616192795676135,22.876954081867613,37.23234655688736,3.5940179207817446,3206.157,1.6164159719025777,1.8550045207910817,87.13811496336645,-0.8607536950208186,-0.015967019955512418,-0.4303768475104093,-0.007983509977756209,42
B0018,111,3.508648568515266,2.4644431530094417,4.188764708195774,0.241247488922931,1.7243215551863322,-1.8210831511954937,-2.0135827897679706,0.0028721856858407,0.5838696197039824,30.399839302766903,22.56634750757244,36.94850857727268,3.612833606445908,3197.969,1.6109028378249377,1.8550045207910817,86.84091169427205,-0.2972032690943962,-0.005513134077639981,-0.09906775636479874,-0.001837711359213327,43
B0018,114,3.505199343959548,2.4195167274486726,4.188636968174337,0.2454833870794045,1.7691202407256643,-1.8199201144788144,-2.013020303951627,0.002949186928343,0.585778278664795,30.38386825126278,22.54982312188728,37.002663545357386,3.638873017099413,3181.625,1.5954638693695655,1.8550045207910817,86.00862431802415,-0.8322873762479048,-0.015438968455372182,-0.27742912541596826,-0.005146322818457394,44
B0018,117,3.523165280193865,2.3422406504312434,4.188466199744378,0.2527663680637224,1.846225549313135,-1.8951156248467715,-2.023314533825632,0.0073633480208382,0.4638446938022648,30.576239500422748,23.125008977470344,36.71025442949399,3.311198636334725,3302.36,1.726707440085764,1.8550045207910817,93.0837321813855,7.075107863361353,0.13124357071619852,2.358369287787118,0.04374785690539951,45
B0018,119,3.527269876472835,2.3755467142668496,4.189570916346704,0.246917614915635,1.8140242020798545,-1.8867694858233448,-2.012680983917414,0.0032934948283157,0.4783212150453822,30.705906284556665,23.408964388688208,36.72807623650589,3.264985072884921,3285.812,1.7165673917429751,1.8550045207910817,92.53710017973064,-0.5466320016548565,-0.010140048342788921,-0.27331600082742824,-0.0050700241713944605,46
B0018,121,3.526762654741574,2.414629137532592,4.189584987657955,0.2419722888164383,1.7749558501253635,-1.8786631828974332,-2.0115911942512583,0.0042866807827426,0.4932403281405002,30.62583594950684,23.270929426489836,36.72959308355185,3.305411848589637,3260.016,1.6958235570934848,1.8550045207910817,91.4188368861919,-1.118263293538746,-0.020743834649490367,-0.559131646769373,-0.010371917324745183,47
B0018,123,3.523020179476104,2.3844645496129964,4.189371286385834,0.2432804093836515,1.8049067367728373,-1.8704748023295987,-2.01260531537844,0.0041838989344953,0.5073349121605789,30.59735706865797,23.203934391629986,36.787462351640364,3.350287383237389,3240.031,1.6777783190792557,1.8550045207910817,90.44605014567584,-0.9727867405160566,-0.01804523801422908,-0.4863933702580283,-0.00902261900711454,48
B0018,125,3.519792345798265,2.398646371281655,4.187606340824144,0.2418489989676324,1.7889599695424887,-1.856283397120224,-2.0134407767806635,0.0023580257907636,0.5317240593773815,30.528493896066266,23.12071549691479,36.75689163314213,3.3691133878538584,3232.265,1.6606586897774192,1.8550045207910817,89.5231613273491,-0.9228888183267401,-0.017119629301836525,-0.46144440916337004,-0.008559814650918263,49
B0018,128,3.5251014582287223,2.4557130111721626,4.188829347125095,0.2393983363584046,1.7331163359529325,-1.862535475437064,-2.0130995106645164,0.00267333792564,0.5212662196305107,31.20375424610397,23.773481587876255,37.35015763097096,3.376149910404705,3232.031,1.6664109274827466,1.8550045207910817,89.83325424846362,0.31009292111451714,0.005752237705327401,0.10336430703817238,0.001917412568442467,50
B0018,130,3.518519199837846,2.323665882820083,4.189202115880737,0.2489550299081238,1.865536233060654,-1.8606833274060013,-2.0125662318740924,0.0039143523414103,0.52395009380152,31.17263944933504,23.734039908264887,37.48126030855565,3.3931075584998456,3209.5149999999994,1.6468336174407805,1.8550045207910817,88.77787622525443,-1.0553780232091867,-0.019577310041966056,-0.5276890116045934,-0.009788655020983028,51
B0018,132,3.5190801794284594,2.488054079510012,4.186778882107656,0.2364897838479307,1.6987248025976438,-1.8383636766891704,-2.026718552407948,0.0109793009845511,0.5585249663671572,30.96825922704022,23.549534792728995,37.12544389762631,3.372510067494465,3196.125,1.6257639928779952,1.8550045207910817,87.64205017595725,-1.1358260492971795,-0.021069624562785272,-0.5679130246485897,-0.010534812281392636,52
B0018,134,3.511416727290241,2.3306937114568003,4.187888599491238,0.248742640175246,1.8571948880344376,-1.84369585881154,-2.013261835361458,0.0143059566058354,0.5507329669971996,30.821704306343133,23.30725669183149,37.19112571388883,3.461125225709339,3172.562,1.6121577411874597,1.8550045207910817,86.90856130635962,-0.733488869597636,-0.013606251690535531,-0.366744434798818,-0.006803125845267766,53
B0018,136,3.5108038681605738,2.389399831578687,4.18915752014188,0.2451594140795012,1.7997576885631927,-1.8362729789790888,-2.0186878439171223,0.0025621455991493,0.5621879622030944,30.765219721637397,23.14397688753905,37.17642722353301,3.5039644474399885,3172.735,1.6057366823755344,1.8550045207910817,86.56241342693627,-0.34614787942334146,-0.00642105881192534,-0.17307393971167073,-0.00321052940596267,54
B0018,141,3.51432611790755,2.4864200723178747,4.191289655270872,0.2423708210517989,1.704869582952997,-1.864690278795044,-2.012371641203182,0.0041319662841082,0.5180525818431642,30.809988428281613,23.07707229087829,37.11936678632194,3.5173638369613456,3238.109,1.673645314879889,1.8550045207910817,90.223247227783,3.6608338008467314,0.06790863250435475,0.7321667601693462,0.01358172650087095,55
B0018,143,3.5196664048265607,2.4673631110639858,4.190628233635541,0.2418347331031089,1.7232651225715556,-1.8572649157581864,-2.013097827670719,0.0029691316095712,0.5299496773990815,31.03903359070028,23.56722203053731,37.2702464066457,3.4166236340276392,3191.063,1.6404348572349936,1.8550045207910817,88.43293042409496,-1.790316803688043,-0.0332104576448955,-0.8951584018440215,-0.01660522882244775,56
B0018,145,3.512403849382274,2.375173080957567,4.189158279329032,0.2483104432772974,1.8139851983714648,-1.8483454421357692,-2.0125787987088013,0.003942489066878,0.5439678410748331,31.04176453157222,23.53336339767724,37.39550861947664,3.4608039477331194,3165.828,1.6132653317422077,1.8550045207910817,86.96826954654632,-1.4646608775486385,-0.02716952549278595,-0.7323304387743192,-0.013584762746392975,57
B0018,147,3.5077862234460104,2.371626022111289,4.185868202467219,0.2479851087280629,1.8142421803559303,-1.839168422289249,-2.015019692764474,0.0034682912763662,0.5579580602841322,30.95978419551177,23.381334724831305,37.378956702246384,3.5047181709346,3140.407,1.5920964324686278,1.8550045207910817,85.82709177386076,-1.141177772685566,-0.0211688992735799,-0.570588886342783,-0.01058444963678995,58
B0018,150,3.5076596102713244,2.463955873060647,4.186906972044146,0.2417651320055897,1.7229510989834993,-1.8303326102702335,-2.020734675534358,0.0048036839728926,0.5706945055301016,30.843513277103145,23.16774870033671,37.245718322158105,3.536345990527338,3131.922,1.5866011820698824,1.8550045207910817,85.5308525821416,-0.2962391917191525,-0.005495250398745322,-0.0987463972397175,-0.0018317501329151071,59
B0018,153,3.507483356587461,2.475545296633258,4.189576283423886,0.2423794197950216,1.714030986790628,-1.829290599843924,-2.012930230685489,0.0015615748555885,0.5724466902011421,30.797157400797865,23.12031050968657,37.21755583353321,3.5441345376258013,3121.109,1.580076649033625,1.8550045207910817,85.1791265910117,-0.35172599112991065,-0.0065245330362573295,-0.11724199704330356,-0.00217484434541911,60
B0018,155,3.502386593344072,2.3791563087604626,4.189808713646982,0.2500612682534017,1.8106524048865191,-1.8278449003095163,-2.0135210876274656,0.0030432402930327,0.5742593028566971,30.98443458075409,23.27342231930282,37.56150979821064,3.597021783529328,3105.265,1.5641732953289167,1.8550045207910817,84.32180503052695,-0.8573215604847491,-0.01590335370470841,-0.42866078024237453,-0.007951676852354206,61
B0018,157,3.503693493885047,2.4776158338943337,4.188889298039903,0.2429305187393591,1.711273464145569,-1.8188198987741453,-2.013049747683001,0.0038725843255058,0.586841984204412,30.967899275139946,23.278670276560845,37.4174791317661,3.567101754621834,3091.25,1.555618272193922,1.8550045207910817,83.86061892347928,-0.4611861070476664,-0.008555023134994677,-0.2305930535238332,-0.0042775115674973385,62
B0018,159,3.4989948462048117,2.4205549690097223,4.188220838257245,0.2475754252809492,1.767665869247523,-1.817194042260449,-2.01215000710487,0.0037249670985359,0.5888596862938004,30.976616345195183,23.22385871065304,37.55101533655474,3.612043072703485,3076.703,1.5402045278637395,1.8550045207910817,83.02969133503282,-0.8309275884464569,-0.0154137443301825,-0.41546379422322843,-0.00770687216509125,63
B0018,162,3.495405576723954,2.415388497112405,4.186454063976498,0.2480665636873381,1.771065566864093,-1.8157980815469452,-2.0124985987201267,0.0037645779343444,0.5908996546649903,30.89768961926806,23.02720747705709,37.59895044072871,3.6899668834506327,3062.328,1.5321613015959863,1.8550045207910817,82.59609528835993,-0.4335960466728892,-0.008043226267753223,-0.14453201555762973,-0.0026810754225844078,64
B0018,165,3.494528300232307,2.3974205597873093,4.1895672733133145,0.2513160708577573,1.7921467135260052,-1.822108117298183,-2.013303363874512,0.0032327560058023,0.5821582195156936,30.81568822237933,23.026059458250696,37.48923978216981,3.6600445083242983,3050.563,1.5316232403693415,1.8550045207910817,82.56708936300427,-0.029005925355662043,-0.0005380612266447926,-0.00966864178522068,-0.00017935374221493086,65
B0018,167,3.496255482779393,2.497752653580319,4.189297764105604,0.2440399550144117,1.6915451105252846,-1.8129628028687812,-2.0127782408337165,0.0041669753720565,0.5952783563830066,30.72618807915112,22.903021044448277,37.37911114363861,3.668157715935053,3034.672,1.5222595950771978,1.8550045207910817,82.06231187124104,-0.5047774917632353,-0.00936364529214373,-0.25238874588161764,-0.004681822646071865,66
B0018,169,3.48769646191346,2.3726090777895896,4.186793087812023,0.2526108335689955,1.8141840100224336,-1.8044876731207795,-2.011894643612056,0.0040697572728226,0.6065337513252166,30.76818712651005,22.833484092130533,37.559604168615785,3.735877303040332,3031.25,1.5065267126851285,1.8550045207910817,81.21418011653458,-0.8481317547064577,-0.01573288239206927,-0.42406587735322887,-0.007866441196034635,67
B0018,171,3.486547580844067,2.36844257542991,4.188594535127793,0.2542197456881671,1.820151959697883,-1.809986175960184,-2.0125266173463885,0.0038292070941918,0.5993292137989468,30.775415173787835,22.85810521586403,37.61805450748922,3.740419157450185,3011.343,1.5014219556532926,1.8550045207910817,80.93899172887186,-0.27518838766272324,-0.005104757031835883,-0.13759419383136162,-0.0025523785159179413,68
B0018,174,3.482298183882304,2.331968556073514,4.186295492358637,0.2567453685120387,1.854326936285123,-1.8090400456598723,-2.0121939690963395,0.0033564516364867,0.6003399044077647,30.761821976538275,22.7394182895468,37.71101994346608,3.807327476212808,3003.0,1.4963534117486457,1.8550045207910817,80.66575552659644,-0.2732362022754131,-0.005068543904646949,-0.09107873409180438,-0.0016895146348823165,69
B0018,177,3.491819481711868,2.4057755306304176,4.187384370589753,0.2523757254841878,1.7816088399593355,-1.827369123350144,-2.0205100517708847,0.0109524865829472,0.5753946456070788,30.913721930762733,23.009880638439665,37.767989299214086,3.758678682195149,3045.187,1.5334262000312422,1.8550045207910817,82.6642837170715,1.9985281904750565,0.037072788282596525,0.6661760634916855,0.012357596094198842,70
B0018,179,3.493995853241935,2.4720838848798987,4.188929264481706,0.2478766162586878,1.716845379601807,-1.8180385592622927,-2.0131819742858483,0.0022373072205481,0.5884044857138683,31.22821565316561,23.372100245576046,37.91919394450186,3.715344293729912,3028.469,1.523845267514426,1.8550045207910817,82.14779265683784,-0.5164910602336619,-0.009580932516816132,-0.25824553011683093,-0.004790466258408066,71
B0018,181,3.484377015629623,2.342731326096539,4.185269759332432,0.2563184923366143,1.8425384332358927,-1.8085351614741645,-2.013496073486494,0.004404973809935,0.6017111392190142,31.261679783387308,23.43219431814089,37.99328509003338,3.678694084547476,3012.937,1.501192099426124,1.8550045207910817,80.92660058779416,-1.2211920690436813,-0.022653168088301978,-0.6105960345218406,-0.011326584044150989,72
B0018,183,3.4859116793558376,2.4198650452188226,4.18799771486628,0.251780469218776,1.7681326696474575,-1.806804118492653,-2.0122733205325782,0.0017801770008862,0.6035048613646924,31.18408593575448,23.29259934340576,37.984838024989045,3.7439712156426856,2998.875,1.492417671450291,1.8550045207910817,80.45358675534857,-0.4730138324455879,-0.008774427975833055,-0.23650691622279396,-0.004387213987916527,73
B0018,185,3.484278753976678,2.438879997223475,4.187899339921793,0.2508652563260822,1.7490193426983178,-1.8050190987020625,-2.013027320256293,0.0031984883317318,0.6056880584788689,31.001432353085377,23.09939775777157,37.8288851383529,3.772248758982031,2983.547,1.483323851940123,1.8550045207910817,79.9633550923934,-0.49023166295516774,-0.009093819510167966,-0.24511583147758387,-0.004546909755083983,74
B0018,188,3.482988652120672,2.430465824271706,4.1882916128809375,0.2527666120037829,1.7578257886092317,-1.8118563821702207,-2.012954260463709,0.0033492168235809,0.5969033315535529,30.981374033120872,23.03846743756316,37.844837975501,3.7894093030372655,2966.86,1.4807376792294196,1.8550045207910817,79.82393911352555,-0.13941597886784507,-0.0025861727107034937,-0.04647199295594836,-0.0008620575702344979,75
B0018,190,3.483799876979844,2.4907267597860656,4.187409532380725,0.2480283271358148,1.6966827725946594,-1.8021525551783737,-2.012741175686338,0.003924536033092,0.6102519084386244,31.088687926688607,23.11094770365509,37.8984610468502,3.79296427160096,2954.797,1.4735077809902477,1.8550045207910817,79.4341881367415,-0.38975097678405746,-0.007229898239171861,-0.19487548839202873,-0.0036149491195859307,76
B0018,192,3.4787540756450497,2.367832802864477,4.188656943531829,0.2581475506572683,1.820824140667351,-1.8092953592546852,-2.013377348559974,0.0023277056862263,0.6003267799218304,31.336420133762665,23.4240998983518,38.27784043980244,3.803271010666152,2945.735,1.46801928526661,1.8550045207910817,79.1383130775639,-0.2958750591776038,-0.005488495723637632,-0.1479375295888019,-0.002744247861818816,77
B0018,194,3.4752194351784507,2.3532703553328904,4.188198669984733,0.2587418006364251,1.834928314651843,-1.8000309691416814,-2.013211476410487,0.0035939400914024,0.6124490248454585,31.22599987103565,23.21101499325785,38.24434303919528,3.8504748781567057,2941.375,1.458092355711902,1.8550045207910817,78.60316993136419,-0.5351431461997009,-0.009926929554707975,-0.26757157309985047,-0.0049634647773539875,78
B0018,197,3.470739535801023,2.362897904778893,4.184528192003684,0.2577237129459588,1.8216302872247916,-1.7981302589297092,-2.014293661039269,0.0048263432801782,0.6145766343541279,31.0373234886888,22.93446707088835,38.06956259266949,3.887767420027259,2923.953,1.44786609888914,1.8550045207910817,78.05189058362433,-0.5512793477398645,-0.010226256822762014,-0.18375978257995484,-0.0034087522742540046,79
B0018,200,3.474600910003521,2.420200016704328,4.1927676322495895,0.2561984574820731,1.7725676155452614,-1.8058248446047425,-2.013245286480298,0.0030147593152949,0.6046864853168988,30.811349225731828,22.715597927537367,37.81744565252647,3.887383858249649,2921.031,1.4527808777541982,1.8550045207910817,78.31683758563824,0.26494700201391197,0.004914778865058089,0.08831566733797065,0.0016382596216860297,80
B0018,202,3.4740521567700093,2.472605886588914,4.187873640279204,0.2512971706951936,1.7152677536902896,-1.795955865281378,-2.0138967840468363,0.0018891165203542,0.6181698739348518,30.93222317974605,22.816866662883296,37.90256777035479,3.897848816437029,2902.75,1.4425356364492432,1.8550045207910817,77.76453481817188,-0.5523027674663581,-0.010245241304954966,-0.27615138373317905,-0.005122620652477483,81
B0018,204,3.475075728648004,2.483165462226557,4.1880559282136725,0.2509904827066951,1.7048904659871154,-1.7951057003644757,-2.0132739002306224,0.001403219773102,0.618933989993131,31.215527070380897,23.144424017860068,38.16628336469349,3.886597635856424,2897.875,1.4392712877203313,1.8550045207910817,77.58855957432074,-0.17597524385114127,-0.0032643487289119033,-0.08798762192557064,-0.0016321743644559517,82
B0018,206,3.472424307596416,2.434198683008624,4.188063095530185,0.2548410428555989,1.7538644125215614,-1.7940097981352856,-2.0131642650090824,0.0030231667836495,0.6205845867664036,31.40079708433756,23.36546101646915,38.36789486715962,3.875197172213356,2892.094,1.4286475681888218,1.8550045207910817,77.01585371768061,-0.5727058566401269,-0.010623719531509535,-0.2863529283200634,-0.005311859765754767,83
B0018,209,3.471751102262539,2.497859027600416,4.185913481526783,0.2494978939608663,1.688054453926367,-1.7841592631620102,-2.012453716602352,0.0024527231990189,0.6322457302959145,31.25921326972124,23.10859423301546,38.19823604401131,3.908607185348421,2886.921,1.4249026750004896,1.8550045207910817,76.81397317526904,-0.2018805424115726,-0.0037448931883321546,-0.06729351413719087,-0.0012482977294440516,84
B0018,212,3.4745407296058963,2.374740845794832,4.187259539606346,0.2595401980411204,1.8125186938115148,-1.8136320536623207,-2.013506755621097,0.0031177160092426,0.5946002285557522,31.134701292957462,23.10528361267006,38.09998280757164,3.860822526667847,2942.531,1.4698115324524124,1.8550045207910817,79.23492994106556,2.420956765796518,0.044908857451922746,0.8069855885988394,0.014969619150640915,85
B0018,214,3.471720060423485,2.3589340839760866,4.187670932765983,0.260516253498242,1.8287368487898967,-1.810960446087532,-2.014872086495032,0.0025045836690967,0.5979305613457744,31.246879695988092,23.26167836334653,38.21452378284136,3.845745944426188,2912.469,1.4525819651050202,1.8550045207910817,78.30611455790711,-0.9288153831584509,-0.017229567347392116,-0.46440769157922546,-0.008614783673696058,86
B0018,216,3.471398409828823,2.4413266342198545,4.187836103953847,0.2544263229056697,1.746509469733993,-1.800802328247715,-2.012630004080512,0.0016023425232613,0.6114932928667776,31.027558674438325,23.027044613835702,37.93969653616424,3.856206251259731,2895.594,1.442834198908794,1.8550045207910817,77.78062979024362,-0.5254847676634853,-0.009747766196226193,-0.26274238383174264,-0.0048738830981130965,87
B0018,218,3.4626491088970703,2.311419659807122,4.18719517574786,0.2638593220958803,1.8757755159407377,-1.798647877727257,-2.012054810012164,0.0024115620742285,0.6138855024551874,30.931917385258963,22.78902352526249,38.06666733482501,3.9414476470124526,2884.406,1.428376058807949,1.8550045207910817,77.0012171290454,-0.7794126611982222,-0.014458140100845007,-0.3897063305991111,-0.007229070050422504,88
B0018,220,3.466072725920186,2.495315923820125,4.183339938829854,0.2494437974542666,1.6880240150097283,-1.7804067367547436,-2.011816454093025,0.0039222395137717,0.6370599693980358,30.667082236656015,22.47935333131366,37.63260475617888,3.93067479455812,2873.766,1.4154547844370715,1.8550045207910817,76.30465417051595,-0.696562958529455,-0.012921274370877533,-0.3482814792647275,-0.006460637185438767,89
B0018,223,3.473067053341288,2.4398479869382084,4.192209704853633,0.256998603773989,1.752361717915425,-1.8167125180994763,-2.0147251295387147,0.0032022373391061,0.5905432240305882,31.22678910771077,23.14563143539215,38.18223603956323,3.894243733720098,2893.375,1.454576670077708,1.8550045207910817,78.41364556121901,2.1089913907030677,0.03912188564063657,0.702997130234356,0.013040628546878855,90
B0018,225,3.4668548162926327,2.376538319699514,4.186622455926472,0.2594057712811111,1.8100841362269573,-1.7981268087177564,-2.01362953818943,0.0022908479361973,0.615175869824526,31.387733116648285,23.299987417730907,38.3907466519188,3.9188316151382807,2884.9839999999967,1.4283179548274056,1.8550045207910817,76.99808484662279,-1.415560714596225,-0.026258715250302433,-0.7077803572981125,-0.013129357625151217,91
B0018,227,3.46527367520258,2.3722299202290382,4.186945959000922,0.260048576731528,1.814716038771884,-1.796443922299482,-2.0143431411678145,0.0027427735050577,0.6175723216535413,31.50566683829289,23.43938495660897,38.51622654624205,3.914095366589241,2870.234,1.4197026883204058,1.8550045207910817,76.53365112635747,-0.46443372026531904,-0.008615266506999841,-0.23221686013265952,-0.004307633253499921,92
B0018,229,3.4638878223448684,2.361475505115684,4.18744003081614,0.2614012721012322,1.8259645257004555,-1.795371462470329,-2.013805013275104,0.0024947638057852,0.6185854999461717,31.5462258449116,23.52414825084503,38.56612180540248,3.8983467287559375,2864.11,1.4155606630306516,1.8550045207910817,76.31036189749955,-0.22328922885792224,-0.004142025289754159,-0.11164461442896112,-0.0020710126448770794,93
B0018,232,3.457807923440064,2.317937855025735,4.1845980039811215,0.2637843275246904,1.866660148955387,-1.7937175263130196,-2.0140103653857677,0.0036577323801656,0.621305543593045,31.38997788229748,23.166973356692417,38.5606541602861,3.9985715147003824,2846.64,1.405680035419228,1.8550045207910817,75.77771480684933,-0.5326470906502152,-0.009880627611423609,-0.1775490302167384,-0.003293542537141203,94
B0018,235,3.459813554486507,2.3372859753156225,4.186742025132256,0.2640184979343566,1.8494560498166333,-1.801451773488821,-2.01313706710909,0.0021603358076119,0.6106925334860716,31.385433749863733,23.27596280218644,38.53842073636507,3.9657190589451488,2839.532,1.4084461071166137,1.8550045207910817,75.92682882066349,0.149114013814156,0.0027660716973856303,0.04970467127138534,0.0009220238991285434,95
B0018,237,3.458027727779737,2.35288102649522,4.1871520936423146,0.2624021548644072,1.8342710671470952,-1.791521575337878,-2.0146560328783325,0.0039719594997676,0.6236313916998142,31.423707199142054,23.24250038456045,38.548873480234754,3.983738947024171,2832.703,1.3968547782872414,1.8550045207910817,75.30196086484692,-0.6248679558165691,-0.011591328829372305,-0.31243397790828453,-0.0057956644146861525,96
B0018,239,3.4613996718507845,2.4646122144537173,4.187096292904282,0.2543634827295897,1.7224840784505644,-1.7816941240706174,-2.013905602750019,0.0035004779826549,0.6362211262767111,31.435368910968148,23.25643130784119,38.45838357496903,3.967465813626225,2827.077999999994,1.3935670371440676,1.8550045207910817,75.12472457747809,-0.17723628736882802,-0.0032877411431737613,-0.08861814368441401,-0.0016438705715868807,97
B0018,241,3.461128547669321,2.4684655225527004,4.187367312766795,0.2545140042760805,1.7189017902140944,-1.7797379985412234,-2.0129862192992305,0.0019150019110163,0.6387591462974623,31.542375291159843,23.40948042071164,38.54382874673793,3.964246511125985,2821.531,1.3893644292809475,1.8550045207910817,74.89816944965945,-0.22655512781864218,-0.0042026078631201,-0.11327756390932109,-0.00210130393156005,98
B0018,244,3.455556822823358,2.409292353940073,4.18534593452204,0.2589834605607093,1.7760535805819666,-1.7856528650965158,-2.0130373888261315,0.0035633455174765,0.6312222058682411,31.52669677306915,23.25216185853628,38.650883957434026,4.030635450508156,2805.156,1.378565141566671,1.8550045207910817,74.31599902402239,-0.5821704256370595,-0.010799287714276407,-0.1940568085456865,-0.003599762571425469,99
B0018,247,3.459598362944341,2.477625480372779,4.186646524222555,0.2543532391096489,1.7090210438497755,-1.7784070647657095,-2.012440412153309,0.0025270257598763,0.6396665691444494,31.43592191429037,23.267794615238977,38.45654834997334,3.9799942134001074,2814.906,1.384901110085747,1.8550045207910817,74.65755983684312,0.34156081282073103,0.0063359685190758075,0.113853604273577,0.0021119895063586025,100
B0018,249,3.4506569891269216,2.335608852853518,4.184730834033599,0.263423300497629,1.8491219811800803,-1.7778412667349817,-2.014185743260078,0.0023090961991655,0.6413506214395214,31.47523811288649,23.18183250077672,38.6564130442344,4.050740963804575,2801.156,1.3703251814242443,1.8550045207910817,73.87179740348331,-0.7857624333598068,-0.01457592866150259,-0.3928812166799034,-0.007287964330751295,101
B0018,251,3.455515243082573,2.441999086782534,4.187175976285891,0.2569366308625665,1.745176889503357,-1.7764462760420034,-2.014463667770562,0.0027455024461359,0.6426186512846561,31.5817445550721,23.347201662807525,38.655587491253975,4.0183573093301135,2794.187,1.3733464385229082,1.8550045207910817,74.03466800917732,0.16287060569401035,0.0030212570986638543,0.08143530284700518,0.0015106285493319271,102
B0018,253,3.455840338587253,2.465168783147216,4.186108406696249,0.2554511373660127,1.7209396235490333,-1.7752748972563317,-2.013348921415113,0.0035376525560346,0.6439585053065756,31.647958536134297,23.433341482891272,38.6997087046862,4.016418469674935,2785.391,1.3679487285504814,1.8550045207910817,73.7436870486498,-0.29098096052752,-0.005397709972426723,-0.14549048026376,-0.0026988549862133615,103
B0018,256,3.448678293668265,2.370892032033162,4.183460397462309,0.2612930004988529,1.812568365429147,-1.7742013268724648,-2.013428528654807,0.0077713611972704,0.6451719450259635,31.662032275252905,23.298067848672567,38.87481687744787,4.093913010011415,2779.5,1.3567141087089647,1.8550045207910817,73.13804864100184,-0.6056384076479588,-0.011234619841516746,-0.2018794692159863,-0.003744873280505582,104
B0018,259,3.474503178644755,2.461879783248223,4.187091541628412,0.2556944497754274,1.7252117583801891,-1.8196650877007408,-2.01277944734302,0.0026017060660145,0.586549765279328,30.434500875864146,22.45542569835154,37.36397452607736,3.853494200172745,2899.234,1.4604310209194575,1.8550045207910817,78.72924322020762,5.5911945792057764,0.10371691221049284,1.8637315264019254,0.03457230407016428,105
B0018,261,3.474031881945217,2.424706636890725,4.18736921126964,0.2575575606682498,1.7626625743789148,-1.809683685421604,-2.0200047420918392,0.0091134131538031,0.6002875701859975,31.017997058077015,23.061560846748243,37.88258787662229,3.841559669354344,2894.922,1.4500998937104097,1.8550045207910817,78.17231049614925,-0.5569327240583704,-0.01033112720904783,-0.2784663620291852,-0.005165563604523915,106
B0018,263,3.474404210386772,2.444722297403138,4.187597633155394,0.2554759257484419,1.7428753357522555,-1.7993287687468955,-2.0133646895300226,0.0037645837135773,0.6132733366274968,31.39483761465523,23.475330204930167,38.15898073660424,3.800485467556789,2888.25,1.4381406901824496,1.8550045207910817,77.52761106852412,-0.6446994276251274,-0.011959203527960094,-0.3223497138125637,-0.005979601763980047,107
B0018,265,3.471767043833224,2.443569395327192,4.187608979498198,0.2569035121433625,1.744039584171006,-1.7959419603883284,-2.014594160102108,0.0043292079445975,0.6173426525372289,31.24511885640641,23.342810660410983,38.05243159675446,3.824354254118013,2873.906,1.4283681980964316,1.8550045207910817,77.00079337204485,-0.5268176964792701,-0.009772492086018048,-0.26340884823963506,-0.004886246043009024,108
B0018,267,3.468530527297593,2.4666000274194886,4.186194120124063,0.2538859496650628,1.7195940927045743,-1.7956017209600372,-2.012470648259109,0.0041484754975605,0.618300999238423,31.05306925187263,23.05129068270268,37.89096376444466,3.861708394539825,2847.406,1.4147874517552432,1.8550045207910817,76.26867945054364,-0.7321139215012096,-0.013580746341188332,-0.3660569607506048,-0.006790373170594166,109
B0018,270,3.46512136466626,2.4272514813701016,4.186991375693876,0.2585919449354963,1.7597398943237743,-1.7929541659933774,-2.0131822133527364,0.0047242265159618,0.6216320056247608,30.88589263299331,22.88189492356489,37.81203585126145,3.895447732318232,2849.281,1.413889163393182,1.8550045207910817,76.22025431993113,-0.04842513061251452,-0.0008982883620611837,-0.016141710204171506,-0.00029942945402039456,110
B0018,272,3.4652879859475885,2.4762628371779,4.185443351643291,0.2528324258666098,1.7091805144653909,-1.784474211719448,-2.0130225462243683,0.0013113732243447,0.6323087479107589,31.053992379018933,22.92564951928596,37.9591954678784,3.931967860502407,2833.688,1.3989331662177225,1.8550045207910817,75.41400306782735,-0.8062512521037775,-0.01495599717545959,-0.40312562605188873,-0.007477998587729795,111
B0018,274,3.461799526154992,2.3607989727330003,4.186308413669027,0.2623696395685321,1.825509440936027,-1.793581043096934,-2.0189079388265974,0.0025506726829285,0.6220040809868876,31.492840068071885,23.43880589131317,38.52104349883516,3.947234529423152,2826.453,1.3953322584033976,1.8550045207910817,75.21988452127043,-0.19411854655692196,-0.003600907814324872,-0.09705927327846098,-0.001800453907162436,112
B0018,276,3.463260140320492,2.377011586588198,4.187179397572641,0.2613577584434526,1.810167810984443,-1.7920645354970144,-2.012765928007659,0.0078113986722275,0.6233712946026018,31.93832684630049,23.89396136161553,38.87868799770175,3.9215405106927648,2818.312,1.390046129540245,1.8550045207910817,74.93491870022228,-0.2849658210481465,-0.005286128863152495,-0.14248291052407325,-0.0026430644315762475,113
B0018,279,3.462839429201602,2.456756319667845,4.1854460754417,0.255037979102087,1.7286897557738543,-1.7809541104468565,-2.013042493892728,0.0028245095443,0.6363041167015956,31.74562722135923,23.63803692335084,38.65118899876309,3.9322760275289097,2812.7189999999973,1.3860271454209647,1.8550045207910817,74.7182624023947,-0.21665629782758344,-0.004018984119280367,-0.07221876594252781,-0.0013396613730934555,114
B0018,282,3.4569152237960306,2.3277314025979847,4.193052368415502,0.2669734010088493,1.8653209658175176,-1.7989851707207014,-2.012206599766764,0.0024228717534561,0.6136015374226743,31.31018499405759,23.13184070770573,38.434235278537344,3.991914149737072,2803.5,1.388215260193751,1.8550045207910817,74.83621978461461,0.11795738221991314,0.0021881147727862427,0.03931912740663771,0.0007293715909287476,115
B0018,284,3.4574690175816127,2.4537913827403948,4.186241953638429,0.2568228137679184,1.732450570898035,-1.7873231599598716,-2.012141821898546,0.0031921291370735,0.6283660366326043,31.12736034547181,23.032251614508017,38.10387572433,3.9586881060793737,2783.25,1.3761826562394497,1.8550045207910817,74.18756347033406,-0.6486563142805579,-0.01203260395430128,-0.32432815714027896,-0.00601630197715064,116
B0018,286,3.45021917812178,2.3475608877759067,4.186011006323472,0.2643003813390103,1.8384501185475652,-1.7861666392556754,-2.01231372073967,0.0039249640645347,0.6300010907202901,30.985550813719595,22.829010081336715,38.12742842632319,4.022154827610383,2776.391,1.3647168898640163,1.8550045207910817,73.56946436346267,-0.6180991068713837,-0.011465766375433395,-0.30904955343569185,-0.0057328831877166975,117
B0018,288,3.448672805179396,2.3558347560196564,4.18675624032869,0.2639314033167134,1.8309214843090336,-1.7849995504167615,-2.0131811880616888,0.0021019743314778,0.630878906976592,30.89965328075741,22.67782621456358,38.03962943213698,4.045052346052421,2766.516,1.3589854739373584,1.8550045207910817,73.2604939074654,-0.3089704559972688,-0.0057314159266579345,-0.1544852279986344,-0.0028657079633289673,118
B0018,291,3.444632719716698,2.379110236294476,4.1831553230638425,0.2616975446168244,1.8040450867693671,-1.778331020505836,-2.013273464922821,0.002880850510536,0.639379848746925,30.70612364496648,22.35025648802666,37.85657903247749,4.086965241473662,2751.516,1.34623087640088,1.8550045207910817,72.57291620112974,-0.6875777063356594,-0.012754597536478451,-0.22919256877855312,-0.004251532512159484,119
B0018,294,3.467272639213176,2.444740635238248,4.191989955143364,0.2590954604625469,1.7472493199051158,-1.809775952165901,-2.013950042532596,0.0031832258024873,0.5998929255667806,30.47122187456595,22.367517988223096,37.43017193410286,3.9229679264032944,2848.859,1.4268427818454643,1.8550045207910817,76.91856089045949,4.345644689329745,0.08061190544458441,1.4485482297765817,0.026870635148194804,120
B0018,296,3.464490491162134,2.431867772331712,4.185628679672912,0.2572003143860091,1.7537609073412002,-1.7896694300229208,-2.012375320433943,0.0020467170443975,0.6259143571313354,30.939221783021114,22.904023394656047,37.8264149292754,3.901367821909319,2840.016,1.4064481483279665,1.8550045207910817,75.81912240991063,-1.099438480548855,-0.020394633517497818,-0.5497192402744275,-0.010197316758748909,121
B0018,298,3.459667012281024,2.344037291947413,4.186834478731371,0.2645119375542321,1.842797186783958,-1.79700972481249,-2.0124205467796688,0.0033289159470451,0.616291401136465,31.11164063156189,23.11186259982214,38.08307173716899,3.905016590522514,2817.375,1.3934907492075153,1.8550045207910817,75.12061203027417,-0.6985103796364598,-0.01295739912045124,-0.3492551898182299,-0.00647869956022562,122
B0018,300,3.462241956955771,2.456436863057259,4.186613091061155,0.2559372101503028,1.7301762280038964,-1.7861513769566684,-2.0131578787415245,0.0032533047122303,0.6297547238438339,31.037910219908994,23.04417103672731,37.88279649093536,3.891840650133118,2809.234,1.3882493512249316,1.8550045207910817,74.83805757157408,-0.28255445870009055,-0.0052413979825836066,-0.14127722935004527,-0.0026206989912918033,123
B0018,302,3.4555661695067355,2.395547668334432,4.183907160253637,0.2596982368038693,1.7883594919192047,-1.784162084841115,-2.0123169807019234,0.0040235096530836,0.6324689086646982,30.967950840538837,22.83426471365,37.96027066990377,3.9665391332141313,2791.187,1.3701878338420928,1.8550045207910817,73.86439323920165,-0.9736643323724365,-0.0180615173828389,-0.4868321661862183,-0.00903075869141945,124
B0018,305,3.458696199585801,2.453674917297921,4.18533882899107,0.2567368169580032,1.7316639116931487,-1.7845257009241222,-2.0152254170182307,0.0030324690133305,0.632625610318277,30.93996203578424,22.83589303178486,37.880513353762176,3.955686030516635,2794.016,1.379695166560862,1.8550045207910817,74.3769166650052,0.5125234258035505,0.009507332718769357,0.17084114193451683,0.0031691109062564524,125
B0018,307,3.4525282614097663,2.3062728144586413,4.185280284017658,0.2674956170053475,1.8790074695590169,-1.7920667435100546,-2.01421415925087,0.0116298934258857,0.623598617743903,31.295019295352866,23.179921311075763,38.43416278222213,4.011703374555781,2774.719,1.3686586323935683,1.8550045207910817,73.78195670433692,-0.5949599606682767,-0.011036534167293777,-0.29747998033413836,-0.005518267083646888,126
B0018,309,3.4552290080443044,2.3471092023857154,4.186281579801858,0.2641142102955423,1.8391723774161428,-1.782779873271704,-2.0128415184323125,0.0017904051864931,0.635139666997203,31.81846533166901,23.715085051859607,38.847489737859576,3.980924402691639,2777.844,1.3627371779096438,1.8550045207910817,73.46274160714678,-0.3192150971901384,-0.00592145448392456,-0.1596075485950692,-0.00296072724196228,127
B0018,311,3.4619744219744675,2.4884289104730986,4.185356132672309,0.2539173569253529,1.6969272221992109,-1.772521291595312,-2.014392678620289,0.0047826556291143,0.6472460682723474,32.00067162597675,24.038521624132176,38.80283421497622,3.885184859731764,2781.125,1.3634051133928071,1.8550045207910817,73.49874882306875,0.03600721592196976,0.000667935483163351,0.01800360796098488,0.0003339677415816755,128
B0018,314,3.452221905520614,2.3992178234155577,4.181406543107895,0.2592424399841937,1.782188719692337,-1.769870119236631,-2.012835608795986,0.004238943215349,0.6498776113343834,31.73992229230571,23.56288829160871,38.72699121838442,3.998454935719956,2760.906,1.3518646035305233,1.8550045207910817,72.87662042753458,-0.6221283955341761,-0.011540509862283832,-0.20737613184472536,-0.003846836620761277,129
B0018,317,3.447650049442191,2.278633888650029,4.185252405343103,0.2701822921841344,1.906618516693074,-1.7884847819526568,-2.011864019911752,0.0034197270851084,0.6271065213681674,31.52613649688221,23.40147705036877,38.67191958148309,4.01073484507329,2753.25,1.3547969729652622,1.8550045207910817,73.03469925709389,0.15807882955931518,0.0029323694347389573,0.05269294318643839,0.000977456478246319,130
B0018,319,3.447928507599004,2.365584676338373,4.185763363191996,0.2633941942740437,1.8201786868536227,-1.77774044867741,-2.0128686821286053,0.0030824584177925,0.6406746344246685,31.27624493654335,23.12358293794388,38.371813640118894,4.0288319974474485,2742.843,1.341051440640485,1.8550045207910817,72.29370201580872,-0.7409972412851715,-0.013745532324777265,-0.37049862064258576,-0.006872766162388633,131
