cycle,voltage_mean,voltage_min,voltage_max,voltage_std,voltage_range,current_mean,current_min,current_max,current_std,temperature_mean,temperature_min,temperature_max,temperature_std,discharge_duration,capacity_Ah,initial_capacity_Ah,capacity_change,capacity_degradation_rate,cycle_progress
-1.5835479856109886,0.6000108738663051,0.9431815425376808,-0.14998573504126464,-0.5939040901411796,-0.9397160831990015,0.13563230472698268,-0.8106069036359963,-0.4771312900896157,0.4279024862707525,-0.0975853889902684,0.43986106769986394,-0.9030215980348376,-1.1447361391957285,2.280057256143717,1.289866331519215,-0.9183890616616903,0.2179139967681941,0.13202999662290774,-1.7217714835076454
-1.5727017665314613,0.7475039674081074,0.8400382590533256,-0.33480211565154416,-0.6599690194417432,-0.8445186795125207,0.1457921979028631,-0.6989764186891942,0.8637142883827619,0.4365766977495875,0.09310487866511909,1.2023095957868828,-0.859774537578251,-1.300272316848183,2.207309817922494,1.2410685573875322,-0.9183890616616903,-0.3886510133993208,-0.7251480913456486,-1.7011514657410869
-1.561855547451934,0.8738350687628001,1.1042733150251565,-0.5054108535888829,-1.0611602266149414,-1.112618555635443,0.15534002520475432,-0.6759163247751548,-0.01667457522842761,0.4435779146324166,-0.00962274562226227,1.3046557637996092,-1.0409827396591305,-1.4224017537568205,2.1231236684818016,1.1883426074655319,-0.9183890616616903,-0.43747893702064433,-0.7941501364811693,-1.6805314479745281
-1.5510093283724067,0.8724446704961025,0.8634743633623538,-0.47590390898959367,-0.7719453272894303,-0.8730347230799147,0.07436561132642373,-0.6162839845990328,0.021947647767158237,0.3743540745369715,-0.1692332725317316,1.1309176002105565,-1.0886844455532783,-1.40413451061273,2.041479003048279,1.1879263606183301,-0.9183890616616903,0.21273997443627732,0.12471823531911237,-1.6599114302079696
-1.5401631092928794,0.8464000884743134,0.6775600119947145,-0.4933891661388726,-0.5533664823850293,-0.6895727827550704,0.06969746063769545,-0.7555361379761658,0.11612735415080518,0.3743862859115245,-0.3345080859455063,0.8480489877013894,-1.1705163776422634,-1.3800054938028155,2.03175630183045,1.184962909357076,-0.9183890616616903,0.1810777706001203,0.07997423114774152,-1.6392914124414109
-1.529316890213352,0.8265442171206112,0.5694635313180256,-0.4377608877554595,-0.40774781313252134,-0.5804279690809812,0.152454862870824,-0.6442167012730279,0.5969538256779251,0.4446588464349797,-0.26986700817158676,0.8389963444284672,-1.0976430183489154,-1.324586622048268,2.125726148105143,1.1898433339335075,-0.9183890616616903,0.2785785421393913,0.21775917344173573,-1.6186713946748523
-1.5184706711338247,0.820447084646386,0.434623751906248,-0.4833758390157478,-0.23046464222106994,-0.44860534243704325,0.15263037145754763,-0.6066693644160869,0.4898395900046014,0.4435455135705313,-0.21220831712300203,0.9685327067785632,-1.03937455395403,-1.3188573687978102,2.119817706085275,1.187367382598231,-0.9183890616616903,0.1871374813721556,0.08853761875854556,-1.5980513769082938
-1.5076244520542974,1.0785244452550309,1.1585347565253195,-0.425707498404053,-1.0729598708651835,-1.1633588603348468,-0.09244661941194551,-0.6820570926628906,0.4369819834901176,0.23586261341658937,-0.29944859117367617,1.2560607718536485,-1.2957083260336784,-1.4943959756856167,1.801115611586203,1.1422717349869496,-0.9183890616616903,-0.3426329224013476,-0.6601168109513059,-1.577431359141735
-1.49677823297477,1.054943973921157,0.9080272981975066,-0.414807381416102,-0.7880421849320157,-0.9148599681305457,-0.17812580120810412,-0.8426283555939447,2.37213788821634,0.15674248542863115,-0.37966326722287524,1.080597195336324,-1.2879925243368042,-1.4406742021092642,1.7122287333258497,1.1375508335941726,-0.9183890616616903,0.1592323529378342,0.04910299223888696,-1.5568113413751765
-1.4859320138952428,1.0208860595782563,0.6997510521469891,-0.39392580696757296,-0.5511426072284125,-0.7078092187881226,-0.17472042556552228,-0.6289863164379964,0.9196604138242118,0.1559492538612423,-0.46614123934190155,0.938833934771505,-1.287390149915469,-1.4098843303773176,1.7148962749397747,1.136779570423156,-0.9183890616616903,0.20832705839869087,0.11848204485632605,-1.5361913236086178
-1.4750857948157154,0.9832144808830977,0.3714153592944089,-0.42698029076882016,-0.19821135853525898,-0.3838864009568686,-0.26181145209817547,-0.6289441118305567,0.6801616921145323,0.07314061290174341,-0.6154239540367797,0.6628876626708137,-1.2751862965677003,-1.3195970844667395,1.629502412298875,1.1368097524405214,-0.9183890616616903,0.21828916461131337,0.132560171705614,-1.5155713058420592
-1.4588164661964245,1.189288572979247,1.0946658415335084,-0.3237219725263246,-0.9871000133748081,-1.0962713411966765,-0.3471089958029802,-0.701904535648225,0.5204686581757912,-0.006743802021619092,-0.35730220389865336,1.3175887644851072,-1.2916178379692176,-1.463429006680035,1.469962278639206,1.0867755047401866,-0.9183890616616903,-0.40402059973980126,-0.4539019308044982,-1.4949512880755005
-1.4479702471168971,1.1562665653065283,0.7799678903971244,-0.38711128889044005,-0.6686789976459937,-0.7869953578330152,-0.432869667482611,-0.6590940246039799,0.21181989393334621,-0.09922727230943816,-0.41451392939564635,1.3022019284567294,-1.2405223971535395,-1.4367358653279558,1.3856460052173456,1.084615288573495,-0.9183890616616903,0.19106212566489097,0.0940837993565155,-1.474331270308942
-1.4371240280373698,1.109217261295739,0.5859633545744439,-0.43539954553929217,-0.4856055013398343,-0.5966796990001072,-0.4322228020933829,-0.6046706189620027,0.4606724410594405,-0.09920273559677834,-0.6154279588917714,0.6982576694201231,-1.2930367444706359,-1.302109579476019,1.3845033540077223,1.0831184022855194,-0.9183890616616903,0.19930743401726692,0.1057358029006271,-1.4537112525423832
-1.4262778089578425,1.2481088886273908,1.2786585658770362,-0.4060912248113778,-1.2606254171070654,-1.2815852813395086,-0.4256108802506784,-0.9355266931401751,-0.11651755512725318,-0.0932153532529379,-0.7563754203270341,0.7302712236374345,-1.5520195576990206,-1.4715463426295974,1.3043835789785012,1.031043563420148,-0.9183890616616903,-0.4293855107996322,-0.7827127678612321,-1.4330912347758247
-1.4154315898783152,1.2226197535874062,1.0560249511303759,-0.39514681213326547,-1.0365353263225738,-1.0606894649648035,-0.5180603934147311,-0.6635922041156876,0.9557026957582333,-0.19091849697367003,-0.8966445090087878,0.4282491442885337,-1.5648746739001744,-1.4074916152699746,1.219437017522864,1.0286848677052376,-0.9183890616616903,0.18859498958487836,0.09059732230563132,-1.4124712170092661
-1.4045853707987879,1.200763365273282,0.7857065480618579,-0.4287102201058465,-0.7591058818352281,-0.7942429598751375,-0.6121483087288744,-0.6657635746354105,-0.3714747876331442,-0.29661147214847616,-0.88409659529258,0.5062199652891308,-1.4627811874463623,-1.3672711899275085,1.1384226401231181,1.0309546972324433,-0.9183890616616903,0.2461283814352591,0.17190165406560348,-1.3918511992427074
-1.3937391517192605,1.1766819146796734,0.4604002172521385,-0.4416331731953304,-0.439879779802024,-0.47256320226332843,-0.7063015867478082,-0.8192326981441554,-1.1946919659018533,-0.4092915595459061,-0.8549727408858702,0.5593824857411355,-1.3281128055689961,-1.331125595813076,1.0609094110916504,1.0333023947708395,-0.9183890616616903,0.24709629466163102,0.1732694777857134,-1.3712311814761489
-1.3828929326397332,1.152423488427884,0.30293943152631436,-0.38863869690939395,-0.2894848819134955,-0.31462970588543127,-0.704639425872242,-0.7181296283301457,0.5040253282130168,-0.40771844025752807,-0.8534350269242867,0.5013666182734192,-1.2708325026391116,-1.2831262102215941,1.0603360522996326,1.0319062565030992,-0.9183890616616903,0.20055974982484193,0.10750553516588501,-1.3506111637095901
-1.3666236040204423,1.0372625116980814,1.0235260308094707,-0.5669959754165007,-0.6931803633879864,-1.0349667655312809,-0.19033806945893963,-0.7014668062073217,2.7100525158189472,0.1438588004959478,-0.3481209116625049,0.9131279429117012,-1.3545049811430232,-1.4772121862259744,1.879519376613783,1.2444245255842827,-0.9183890616616903,2.859553873581999,2.620750118129659,-1.3299911459430316
-1.3449311658613876,1.0476838549335385,0.4952600859998468,-0.5654129381310388,-0.13864376979726753,-0.5117413191353088,-0.36250492625221087,-0.6401212583229146,0.06539705809535046,-0.026975311572242807,0.0619457165315789,1.6927856291093175,-0.8944978883215076,-1.3320056029724485,1.7191537689485854,1.2463039591796499,-0.9183890616616903,0.241275690578377,0.14853699232514178,-1.3093711281764728
-1.323238727702333,1.130909568509628,0.9637639380914808,-0.5849372160266144,-0.7511407547097049,-0.9764563216394578,-0.35474508245797853,-0.6933493205170369,0.6148003340339238,-0.02095938786632229,-0.4089410467301552,0.9481667568309946,-1.298147157935198,-1.3818130734340186,1.634902557517309,1.1923204578146744,-0.9183890616616903,-0.45311052508726646,-0.34210509770542286,-1.2887511104099143
-1.3015462895432783,1.2217894800516524,1.2764233308091333,-0.5960352650987332,-1.2096282026589895,-1.2865145591584395,-0.43806513076328774,-0.6244275532599759,1.3917478836666413,-0.10577501067163525,-0.8263524964529946,0.20810697087541696,-1.5923561154810277,-1.3583127843243805,1.4776517926512986,1.1423867969090171,-0.9183890616616903,-0.402770287994602,-0.3065354988531353,-1.2681310926433556
-1.2798538513842237,1.127301839005951,0.9893254398193352,-0.5859092290946554,-0.8866486429728432,-1.0018075983797203,-0.3495141651430111,-0.7335853146421017,1.1756195405623,-0.013370877131054353,-0.9429582027377788,-0.13417126882456046,-1.5928240022619258,-1.2751232618180217,1.5536401312784645,1.1391827963656136,-0.9183890616616903,0.1780877002461058,0.10388937844395542,-1.247511074876797
-1.258161413225169,1.1679268405656815,0.48833187903423914,-0.5533040040539884,-0.4552775575549755,-0.5044246369905665,-0.7117485502658909,-0.6330083362611992,-0.1521935922991747,-0.42104156828085376,-1.0852019207057837,-0.19801117829235962,-1.499743197210382,-1.2531996814148403,1.2297249447839078,1.141429861021794,-0.9183890616616903,0.24584541004013757,0.1517658823246664,-1.2268910571102383
-1.2364689750661144,1.274813222627915,1.2393629784839988,-0.4974113752734297,-1.272439761294658,-1.2461032010944817,-0.6147311872993048,-0.7030043112231362,0.9905507639916392,-0.3020345914249235,-1.199498111954547,-0.38573256594507266,-1.7474337341684991,-1.3094179115640787,1.226423048761771,1.0859551383544264,-0.9183890616616903,-0.47164667105996116,-0.35520243920784694,-1.2062710393436797
-1.2147765369070598,1.1859188043185935,0.6762919472545156,-0.5966008249819836,-0.7028797641775262,-0.6921982823341459,-0.7072980259247075,-1.4302945426562343,-0.24798182345838604,-0.41471401461079327,-1.3142301419006703,-0.6498556230671741,-1.638640962831666,-1.2113597420993478,1.1503045861534376,1.0894999612967617,-0.9183890616616903,0.26197677631746424,0.16316404531636727,-1.1856510215771212
-1.1930840987480051,1.131681201424192,0.3667865717198854,-0.572776673225074,-0.39911582689223385,-0.3847850412572259,-0.7087376667208923,-0.7429680512634877,-0.9400887752781846,-0.4144972416338346,-1.3530916019374792,-0.7701022163836582,-1.5733612563976433,-1.1619117240993815,1.1433185549145304,1.085658616190308,-0.9183890616616903,0.1701653939883823,0.09829160473755082,-1.1650310038105625
-1.1713916605889505,1.2420895678175312,1.142957986397771,-0.5199258114403298,-1.2180800835221728,-1.151475595907242,-0.6105386671658686,-0.7285710832678022,1.389791804241229,-0.2953188275743017,-1.321090833852655,-0.686764635987954,-1.7336022772405733,-1.226779268459808,1.1434405461468735,1.031848816574098,-0.9183890616616903,-0.45095138146071717,-0.34057948167545365,-1.144410986044004
-1.1496992224298959,1.1771112455848232,0.6544585092312027,-0.5612508277560414,-0.7168721692560536,-0.6692462775544669,-0.7037672324935019,-0.6172254692431549,-0.5005545902784948,-0.4076204874191469,-1.3058279302545672,-0.6715313724783755,-1.5683875428118532,-1.1559480100748838,1.0702498731148002,1.0381471532822482,-0.9183890616616903,0.29620344208403593,0.18734805480220282,-1.1237909682774452
-1.1280067842708412,1.141188651228238,1.0103633749250713,0.8800655721161499,-1.2299163035996243,-0.967513768351253,-0.7709826865253773,-0.6911889391781284,-0.40459017135877784,-0.49089096559268897,-0.9166352775362367,-0.7139023369944225,-1.3456679860676548,-1.09104708157371,1.3872359576122313,1.2673656094057681,-0.9183890616616903,3.067140168313356,2.1452472124004656,-1.1031709505108866
-1.1063143461117866,1.2308613605103658,1.019901805541497,0.7243655539814648,-1.2972292185974543,-0.9828152832901265,-0.8534010216163218,-0.8378133083364265,-0.21095043787838919,-0.6036517812694112,-0.7101602907599914,0.18069689510252165,-1.3175500486098917,-1.3913226164857058,1.1572296217761733,1.1660316968432458,-0.9183890616616903,-1.0416845565988229,-0.7579820066122557,-1.082550932744328
-1.084621907952732,1.228653351359703,1.1163761690111211,0.7492059686567829,-1.4202334543977957,-1.0774241206345132,-0.8482187680811022,-0.6764444773658961,0.26600728550690167,-0.5983893660176745,-0.9986584864989984,-0.24897949857929308,-1.4666107092767258,-1.4201919241701222,1.0804158091434788,1.1141621851750583,-0.9183890616616903,-0.4268332572252956,-0.3235380044463247,-1.0619309149777694
-1.0629294697936773,1.1887283355451757,1.1984056844800879,0.6685669031507662,-1.5351524060301758,-1.1616941691684113,-0.7951155558610057,-0.938978723676724,0.19896294363782602,-0.5281289592965329,-1.4776718605572747,-1.225032819364763,-1.8489520775085804,-1.3269004251110994,1.0429279034441237,1.0632704927572882,-0.9183890616616903,-0.41467879005695985,-0.3149498541631892,-1.0413108972112106
-1.0412370316346227,1.146654530818129,0.9574869210795095,0.764822092361822,-1.2763396362328976,-0.9194815830288965,-0.8406260217133508,-0.6049284688548839,3.649774143426303,-0.5895967979326731,-1.5479352459058302,-1.1697381435576966,-1.8111897983413565,-1.3753898443555057,0.970493576052583,1.0407064211789274,-0.9183890616616903,-0.06256142552083693,-0.0661494088570518,-1.020690879444652
-1.019544593475568,1.1885909768253724,1.130939591275651,0.7300529263649785,-1.440899061188393,-1.0925672024843764,-0.7934514239944447,-0.9869886398011997,-0.07235047906745642,-0.522900650031551,-0.9332421176772323,-0.30779396913045093,-1.4452488279689428,-1.2867590470117058,0.97081481963109,1.0155738804151033,-0.9183890616616903,-0.09448795424714673,-0.08870817864293054,-1.0000708616780936
-0.9978521553165134,1.1755570761887115,1.2922187974429002,0.6773053109827848,-1.6216329428791536,-1.25427297187154,-0.7389301364766948,-0.6711043737452537,0.649023345303642,-0.4549815338602893,-1.249036430567122,-0.7692622777994611,-1.6693827258888667,-1.2927921929570085,0.9319931431247722,0.9630603309297087,-0.9183890616616903,-0.4348387618224598,-0.3291945647562664,-0.9794508439115348
-0.9761597171574588,1.1352702891992246,1.1443336893843896,0.7663215635401006,-1.466492718855774,-1.1044680913322342,-0.7837096497585025,-0.7262336533406358,-0.2050858068691965,-0.5142692083643757,-1.4489189649277814,-1.2789368068216138,-1.671128494329055,-1.1940977455920383,0.8538414933107029,0.9365477118364787,-0.9183890616616903,-0.11164257330106393,-0.10082935552751564,-0.9588308261449762
-0.9544672789984041,1.1201628816743927,1.2977138631571006,0.6829662636815638,-1.6380578281369773,-1.2595021039240444,-0.7319498458831679,-0.8101676064585668,0.530927450131399,-0.4462336897587649,-1.6468967054431642,-1.793821881110469,-1.9001213798969954,-1.0865394694736663,0.8203549000322353,0.8890507341767255,-0.9183890616616903,-0.3724818819325107,-0.2851342000964376,-0.9382108083784176
-0.9327748408393495,1.0616390032465022,0.9445123228045145,0.7000021537691206,-1.2449041191957277,-0.9090698289105443,-0.7839873128816301,-0.7834550699647769,0.3819905570087278,-0.5080895203267284,-1.3481472256972733,-1.4381704558214672,-1.3956765463587733,-0.9487777853451064,0.7793780450878388,0.8890701342173422,-0.9183890616616903,0.21815514272296904,0.13220038646156515,-0.917590790611859
-0.9110824026802948,1.1205219599979757,1.1524159975395356,0.719672912240959,-1.4418446573769468,-1.1142266146523923,-0.7320522075419504,-0.6963538618273079,0.005391503101670157,-0.44299141635335715,-0.6723755178105096,-0.2070627612044616,-1.0996718180507892,-1.001079663790721,0.7820455867017638,0.8642603207939266,-0.9183890616616903,-0.09047639601525108,-0.08587367635764699,-0.8969707728453004
-0.8893899645212402,1.1213707242333908,1.1652338185722853,0.7162595592523988,-1.4302772181765517,-1.1270490495198018,-0.7288425814420987,-0.7396025346311401,0.19114450636702435,-0.4396011872305448,-0.47252825162017786,0.29178531476953673,-0.9954209207970237,-1.0967445518768661,0.7413167805964659,0.8375706919801016,-0.9183890616616903,-0.11384283560571065,-0.10238402535161283,-0.8763507550787417
-0.8676975263621856,1.1733732574713673,1.2370445102544052,0.12958011161751684,-1.2079202186892868,-1.2202288117958426,-0.6893425316766681,-0.6171995690132658,-0.602601013445803,-0.3904563214785224,-1.0080129408448382,-0.2661093611826986,-1.3071826420778139,-1.0227901207099648,0.8046017655621959,0.8630364674257807,-0.9183890616616903,0.5344581141381339,0.35569495976504684,-0.8557307373121831
-0.8568513072826582,1.0649105574062545,1.0769444387142133,0.8418954032727931,-1.3322023172334725,-1.0348874464811841,-0.7282707430754015,-1.1717136904020304,0.5586320638858472,-0.44066994737899956,-1.1108689144041628,-0.6181827815778723,-1.5043070162260892,-1.2112113515711675,0.7423333741993338,0.839267487530992,-0.9183890616616903,-0.07753865016294069,-0.28549414462575246,-0.8351107195456244
-0.8351588691236036,1.0170748597519486,1.1387209336025284,0.6679876573341784,-1.405872148288931,-1.1026074146102443,-0.7221657683712133,-0.7148472742538313,-0.5458646653067087,-0.43508057361710245,-1.5357601733756276,-1.6305213576842519,-1.6337049401910968,-1.0282511112119745,0.6654544995760554,0.7867345296506567,-0.9183890616616903,-0.43508001162296644,-0.3293650279706414,-0.8144907017790658
-0.813466430964549,1.0230886983781726,1.2707493273961576,0.7002982409868521,-1.533215079671264,-1.2321461144339783,-0.7196586313328813,-0.6396075708844923,-0.4314363056977251,-0.4283045212526075,-1.6448627344928934,-1.8684862956326498,-1.6973050933151335,-1.0111317247730347,0.5928941145777593,0.7392781377659376,-0.9183890616616903,-0.37197739353146636,-0.28477773673655776,-0.7938706840125072
-0.7917739928054943,0.9775218602349727,1.1803398915740215,0.6706583848625091,-1.4156422361770176,-1.1437241374160134,-0.7157826614807656,-0.721804634673939,-0.013461638275844968,-0.42580824843683196,-1.6102997143813114,-1.9138415951514627,-1.5805456688450006,-0.9019153555879043,0.5509616616466665,0.7116221114648168,-0.9183890616616903,-0.12585532822731368,-0.11087185871202493,-0.7732506662459485
-0.780927773725967,1.189399091451679,0.9133341506515666,-0.26637869724145213,-1.0953702064856965,-0.914533857558146,-0.9334471433839929,-0.6983138156819128,0.5988838254454643,-0.7206424598036222,2.0705665345699082,5.356960268388533,0.5577819574284831,-1.5469209120346037,0.81088838040233,0.9879428446443057,-0.9183890616616903,3.6526298483193935,4.985859540029779,-0.75263064847939
-0.7592353355669124,1.2402063777594805,1.1863314830673684,0.7578653663683075,-1.36949608512272,-1.1463784256004674,-0.8322883331490383,-0.6740684953900472,0.8219834933842715,-0.578307663686472,0.9793196642737285,3.3483833455967713,-0.14046562620232927,-1.4318748327316801,0.8122262175837048,0.9378251444970047,-0.9183890616616903,-0.4050579284959451,-0.3081519087004154,-0.7320106307128313
-0.7375428974078577,1.1612809146581953,1.195557007872277,0.6966942671466749,-1.4137461292738527,-1.1578152519887854,-0.8252507006242107,-1.2283565622950918,-0.16711558440685995,-0.5702268814629515,0.020456419095762006,1.5143870718999441,-0.7335581499164535,-1.3416807521376626,0.6996405092532962,0.8618209388677155,-0.9183890616616903,-0.7268317950356521,-0.5355121281784444,-0.7113906129462727
-0.7158504592488031,1.0761587509770223,1.0186212378754231,0.6599844457437584,-1.23341513813167,-0.983968159874439,-0.8200221419877274,-0.6974436021378827,0.7320575801897687,-0.5635624870996425,-0.45686709094810896,0.5153178189761443,-0.9288740345759093,-1.1696060952396887,0.6263807078562269,0.8121286268128456,-0.9183890616616903,-0.3997702788602402,-0.30441574083002554,-0.6907705951797141
-0.6941580210897484,1.0439283803424135,1.149419060583037,0.7039123934558016,-1.3648312082169316,-1.1118512925576185,-0.7675717303791465,-0.7419308785505269,0.9855788014636053,-0.492741347750831,-0.8021167769350923,-0.2100724243425726,-1.2193914799552872,-1.081310604940714,0.5920686405722307,0.7633933091622799,-0.9183890616616903,-0.38787466823237254,-0.29601049439947963,-0.6701505774131554
-0.6724655829306938,0.9896395476467302,0.9451202684676121,0.7263645246135997,-1.1333598655029402,-0.9086805361720269,-0.7663839038015441,-0.6147338114752304,-0.13511229317862705,-0.49046936961517146,-0.7316819724512936,-0.23657285512082818,-0.9552232903905504,-0.9413497337947994,0.5535641412700077,0.7386424611627733,-0.9183890616616903,-0.08974344531023822,-0.08535578522201274,-0.6495305596465968
-0.6507731447716392,0.9849610403400568,0.956463074455202,0.6903098505378558,-1.121055154589113,-0.9212696881512176,-0.7159156085711474,-1.0528392481109972,-0.29013681664382596,-0.4254098192111415,-0.2656724901813572,0.4441928127198413,-0.6914586314222327,-0.8466419981993496,0.5553411468878203,0.7132125965597089,-0.9183890616616903,-0.09818374244202122,-0.09131956291776253,-0.6289105418800381
-0.6290807066125845,0.9422542005862354,1.009751388391658,0.6520346113806428,-1.167591327761437,-0.9754828996233589,-0.6617665888320869,-0.7675456104724796,0.3844319557857948,-0.3586815870583468,-0.6016993044000173,0.006900368178257216,-0.9175910080421702,-0.9479908377373523,0.5207810307647256,0.6647000606617085,-0.9183890616616903,-0.38510545143069913,-0.29405381051281515,-0.6082905241134795
-0.6073882684535299,0.9322790298145436,1.1597833370624262,0.5867014087335229,-1.3335888316819582,-1.126523282545235,-0.6072046324543683,-0.6612248468401072,0.15806061073640817,-0.2944302463820512,-0.7395938919476874,-0.3108804424181242,-1.0236927894910572,-0.9032060674590409,0.48417959468707056,0.6141972081839517,-0.9183890616616903,-0.40984544045516513,-0.3115346873626793,-0.5876705063469209
-0.5856958302944753,0.8914151372398513,1.0984676538785652,0.6569859069241352,-1.2337596905573294,-1.0631564773670663,-0.6057925508759632,-0.7179023020074672,-0.04893932581463857,-0.29057658443511447,-0.8413640468681741,-0.5992612333264492,-1.0332420988849196,-0.8170729442061344,0.4442193333455419,0.588870880051853,-0.9183890616616903,-0.09689676569602029,-0.09041020592559744,-0.5670504885803622
-0.5640033921354206,0.8717172747334738,1.0688259442475048,0.6757072818121584,-1.1920993530037638,-1.033096911265441,-0.5563531517392946,-0.6955541091049927,2.0673410259703306,-0.23076845882857874,-0.540847636345637,-0.3418942508888505,-0.7696932502750485,-0.6433913989362802,0.44980653178690283,0.5671675158024448,-0.9183890616616903,-0.051862680362322125,-0.058589848245312014,-0.5464304708138037
-0.542310953976366,0.8887564652167004,1.1227850477852857,0.6839843844098995,-1.199516319311732,-1.0862238140504024,-0.5517333505776566,-0.9946012836242578,0.17403999396577235,-0.22805957648069916,-0.11753669564838425,0.7345518267332233,-0.5927653920599346,-0.8844671210101819,0.40901673006543326,0.5397745954979819,-0.9183890616616903,-0.12258487390069946,-0.10856100848205832,-0.525810453047245
-0.5206185158173113,0.8183824879405743,0.9991675611097224,0.6848829352761774,-1.057433761775115,-0.9637659752323807,-0.49830084452089046,-0.6641797234342848,2.066007886733993,-0.17015910953291727,-0.3118958935993571,0.31670659879345275,-0.6393474775482303,-0.784946665837371,0.40768295925848186,0.5122486617125179,-0.9183890616616903,-0.12423825512333567,-0.10972926096228783,-0.5051904352806864
-0.4989260776582567,0.8238062657361048,1.1300243684150706,0.7231281122542024,-1.1794903851414187,-1.0919212262752866,-0.493012375832414,-1.600601050550637,0.5630835373657441,-0.1631075631657935,-0.4450389556711229,0.05408169225858956,-0.7994183682779222,-0.7556029853755664,0.33728588544707805,0.4657717185650839,-0.9183890616616903,-0.35980267155159157,-0.27617527473057196,-0.48457041751412777
-0.47723363949920206,0.8134773805509975,1.2806120074059373,0.705336119194771,-1.367176310699623,-1.2417241255986555,-0.3890923524156894,-0.7466620710787945,-0.03640525507345728,-0.05313492360007239,-0.6416405330922639,-0.3902698432386693,-0.8489131124677437,-0.7108444416447465,0.3403356662556816,0.41568400253642634,-0.9183890616616903,-0.4046852205691249,-0.3078885592962113,-0.46395039974756913
-0.4555412013401474,0.7531101973665744,1.0519022455396492,0.6565764052879386,-1.0642205678883547,-1.0170560241854436,-0.437291667137009,-1.2372634692657747,2.6971446093346563,-0.10279857301484549,-0.33408845990707164,-0.07993596786508357,-0.5518792936552158,-0.4941643948952182,0.30113175055468544,0.4161407000910677,-0.9183890616616903,0.22359082858693524,0.1360411543409929,-0.4433303819810105
-0.4338487631810928,0.769207365384337,1.2423121136681716,0.5267924300973335,-1.231237318307565,-1.210508207723691,-0.3772752856407946,-0.6098763803686473,1.1793121113520435,-0.044943434720779316,-0.4259821573672924,0.657658811747132,-0.7978078024747391,-0.9207304164840421,0.26675868765451766,0.36401598764938725,-0.9183890616616903,-0.4300054482221757,-0.3257794233938428,-0.4227103642144519
-0.42300254410156546,0.7862137013015147,1.260514823139665,0.9081283034815381,-1.2719480994407604,-1.2141948715713926,-0.3291949854893018,-0.7044032008234226,-0.17220819008408675,0.007603856972516882,-0.10501662481155581,0.4458306474676391,-0.5126509502007053,-0.5974075893115625,0.2675231660438507,0.341430552463529,-0.9183890616616903,-0.06282697896112059,-0.2647040858847931,-0.40209034644789327
-0.4013101059425108,0.6760367573981928,1.0551833277434617,0.694000791892156,-1.0118353974890313,-1.018898068561584,-0.3256808374989961,-0.9045060690985901,-0.5092249453701201,0.010768312483921546,-0.23089849539463886,0.013878270585068095,-0.4576703146183458,-0.43085978562459587,0.23086073435004814,0.31664875405241194,-0.9183890616616903,-0.09012816443047131,-0.0856276215415858,-0.3814703286813346
-0.3796176677834562,0.6893767564892136,1.259436227481608,0.6484331541327039,-1.2559039566414756,-1.2228926449214044,-0.2673694936335053,-0.8075532761506721,0.1327211301936595,0.06674532861933785,-0.3785213947740918,-0.29239199781816605,-0.6052170368568893,-0.41670624988372834,0.19077034902735177,0.26285551629069903,-0.9183890616616903,-0.4507455146641273,-0.3404340195204422,-0.360850310914776
-0.35792522962440154,0.628864361701257,1.134659757137365,0.6077019649672551,-1.0851773875436295,-1.1008525171776269,-0.26459613097399276,-0.6073259691562206,-0.3834557849883695,0.07083875532002872,-0.34798931672908423,-0.31592582452954926,-0.5187785891481163,-0.33985185374413385,0.1548032673578861,0.2398213418592653,-0.9183890616616903,-0.06840488758294744,-0.07027830481507402,-0.34023029314821734
-0.3362327914653469,0.6213687607228956,1.160568961984351,0.6514106380700403,-1.1044032399020325,-1.1248679023890578,-0.21235332836652093,-0.9221927934568522,1.041899943418242,0.12243793375715795,-0.24328971565283264,-0.1721207594391275,-0.45416578956094894,-0.3181713213708774,0.15531563053373232,0.21521729260184766,-0.9183890616616903,-0.08791871084084359,-0.08406645730390237,-0.31961027538165876
-0.31454035330629226,0.5782361643143085,1.0678072109340508,0.7197921162260497,-0.9644620569520653,-1.0304301825492033,-0.20697767684747892,-0.7862435482257805,0.49894201134244964,0.12550784175923368,-0.1875712549671745,-0.09388903867141679,-0.37990069969090967,-0.278750250291704,0.12017808924418348,0.19128877930407467,-0.9183890616616903,-0.0795216787318683,-0.07813324997481119,-0.2989902576151001
-0.2928479151472376,0.5296506210969416,1.0193368251063304,0.6340218074514741,-0.8834358615221072,-0.9856531756179061,-0.20357865504119657,-0.6415994695095403,1.2971693531918131,0.13035139145724645,-0.18653487008705183,-0.15843284509824687,-0.3074849208858135,-0.20753599808997858,0.07850181790103784,0.16426119425144342,-0.9183890616616903,-0.11804369175284425,-0.10535228248784008,-0.2783702398485415
-0.271155476988183,0.5774808277124039,1.2849289379738549,0.6687509083606973,-1.2138273130437969,-1.2473751830318374,-0.09731646030258766,-0.8490317236799002,0.5477996403024197,0.2280639274002276,-0.2215911171462785,-0.23450560389322053,-0.43592821365859846,-0.2538804114703171,0.07957940712007724,0.1123912579116485,-0.9183890616616903,-0.42683853596889537,-0.32354173432133804,-0.25775022208198284
-0.24946303882912835,0.5159083515745241,1.164883434212056,0.60483760749153,-1.0460027786092694,-1.1308921217863732,-0.09312973542869744,-0.9970849237062586,0.1873848270675526,0.23232815551818395,-0.18179768733763382,-0.26449832886628366,-0.33891872844065385,-0.16999917801348513,0.04482410502523097,0.08951758741502261,-0.9183890616616903,-0.06640979513086352,-0.06886860469659413,-0.23713020431542423
-0.2277706006700737,0.45927780549204117,1.0569115886727183,0.6286658808871621,-0.8959950498603356,-1.0230665938498251,-0.08833526864433738,-0.6307476516615341,0.5387816549857601,0.23606795689672813,-0.17259183411704784,-0.29870004910498027,-0.2974982771394988,-0.11396002757854913,0.008543912526082921,0.06526840129202227,-0.9183890616616903,-0.08350769897470948,-0.08094970752931482,-0.21651018654886559
-0.20607816251101907,0.4985142373542851,1.2962502432478404,0.6358925149722299,-1.1708464546392539,-1.2598228442610937,-0.028142561477470032,-0.7362066454582419,1.1879928921775917,0.28733616216153246,-0.24150045365790737,-0.40471774137381056,-0.41447016398285985,-0.15275324044873592,-0.030973114004595653,0.011740680485032674,-0.9183890616616903,-0.4474450917000186,-0.33810199393501394,-0.19589016878230697
-0.18438572435196443,0.43240366976809136,1.1709556904785687,0.6309361171785907,-1.013658016097329,-1.1359243082674806,0.02093349841460357,-0.7696801444568576,0.8540492908444203,0.3338876107424223,-0.2538081123854212,-0.5074719785541556,-0.35002775540804854,-0.0703185424172448,-0.030086644382895506,-0.010257497513556854,-0.9183890616616903,-0.05552726769139042,-0.06117918649204573,-0.17527015101574833
-0.1626932861929098,0.36779280396361347,1.0879550171062633,0.7983147333934519,-0.8587058929457646,-1.0474305968296869,0.025169479887836858,-0.6520589865470493,0.1099272146535724,0.3340527616234596,-0.4011685893490271,-0.4528367973839732,-0.51663570365796,-0.20795087160626555,-0.03192871199129195,-0.014320353317571597,-0.9183890616616903,0.1674119766264375,0.09634608447992453,-0.15465013324918972
-0.15184706711338247,0.47903745738467,1.195116611495832,0.8858632739530206,-0.9695822332269374,-1.1502653195220793,-0.08300619155245993,-0.6523735135641321,0.9899792495057007,0.24019088546147754,0.24231965633809288,0.7511406203653949,-0.1795095777954299,-0.353676124440546,-0.03523060801340633,0.03650973422013677,-0.9183890616616903,0.8497410239789793,1.024907551432454,-0.13403011548263108
-0.13015462895432783,0.3897012719230283,1.2567344541728085,0.5660657613946929,-1.0792111915176759,-1.223314419114598,0.03692085569524468,-0.6277285827776578,0.4292373489190745,0.34141384158374627,-0.41561123944130485,-0.6446180842243998,-0.5350612262976163,-0.16995614050487828,-0.10448909698958805,-0.06337135701985422,-0.9183890616616903,-1.0236257292044681,-0.7452219307115933,-0.11341009771607245
-0.1084621907952732,0.33234984583583366,1.254922313475621,0.606256680682306,-1.0718566627238515,-1.2200083752698927,0.09139651070986567,-0.7719925538045526,0.7225467093251504,0.3924746680671755,-0.7318184263591151,-1.5089108410511305,-0.666084121403999,0.03595124223569921,-0.14000481109937907,-0.11057462631732368,-0.9183890616616903,-0.36883103475915113,-0.282554570421894,-0.09279007994951383
-0.08676975263621856,0.3035950782974687,1.1959015116557252,0.6403273363863878,-1.0086988874168934,-1.1602761342793801,0.1447938664582023,-0.8470136873912216,0.6595302178178861,0.4367250663371178,-0.5370029360878822,-1.300699947879499,-0.48910174350472657,0.12920587253043983,-0.1372112118786986,-0.13524229145216554,-0.9183890616616903,-0.08870946751004359,-0.08462519320061676,-0.0721700621829552
-0.06507731447716392,0.27457785961829734,1.067981728706305,0.5627659190391948,-0.8452404915437489,-1.03650805808964,0.1425540303515138,-0.6949856707880088,0.0053294493322019925,0.43690044964330244,0.07662736153368924,-0.2797932680425989,-0.011880986665039854,0.17498785928633964,-0.14311965389856648,-0.13660812832445363,-0.9183890616616903,0.20093640155881773,0.12003390192906514,-0.05155004441639657
-0.04338487631810928,0.2979188270570346,1.131097551244083,0.5843443916225947,-0.8903558604935554,-1.0982030741554385,0.14934315245443325,-0.9495364863231003,2.356760743490546,0.4416072869935899,0.3672008752167404,0.45261900464928595,0.07693979816877339,0.031849841013237165,-0.1748251751848092,-0.15962440791471091,-0.9183890616616903,-0.06818245152488209,-0.07012113508737211,-0.030930026649837943
-0.02169243815905464,0.22867366686739057,1.013886437121233,0.5549294656538172,-0.7603987059175161,-0.9832297112384326,0.20388220989838232,-1.46628685773313,-0.12886637861251599,0.48467890628790705,0.25811396722322183,0.19614787060579764,0.054844106427963495,0.10069011843184343,-0.1785093104016021,-0.18755415817600565,-0.9183890616616903,-0.1292577657286156,-0.11327596612254245,-0.010310008883279315
0.0,0.22804639396047297,1.146659399827912,0.6624953548949428,-0.883407482410446,-1.1106757811990358,0.21799220287814938,-0.7333988131804862,1.306945782321662,0.4938921560167561,-0.02608271416007575,-0.24975256313438857,-0.14910203244517628,0.05468423728673943,-0.2534200598097286,-0.2386445147020384,-0.9183890616616903,-0.4171482202511112,-0.31669471367264623,0.010310008883279315
0.02169243815905464,0.19767194799261237,1.228673010482224,0.5144040764226548,-0.9873681264908801,-1.197466650065428,0.27839246990093186,-1.0291912276614517,-0.08343788537149359,0.5402474869078102,-0.3376133632967942,-0.9536831542467954,-0.36477181138088144,0.15055891423395362,-0.2902044827358983,-0.2882211650070046,-0.9183890616616903,-0.3983325827408007,-0.30339988796176887,0.030930026649837943
0.04338487631810928,0.1442213890268783,1.0563845411860382,0.5069522026207387,-0.7886484875991077,-1.0271217336707101,0.27393979576837846,-0.6923181535023797,0.3308737452102895,0.540645546168185,0.03938397903583106,-0.5775409493278222,0.013267790758517929,0.33979126538784044,-0.2875410074963855,-0.2852866011835246,-0.9183890616616903,0.2543911469476855,0.15780416206376732,0.05155004441639657
0.06507731447716392,0.22908371116360107,1.275177585571267,0.5483650031140567,-1.035832052009566,-1.2422451404755592,0.33254135827409054,-0.7124210471053866,0.44076578721432497,0.5818081379568828,0.4281242545039828,0.2570573869431732,0.16512586046025715,0.20254928678615008,-0.2884925391086695,-0.3135174521254448,-0.9183890616616903,-0.1330005007335426,-0.11592052225544995,0.0721700621829552
0.08676975263621856,0.21563473211253736,1.2834182353777905,0.5675510810818633,-1.0288350375045985,-1.2496847313952977,0.3377854098384305,-0.7826334677244977,0.8874853637030946,0.5859327380613776,0.4923783187109446,0.3944159008499396,0.21187501050184807,0.22124731092328795,-0.32610650241478006,-0.33830655096718104,-0.9183890616616903,-0.09021891008130582,-0.08569174095349122,0.09279007994951383
0.10303908125550953,0.45024028334490634,1.2681760689380943,3.2297867109448455,-0.6718659724632718,-1.1344751176800532,0.09813670574351446,-0.7239335008826792,0.02074678567868376,0.39877239149339166,0.25655015984963614,-0.012306427766105535,0.03594516481701579,0.13232207607908172,0.19394618744271075,0.085943111627713,-0.9183890616616903,5.491412747161988,5.10025544099177,0.11341009771607245
0.11930840987480051,0.33462514477338645,1.010983372593494,0.8104735032121849,-0.6884268990041436,-0.9707448222539672,0.04022059802432927,-0.7822724752812832,0.8772064484281279,0.3508619456223927,0.85915668212792,1.2729791869749967,0.3975183375887915,-0.0040146838399717924,-0.18943972481963767,-0.11563130857801346,-0.9183890616616903,-2.2876918923784695,-2.2285308987578523,0.13403011548263108
0.14100084803385515,0.2773433463373717,1.020263610263384,0.589912283101964,-0.7367085204125776,-0.9882297723477492,0.15684557756897458,-0.6304699498725478,0.10934396482362956,0.44473853536553914,0.8741997786143388,1.3070344247461858,0.43676463410598126,0.056248957804969885,-0.22469925734150556,-0.1913127876776211,-0.9183890616616903,-0.7228202468812346,-0.5326776330137443,0.15465013324918972
0.1626932861929098,0.31076912239824256,1.2940743152294487,0.5878851916696722,-1.0768198265773627,-1.2594732608169474,0.2720297163868759,-0.756189583672223,0.13568673637509848,0.5355877134764309,0.6196937435929964,0.7960274529456561,0.19120186321130395,0.05651668899836564,-0.25831190822672856,-0.2667941881887512,-0.9183890616616903,-0.7203332344464729,-0.5309203501769143,0.17527015101574833
0.18438572435196443,0.17622775831214701,1.0304915901844554,0.5363281760821867,-0.7485336482641163,-1.0003740635230949,0.2782410653966378,-0.8069925402013965,1.0307997926903651,0.5402085431489592,0.4448374048058265,0.2894566378426309,0.20313861813979803,0.2025968177964815,-0.2971986467236301,-0.2928387754731196,-0.9183890616616903,-0.10582485468679735,-0.09671864947413292,0.19589016878230697
0.20607816251101907,0.19368923315001974,1.184511065502907,0.5451308236638222,-0.9331643521299046,-1.1525755635181418,0.3385238030446861,-0.6862547374827302,-0.17700034128167486,0.5859169164113497,0.3358812123156379,0.06455622595149993,0.1121123754668332,0.23040175738279864,-0.3306161116371016,-0.34084577980070996,-0.9183890616616903,-0.37882160411179355,-0.28961374544177804,0.21651018654886559
0.2277706006700737,0.14681071373423782,1.113110625330837,0.5411293366185664,-0.8296188152304924,-1.0820149212135484,0.3434090537313695,-0.856669486749506,0.7358544132340575,0.5913171046724631,0.43455809914557286,0.18559266438151956,0.22668145346462865,0.296811964475687,-0.36721754771475656,-0.3651467855124493,-0.9183890616616903,-0.08415182567781575,-0.08140483705914091,0.23713020431542423
0.24946303882912835,0.13265786153791104,1.124416389083932,0.5218696182773829,-0.8455956327786787,-1.0939358065132716,0.39672152820128376,-1.0537289010985844,0.8872669391946735,0.6322802845791005,0.48280776462251357,0.23274610634104947,0.24056278081700908,0.2921826169923209,-0.36791289773911745,-0.39076374439458517,-0.9183890616616903,-0.10050935760186591,-0.09296280504568444,0.25775022208198284
0.271155476988183,0.0858958161331965,1.040521758176736,0.5342973373146801,-0.7328244503538635,-1.010383768057836,0.40529682541802203,-0.7551278827832624,0.27929913518667826,0.6368411099230811,0.5322929611676497,0.29469467522473913,0.3217688224198596,0.3327090370833263,-0.4031764966353977,-0.4148670537762012,-0.9183890616616903,-0.08169442513803213,-0.07966847750926127,0.2783702398485415
0.2928479151472376,0.14559473673671014,1.29864749312826,0.47534984180821976,-1.0447441252372573,-1.2682342317254607,0.46617130052733097,-1.2277772159238978,0.738683966107453,0.682214566801349,0.5039548160904508,0.2343815813525593,0.22201394247564818,0.29961894891430185,-0.44129875674294217,-0.4662620962665569,-0.9183890616616903,-0.4209355209699646,-0.31937075921957153,0.2989902576151001
0.31454035330629226,0.12853113079471554,1.2933352134564258,0.49916505475642037,-1.0357189938425075,-1.262077656234726,0.5216200589828153,-0.8022186031351258,-0.5422889689649032,0.720296585833191,0.5800575097549207,0.3299344846843923,0.28291445175639823,0.3276441631398481,-0.4382489759343386,-0.49016117444669965,-0.9183890616616903,-0.07915579498527715,-0.07787472242618527,0.31961027538165876
0.3362327914653469,0.09480590878294105,1.2645660308522944,0.4893155517209352,-0.9862303737794196,-1.2339566145863137,0.5311722388384789,-0.8547314410855905,0.6485167173245648,0.7266629640352279,0.5971650652599394,0.30103823389285833,0.3227566035567641,0.3646652304194228,-0.47681853722714546,-0.5163593100214494,-0.9183890616616903,-0.10773348724173398,-0.09806725842507068,0.34023029314821734
0.35792522962440154,0.07292368499849751,1.26044807493565,0.519491764472463,-0.9647558405069501,-1.2287436241773115,0.5345301542204266,-0.7347215016126313,0.48358804507658004,0.7316004720063964,0.5987361860461107,0.27244175742652443,0.33199982628374997,0.38783482154227683,-0.5159533245631456,-0.5413537769731341,-0.9183890616616903,-0.0927716722085857,-0.08749548146161584,0.360850310914776
0.3796176677834562,-0.022060003874759728,1.037249185208479,-0.04642066087172745,-0.746929026567328,-1.0289809577583284,0.4712821893601305,-0.7188013694759677,-0.07875290917899315,0.686395767271882,0.6860465584473278,0.46492074963366514,0.4503872448600025,0.43864891431498165,-0.4778961264461849,-0.4899920456064387,-0.9183890616616903,0.856349451315537,0.5831381820992535,0.3814703286813346
0.39588699640274716,0.14240408086187611,1.1351382487467874,1.0709289453554047,-0.7700031609920345,-1.08390652491821,0.4095495338075769,-1.0568133928867862,1.3899394543290513,0.6414392802220322,1.4171995747289707,1.9748936884192316,0.7997091738961734,0.18474742623480395,-0.4449178299691512,-0.44105950406592165,-0.9183890616616903,0.8261541897931899,0.7050602648198925,0.40209034644789327
0.4175794345618018,0.04142749176764211,1.0742111044658382,0.5448258414920104,-0.7286810727871059,-1.0433519385842196,0.4778723542025577,-0.8145442117675905,0.8556137717284611,0.6917929128091925,1.2755164454493175,1.539665071960031,0.7989627606470652,0.35050473509406577,-0.5178604541621018,-0.5145010072063422,-0.9183890616616903,-0.6949769473735015,-0.5130040070753035,0.4227103642144519
0.43927187272085644,0.04538966575739085,1.1861197916164572,0.5518313947079013,-0.8634201522519299,-1.153916780467112,0.5412799661987825,-0.801443936062918,-0.44308521779302096,0.7355038738539065,1.1039817938718635,1.1959198044859451,0.6675157797640942,0.3667514155644871,-0.5563649534643489,-0.5675545707877306,-0.9183890616616903,-0.44155123306639277,-0.33393748857314154,0.4433303819810105
0.4609643108799111,-0.053833700915713316,1.1365500645789088,-0.07782766247332976,-0.8558006409566511,-1.1285042330644197,0.5636394920617144,-1.7058823498128217,2.3997054427327846,0.7500670005371035,0.8382022321529644,0.6858109836228197,0.5391568505079769,0.44582256259189407,-0.6711790349722447,-0.6436946233989664,-0.9183890616616903,-0.728520397178925,-0.5367052671926045,0.46395039974756913
0.4826567490389657,-0.003708984523769088,1.2530901849024196,0.4416494106666486,-0.9529704943529144,-1.2243840669401955,0.6572667864900411,-0.747982015181309,0.029664901254289725,0.8179739625522885,0.8675470963503565,0.5440091178072276,0.5469724473007526,0.4879638484918766,-0.5942960939745541,-0.6425180249485134,-0.9183890616616903,0.23253932474188485,0.1423640172622967,0.48457041751412777
0.5043491871980204,-0.06442324699156562,1.0461079725843028,0.5072630984405838,-0.6875109077926073,-1.0169326865961807,0.6082323801966014,-0.722521982127996,0.7168679481246869,0.7850355222008397,1.245740614729322,1.242150441358263,0.8516989443064993,0.517283302066147,-0.6271442664704201,-0.6383033073791011,-0.9183890616616903,0.2703036856594295,0.16904770503033398,0.5051904352806864
0.526041625357075,-0.06795382203490048,1.0765204043754366,0.37855611780644033,-0.7337446929043786,-1.051891593549605,0.6682600326799288,-0.8035205068828953,1.029411848120515,0.8220721935734077,1.4243328015728447,1.5528322380627142,0.9671263318997656,0.5094082939411482,-0.6284129752867968,-0.6670319758678761,-0.9183890616616903,-0.1391884613678684,-0.12029283534311566,0.525810453047245
0.5477340635161296,-0.034768879934325585,1.2925039441977633,0.4529715433973081,-0.9715673177668052,-1.2629915405980598,0.7321700311669216,-1.8467377347258889,1.384724350190329,0.8655983618428886,1.0898253757674334,0.9842304438544748,0.6694826380299189,0.4580171059483436,-0.6639327557710021,-0.7168434179041827,-0.9183890616616903,-0.4012510857143858,-0.3054620550474758,0.5464304708138037
0.5694265016751843,-0.0719404915497464,1.271603994655263,0.43260898415796945,-0.9454990596873646,-1.243059108533663,0.7351326348447053,-1.4681738938433604,-0.12114327597425414,0.869924663152223,0.9226591237007592,0.5578103650609905,0.6017089316186236,0.5625115991999567,-0.7041532650748661,-0.7419407326849364,-0.9183890616616903,-0.09405008901334648,-0.0883987901375024,0.5670504885803622
0.5911189398342389,-0.12753162927721803,1.0898809436134114,0.4536768090723175,-0.7349639349361906,-1.0622981980893818,0.7362508089199811,-0.7203738377406628,0.13566277454838307,0.8699436136620735,1.2759367696902213,1.105853876350071,0.8954917933725004,0.6051246901879102,-0.7042142606910377,-0.7421786758133704,-0.9183890616616903,0.21495632136832127,0.12994015093316502,0.5876705063469209
0.6128113779932935,-0.07564576056428189,1.2320725543140854,0.3611509876581819,-0.9094412555231011,-1.2065965268656873,0.7946367878481324,-0.7706616419004672,0.4769238816628221,0.9071988123073595,1.5716282740992538,1.7253408653275084,1.0309674003906282,0.5190228135198565,-0.7039621454775269,-0.7677827471605073,-0.9183890616616903,-0.10034916325003737,-0.09284961430281947,0.6082905241134795
0.6345038161523482,-0.10079552712765422,1.2392062815368292,0.4211334332291445,-0.8954343814947714,-1.21140571551513,0.8033940509494706,-1.4205921489790425,-0.0656581650295433,0.9114617375206553,1.4148210853102696,1.4507839127521118,0.9323278425059313,0.5539449944782218,-0.7411288075983751,-0.7924912726197731,-0.9183890616616903,-0.08921736860882887,-0.08498406791762679,0.6289105418800381
0.6561962543114028,-0.16056771486161525,1.1777974535662972,0.3592772088951149,-0.8173406386566069,-1.1529158776494963,0.8132125785288952,-0.7062247062395601,1.0806996029911542,0.9161885978545327,1.1980753394261543,0.9748799102187329,0.8281488820682178,0.6274222072715195,-0.7788728948856534,-0.8188650909482419,-0.9183890616616903,-0.1099172551121376,-0.0996102735482212,0.6495305596465968
0.6778886924704575,-0.20561436081474466,1.1540454749198639,0.39484767968753764,-0.7825529288939154,-1.128055563371806,0.8180945578025602,-0.9742409538524961,0.6757937632929442,0.9210090107191932,1.0044230276109396,0.5011757923083457,0.7478450260078195,0.7279291989781703,-0.8148969057968782,-0.8429744544941961,-0.9183890616616903,-0.08176967947736824,-0.07972165101054893,0.6701505774131554
0.6995811306295121,-0.23579853257668787,1.0315125390537083,0.4284395794566074,-0.6457601914671331,-1.0054423563287112,0.8164542188154565,-0.830555481784724,-0.2909836809307017,0.9211803959049273,1.3377496201507122,1.055737632923888,1.0040637128889522,0.7617857771814598,-0.8176254430269748,-0.8421600633973345,-0.9183890616616903,0.2280370229253885,0.1391827634825448,0.6907705951797141
0.7212735687885667,-0.14487960286997306,1.234414652614355,0.42037266982906796,-0.8842424541387002,-1.2066889551960516,0.8727347860091674,-0.7953240097278295,0.4688050710925718,0.9578887047769562,1.7453126180803564,1.8964065994095516,1.169392216235986,0.6178992640430684,-0.8138803121940104,-0.8660802708229793,-0.9183890616616903,-0.07941843526427828,-0.07806029980735572,0.7113906129462727
0.7429660069476214,-0.15291955813865868,1.1374110516831502,-0.3870522493816518,-0.8445562945014448,-1.1409854412517118,0.6864001495571291,-0.7366070777595802,1.2763096456652698,0.8367907072690491,1.5448671066633213,2.205364790264394,0.9418608887730928,0.3697865802269209,-0.7461507799965428,-0.7421971262564266,-0.9183890616616903,1.7578035138763932,1.2200910699059633,0.7320106307128313
0.7538122260271487,-0.07435691778062793,1.096493237025928,0.8880630449432237,-0.7038182124068008,-1.0525113596782214,0.6816887720117821,-1.5317574619620038,0.4609326044855814,0.8310817776858662,1.7672268621340692,2.3169011245091466,1.1066247371421973,0.4030622371814192,-0.7078983959078305,-0.7188410165762504,-0.9183890616616903,0.5082345935109649,0.5423016902458705,0.75263064847939
0.7755046641862033,-0.10738122045174249,1.2748815293657192,0.43437711545704255,-0.9492942140241984,-1.246238509600943,0.8111635822052715,-0.7483978080383821,1.1638931550003317,0.9167538056136985,1.3731841362026929,1.5369037944703514,0.8193803128483301,0.4507548855911712,-0.7803327232993712,-0.819222016077491,-0.9183890616616903,-1.0298396777905117,-0.7496126064664138,0.7732506662459485
0.797197102345258,-0.1528063357199666,1.2886682924416366,0.4317248150329974,-0.9612223223671298,-1.2599919123373096,0.8778732743393696,-0.7119835210000446,0.6618197403721935,0.9577124055982497,1.0154438651723638,0.748926721478298,0.6219611487988966,0.5545607216001829,-0.8150880253942175,-0.8690422336776489,-0.9183890616616903,-0.401360167533615,-0.3055391304999596,0.7938706840125072
0.8188895405043126,-0.21223899926852322,1.2218069705080599,0.4089120233942116,-0.8752858016357753,-1.1946339741269125,0.8852450383076632,-0.7454462404892128,0.303924880169816,0.9625396562578473,0.9372307990453064,0.46067697687934545,0.6446527859588963,0.6618762103243561,-0.8586104307201959,-0.8967925481185774,-0.9183890616616903,-0.12702734657238393,-0.1116999879539415,0.8144907017790658
0.8405819786633673,-0.24513428139147617,1.1762362866836957,0.37131057012749735,-0.828704575760968,-1.1509172626122697,0.942140542791437,-0.7614938258032438,1.9128103831209362,0.9990647664049349,0.9479333238353572,0.4365555761159722,0.6812259183949161,0.7042457658551525,-0.852767050690912,-0.9184195643463205,-0.9183890616616903,-0.050913660876055714,-0.057919286396988165,0.8351107195456244
0.8622744168224219,-0.27178406806433,1.1850382437065519,0.35433119070699864,-0.8111485865573327,-1.1602727604445915,0.900778516241869,-0.6417366951227624,0.4760004256098274,0.9725496079641441,0.9219444903103408,0.33745558938928033,0.6656067707045713,0.7600431523055894,-0.9316140505293421,-0.9444319633263022,-0.9183890616616903,-0.10542474833921804,-0.09643594078812794,0.8557307373121831
0.8839668549814765,-0.30441260315026647,1.1425449633244482,0.3101746273660765,-0.7802362906881855,-1.1198502501860466,0.9596266289051198,-0.7956944666061319,0.46674278827232635,1.0084816193136241,0.8972442793942824,0.2556429935849064,0.6773302798293691,0.7712230063893759,-0.92773879571521,-0.9687152722446526,-0.9183890616616903,-0.08393185138897194,-0.08124940677784154,0.8763507550787417
0.9056592931405312,-0.3180429818114844,1.1692033965139512,0.2763468086915192,-0.8126750985001243,-1.147523426033181,1.01775243945531,-0.6689456265632151,0.10038141856658923,1.0433665784812478,0.7751739270546537,0.010937693367865825,0.5879860906648031,0.7862459528186566,-0.928503274104567,-0.9965338173198048,-0.9183890616616903,-0.12787546548924314,-0.11229925508882588,0.8969707728453004
0.9273517312995858,-0.3096065387804771,1.2353172645919137,0.3932755731969094,-0.8687444802378425,-1.2086018519256414,1.026260191443886,-0.6494923896297716,0.4435829035238351,1.0485994128743938,0.713173590650092,-0.1383742491141641,0.5373121597023646,0.8096979413308262,-0.9673249506108847,-1.0215098898321122,-0.9183890616616903,-0.09254302605603776,-0.08733392378142746,0.917590790611859
0.9490441694586405,-0.3776291981993939,1.1312599767576468,0.15814942631968656,-0.7639337544712623,-1.1143911899247292,1.0343603379420665,-0.6612087397629995,2.0747793168251523,1.0540658258712268,0.7626001899629312,-0.1276228392568276,0.6159548130462585,0.8806648792682816,-1.0028406647206758,-1.0441966906147695,-0.9183890616616903,-0.0640869713551786,-0.06722733491565205,0.9382108083784176
0.9707366076176951,-0.41149863217886057,1.044279370257828,0.32016262996527856,-0.6518428906966519,-1.0221577375784316,1.0340431016260418,-0.6861523097919718,-0.20217557676242395,1.05306264556721,0.8248957927552653,-0.06766815634054738,0.7008320713697834,0.9192351882511959,-1.0013808363069578,-1.0442170828537731,-0.9183890616616903,0.21766051761102617,0.1318508923425429,0.9588308261449762
0.9924290457767497,-0.40901581652283336,1.1022678309305616,0.2901454808975328,-0.7180902920202344,-1.0807151699482809,1.0940102312780235,-0.5890580139754453,0.6182962714016241,1.088173558464128,0.751129311690947,-0.23330618547304355,0.6419957716608817,0.9268706978596345,-1.0025844831327526,-1.0719441536157195,-0.9183890616616903,-0.12673842350921147,-0.11149583958179365,0.9794508439115348
1.0141214839358044,-0.3314187881753306,1.2041871564064426,-0.4734836941749489,-0.9258556725107442,-1.2103671648898042,1.0277045976016324,-0.5916436446937948,0.5119559087356418,1.0486763818816076,1.3649196571426994,1.2734748272326246,0.9003979710017165,0.6878585819696658,-0.9672598886203009,-1.0207625574456662,-0.9183890616616903,0.8541103387878249,0.5815560613347245,1.0000708616780936
1.0249677030153317,-0.21008445047883015,1.279850897978331,0.8022421120952558,-0.8953959754202512,-1.2373261695525362,0.9598608581743681,-0.5998341264435544,0.37014854685322196,1.008763339636331,1.5437108538667776,1.5351428059716485,1.010895494950402,0.6282254491261695,-0.928247092516644,-0.9692784190654457,-0.9183890616616903,0.8578709922612999,1.0363965601135847,1.020690879444652
1.035813922094859,-0.26584380593478374,1.289735069397067,0.5687201160020187,-0.9412134420903899,-1.25589661880965,1.0846281456279385,-0.6236578577770165,-0.005569931826754867,1.0831132878976384,1.3528498046916007,0.9706493531957154,0.937968906407706,0.752114710777696,-0.9670687690229616,-1.0473800141019258,-0.9183890616616903,-0.7529027183459037,-1.2398968400398303,1.0413108972112106
1.0575063602539136,-0.40476471431779687,1.0659839370364184,0.3041834771260279,-0.6936217181251075,-1.0442536657301977,1.0935158627798056,-0.6712386164626811,-0.012353110438012412,1.0881905565333119,1.1731863077862856,0.47013675847064795,0.9396118467457246,0.9380606833852603,-1.0023933635354134,-1.0717170553950008,-0.9183890616616903,-0.08459975436202409,-0.081721336236183,1.0619309149777694
1.0791987984129683,-0.35577219193798393,1.297460565407602,0.30855784716790474,-0.9447436380633333,-1.2733310528740331,1.161132894673899,-0.8294607910729714,0.897003930217543,1.127144280071697,0.8394082565974422,-0.1868135658007319,0.6861588393109812,0.9507076015558226,-1.0412801020323148,-1.121958456633273,-0.9183890616616903,-0.4065955550544848,-0.3092383708037149,1.082550932744328
1.100891236572023,-0.3740932221563739,1.2045778265101614,0.32533339575993536,-0.8491717225220115,-1.1807141780352408,1.159769231522697,-0.636365857223818,0.016671808741589637,1.1260503208297499,1.2987080200549268,0.5810698368662195,1.0155820374419546,0.9789064065665702,-1.0389297376224844,-1.1204232007129256,-0.9183890616616903,0.23699750087275362,0.14551409254493372,1.1031709505108866
1.1225836747310776,-0.418180147390495,1.064358335091675,0.31589569834452325,-0.690436903023814,-1.0422033143236218,1.160511215353645,-0.7735359577083465,0.96536349225344,1.126965531524246,1.5427380306982659,1.121530802832732,1.1809874811747751,0.9257112552570922,-1.038104263616956,-1.1201243698991632,-0.9183890616616903,0.2216285169243572,0.13465461659917483,1.1237909682774452
1.1442761128901322,-0.44822563884907357,1.0749063392408005,0.36259163875937006,-0.6835700729702234,-1.0508934626596862,1.1707677059537287,-0.7435848025071397,2.5508852381464244,1.1328777750537848,1.2751616753561794,0.596250187778942,1.0347832012043343,0.970151139090826,-1.0757182269230665,-1.146006560723808,-0.9183890616616903,-0.10380623781345881,-0.09529232737937401,1.144410986044004
1.1659685510491868,-0.5114203993531997,1.0240481234835914,0.4007077375658325,-0.6055753232555575,-0.9990928730560639,1.1789026153792033,-0.7366236783235957,0.998296485575081,1.1377284767765599,0.9495536612289976,-0.09868473210463524,0.8553662473430155,1.068021557796092,-1.1159387362269306,-1.1706250252250558,-0.9183890616616903,-0.08809789488511953,-0.08419306585689532,1.1650310038105625
1.1876609892082415,-0.5259953415476493,1.0519381733144864,0.31877530123535663,-0.6558652539986213,-1.029794771515277,1.235659329338066,-0.9713562716547665,0.15364519987434627,1.1703262936392393,0.8089770065230549,-0.518835463023519,0.7947754539486069,1.1533903379122252,-1.1137754250400271,-1.195589347833175,-0.9183890616616903,-0.09239697265749429,-0.08723072480785389,1.1856510215771212
1.2093534273672961,-0.510191000184598,1.0467979554301856,0.33507952416872927,-0.6581189470137067,-1.0240910509245866,1.2355336606310239,-0.7060400308855377,2.1333172353763654,1.171445306675818,1.1837826398882396,0.10727368536988015,1.0460309130930465,1.1763772596082331,-1.1139014826467826,-1.195958475880091,-0.9183890616616903,0.21332566950296802,0.12878795864985162,1.2062710393436797
1.2310458655263508,-0.4700598778007723,1.1711167656052512,0.3571459213726833,-0.7751967318398192,-1.1463798349957082,1.246891864130748,-0.9954966568535536,0.6253714853629311,1.175883969969733,1.2084809875788647,0.3515147533370161,0.9928312908162443,1.0378786770958675,-1.1470708987211555,-1.2195301273056884,-0.9183890616616903,-0.07508582219996265,-0.07499894536049104,1.2268910571102383
1.2527383036854054,-0.5328499259049913,1.092443117034001,0.2847715161138159,-0.6965861909339485,-1.0711873970519779,1.3077162300435172,-0.6919215078745551,0.8340242186943551,1.2090572094657646,0.9277693010521769,-0.2380696476804219,0.8398212384770801,1.1005932975038515,-1.1473840095508379,-1.245284184071278,-0.9183890616616903,-0.10221350867331916,-0.09416693068148364,1.247511074876797
1.27443074184446,-0.5508609970272004,1.1538534763200772,0.3072875412903832,-0.7385632363634884,-1.1311581577940801,1.3155310455000553,-0.6561869482692819,1.682475383709369,1.2136851528924952,0.6444595296163664,-0.8542040518191847,0.6815380659900325,1.1881167991478339,-1.1881778776467198,-1.271572733793771,-0.9183890616616903,-0.10885735117654076,-0.09886136253809782,1.2681310926433556
1.2961231800035147,-0.5264013794656828,1.253093100027633,0.3206331778654461,-0.8503225166511108,-1.2289378252050212,1.3731923454695005,-0.6421004722114021,0.49356277971690415,1.2451952629448901,0.5724726674784577,-1.1751059323754318,0.62515390623564,1.2473037549890074,-1.188368997244059,-1.295595340807001,-0.9183890616616903,-0.08069128034768819,-0.07895967159487126,1.2887511104099143
1.3178156181625693,-0.5028017416325713,1.2474342596275072,0.2646797679069197,-0.8646314985421077,-1.2254377706589077,1.3713165791679176,-0.698901301914071,1.6212873795658909,1.2460555221833765,1.0156864458549861,-0.3455267100647908,0.9201086898288438,1.251042580837577,-1.1833510912203036,-1.2941675265177377,-0.9183890616616903,0.2356619822920193,0.14457043667599215,1.3093711281764728
1.339508056321624,-0.5750974540650029,1.099523351768999,0.3419013790645382,-0.6837949493593614,-1.0760508823312107,1.3234564404683937,-0.8806326732641193,1.101877350089773,1.2196500762998599,0.9877534161004622,-0.31885069544390465,0.9226544108998479,1.2301538558059164,-1.2247752473499625,-1.2950003577503688,-0.9183890616616903,0.20756175644417174,0.12471527073335466,1.3299911459430316
1.3612004944806786,-0.6266606930805592,1.156196445435084,-0.8981372157410045,-0.9278486077624981,-1.1788090615081994,1.3127174054150264,-0.6402163787227273,0.38397458063038864,1.2141324487387315,0.4830638611689402,-1.1197666385805676,0.5152753951656494,1.1604534914917588,-1.1843676848231715,-1.2682034242237359,-0.9183890616616903,0.5510046458043022,0.3673864719182044,1.3506111637095901
1.3774698230999696,-0.4449599422598642,1.0556973179577616,0.8983794204961498,-0.6245735091971283,-1.0117213439198978,1.0512171978412215,-1.150561808094321,0.836244350991424,1.065282943825532,1.0530144180539824,0.2528007623720841,0.8402426214057248,0.9526429177173388,-1.077495232540879,-1.0941037056167968,-0.9183890616616903,2.382004459214339,2.170845175755744,1.3712311814761489
1.3991622612590242,-0.46183075900430404,1.1952606592203854,0.30294401393345666,-0.8456397118301646,-1.1723289243572805,1.1851487975893327,-0.7711323911664743,0.5515832584495884,1.1426725852713664,1.04854190745273,0.103877088867138,0.8398295187253579,1.009942448122718,-1.1513283927299662,-1.192999133917938,-0.9183890616616903,-1.011373763594079,-0.7365648896032835,1.3918511992427074
1.4208546994180788,-0.4634747821767459,1.2860300364492403,0.3073479948531846,-0.9335221937322161,-1.2620563745388726,1.2554947282250573,-0.7260912409267363,1.5230186136169623,1.1819944418429227,0.8470675803784806,-0.2773512537301362,0.6896094274308728,1.0251464348781438,-1.1855713316489662,-1.2434388063115362,-0.9183890616616903,-0.4090601007737608,-0.31097977902208274,1.4124712170092661
1.4425471375771335,-0.4862488553602592,1.2713579745543908,0.3738643859780156,-0.9051273014910859,-1.2450245813056062,1.3151256134917646,-0.6760549516776044,1.2842261721867199,1.2138337385824944,0.77625618214689,-0.5144461725151479,0.6765493752046886,1.0659671057109876,-1.1848109196340215,-1.2691558040659483,-0.9183890616616903,-0.10175285857417456,-0.09384144275802243,1.4330912347758247
1.4642395757361881,-0.5325880900738262,1.226087707224415,0.31256024313456937,-0.8488106098052092,-1.2024967365595511,1.324614672975834,-0.6006587659329733,0.8178676098796402,1.2189173758891503,0.7224456589381444,-0.6732656106580701,0.676440085235016,1.1438363109117629,-1.2186146901165837,-1.2933632745077732,-0.9183890616616903,-0.08298916563939525,-0.08058332024562542,1.4537112525423832
1.4859320138952428,-0.5202082487573758,1.287517909655637,0.31302251440310086,-0.91891381553516,-1.2633164904688892,1.3826052202987043,-0.6479634268860287,-0.13415689078058904,1.2508019824247447,0.6959188873592921,-0.7750266877855628,0.6541638765958061,1.1518103167550973,-1.2195011597382839,-1.3181400453252825,-0.9183890616616903,-0.09006567054787232,-0.08558346437302773,1.474331270308942
1.5076244520542974,-0.5854031384594925,1.1564565401081526,0.3723947425282084,-0.7496595268017477,-1.1312877045167538,1.3346869297033332,-0.6990286715383742,1.694373939142756,1.2250754340318604,0.7302224784981279,-0.7363850340721064,0.7189823125831595,1.2082417958324094,-1.260929382242355,-1.3194515531769442,-0.9183890616616903,0.20161172094653582,0.12051107170627805,1.4949512880755005
1.529316890213352,-0.577542289412802,1.2156493630210468,0.292820763994965,-0.8186764466148068,-1.192901479314458,1.392804198504972,-0.6777375360257776,0.2743250338461826,1.2559081592336534,0.6684734151439075,-0.8887732567185355,0.6685598568593087,1.2085825947472217,-1.260351957075925,-1.3454160885417394,-0.9183890616616903,-0.10482979509086097,-0.09601555642759063,1.5155713058420592
1.5510093283724067,-0.5628899386485596,1.3005525832371516,0.26383734004511333,-0.9009919374218435,-1.278074954795189,1.4012814342910895,-0.8162585363936462,0.23127612810623663,1.2612560011861609,0.6528313250453771,-0.9256599996221536,0.6470675196658733,1.2250258556840012,-1.2965711539589015,-1.3682924266663976,-0.9183890616616903,-0.06644295422168761,-0.06889203437484755,1.5361913236086178
1.5727017665314613,-0.6150876969788742,1.1630097777210788,0.27051980818171945,-0.7622256467982519,-1.1416087292361234,1.4025852250903215,-0.817790090984082,0.5484154417920655,1.262224243140559,0.7525074630478081,-0.7832054190943684,0.7560558711632033,1.2677623804343934,-1.2932651915623747,-1.3667342032725331,-0.9183890616616903,0.23728299065287353,0.14571581501470673,1.5568113413751765
1.594394204690516,-0.6790523661519349,1.0182474544490216,0.30097980514217765,-0.5975128186308767,-0.9970985202484585,1.353476725735923,-0.7827507459681384,1.7153240642972651,1.235189637352612,0.8345974969447817,-0.6974199434239874,0.8640912971651025,1.3407039261947018,-1.3301187428535406,-1.3664811509142822,-0.9183890616616903,0.22105948258156752,0.13425254611887608,1.577431359141735
1.6160866428495706,-0.6199572359521751,1.191787567051601,0.28764444843519427,-0.7781746807481427,-1.1694647096266122,1.4132385566082382,-0.6267506748282158,0.3826550954270483,1.2666285034329159,0.8568564990403196,-0.6161217621645199,0.8217249603931127,1.2615177567747669,-1.3333596432594834,-1.3930071128243733,-0.9183890616616903,-0.11180842688740208,-0.10094654499413258,1.5980513769082938
1.6377790810086252,-0.6956135290329668,1.026062000629488,0.34202323732753875,-0.6000133779098152,-1.003294165374958,1.4107015030077694,-0.7220246138503102,-0.017608351178629907,1.2657129553229642,0.7983793990482906,-0.8051261881901446,0.8532863613226892,1.3515202242222384,-1.3317086952484263,-1.3921117413764275,-0.9183890616616903,0.22904362309010762,0.13989401090869055,1.6186713946748523
1.6594715191676799,-0.6475550832908542,1.1729585092237182,0.40374547979293934,-0.7396613445226902,-1.1464513999989885,1.4185164257171203,-0.8286867057244023,0.09363219801052695,1.2716337796588586,0.7795743690817591,-0.8096118859247655,0.7870193285634987,1.3176506013265392,-1.366846236537951,-1.4142523587910463,-0.9183890616616903,-0.057297814962644224,-0.06243022661073981,1.6392914124414109
1.6811639573267345,-0.6072596837942362,1.285904619504053,0.294341691532512,-0.8678887314099661,-1.2624212764431824,1.481152730397828,-0.8964802002481411,0.7179810504882642,1.3037120725700824,0.8356809125300102,-0.6737244149358051,0.7859040277956464,1.2646299850044709,-1.366846236537951,-1.440476980352695,-0.9183890616616903,-0.10806271276889562,-0.09829988386764683,1.6599114302079696
1.7028563954857892,-0.6407857551534429,1.2168411819946243,0.319982713339793,-0.7886447202732941,-1.1930603544893765,1.480943137001298,-1.3505557251709226,0.7200724970365893,1.3047695493661056,0.9011182483633112,-0.5702383990663394,0.8546448835582786,1.2994668114274093,-1.3705263053803316,-1.4431227284465413,-0.9183890616616903,0.1850268774681679,0.10879248904512154,1.6805314479745281
1.7245488336448438,-0.5568253911632612,1.2136979346891432,-0.8667259141556123,-0.9354531525544862,-1.2345741785837396,1.290330223871696,-0.7445938319927066,-0.1069723784152761,1.2024013893867644,1.3255922120611405,1.7022195166260363,0.840525529781685,0.5770831470507398,-1.3317696908645977,-1.3395596399996679,-0.9183890616616903,1.5052216027921597,1.0416207691390007,1.7011514657410869
1.7353950527243711,-0.470168278665172,1.1184082127580413,0.9766830417985266,-0.6140877382736375,-1.07088216613939,1.2099989485430733,-0.7808575060099896,1.0951428778755194,1.159982121004573,1.5149002893393018,2.0651475809346596,0.8438846250156473,0.20494079350908412,-1.257054127428223,-1.2624068342577923,-0.9183890616616903,1.176937092227107,1.487290470774127,1.7217714835076454
-1.5835479856109886,1.133902632562197,0.3849703159609912,-1.4048382980993168,-1.1446246056902762,-0.43408329587096717,-1.392927265359599,-0.5790431863486499,-0.6569150838467931,-1.654027779973931,-0.6332769752324794,0.33623951168914146,-0.7503506268065329,-1.235785637709874,2.280057256143717,2.1488568075497225,1.39054900071067,0.2179139967681941,0.13202999662290774,-1.7217714835076454
-1.5727017665314613,1.2230849010636387,-0.1223714791871894,-1.6774277810482547,-0.8456097566683303,0.05810962438596503,-1.3906516711119379,-0.5196296617678215,-1.0480478575605316,-1.6518439676681096,-0.445841403400496,1.1012527582254308,-0.6800833423659459,-1.381196288717237,2.207309817922494,2.099880492881176,1.39054900071067,-0.3908703040223855,-0.7282843211990735,-1.7011514657410869
-1.561855547451934,1.3269728263760305,0.2408719986400771,-1.5878384588008532,-1.2815246181212996,-0.2982579500726668,-1.3877093555709674,-0.475911022890665,-1.3224000782844265,-1.6488518944179653,-0.506859531647725,1.2406688736688138,-0.8886490454367646,-1.4990603391896,2.1231236684818016,2.043140229063636,1.39054900071067,-0.4873775726078523,-0.8646652771963675,-1.6805314479745281
-1.5510093283724067,1.3671931428917063,0.3988055718495447,-1.5404098420215668,-1.4239393605747543,-0.45288321275011756,-1.3846327200458284,-0.4544869897779548,-0.8006112581009683,-1.6461790254431752,-0.6278651099083061,1.1227439360279798,-1.0200155031292237,-1.5218940363722677,2.041479003048279,2.042939922354314,1.39054900071067,0.21542414875076946,0.1285114237953736,-1.6599114302079696
-1.5401631092928794,1.2722010085151192,-0.4136780182604733,-1.5740058192890476,-0.6449972530935635,0.35049303810965104,-1.3841650951438267,-0.43491224373081255,-1.6180214741819199,-1.647146246312051,-0.7279381142846986,1.0927108609621234,-0.9065616800844534,-1.5354404024741173,2.03175630183045,1.981673197377442,1.39054900071067,-0.5436422897591614,-0.9441767588338131,-1.6392914124414109
-1.529316890213352,1.460828127936498,0.23599035842218857,0.03548901061834423,-1.1745633393501198,-0.2323774599465385,-1.3891082054218946,-0.5429955259536063,-1.8611635573055771,-1.649793599151084,-0.7683371439431761,0.47673047131894536,-1.0231638835523678,-1.3520825140340287,2.125726148105143,2.045890843376374,1.39054900071067,1.0161507563621979,1.260072412300738,-1.6186713946748523
-1.5184706711338247,1.4133382138967592,-0.40951695654252274,0.09098788768824001,-0.5931839550306004,0.40898500520137154,-1.3889710972727247,-0.48281378527196284,-2.8417513129387144,-1.650530279745933,-0.6721900641172374,0.6621702227323627,-0.8490419350059945,-1.3225548749938592,2.119817706085275,2.0420583116879785,1.39054900071067,0.17027494634213594,0.06470802870134232,-1.5980513769082938
-1.5076244520542974,1.3545023289690992,-0.06158868907403664,-1.7270690450659536,-1.095653413386079,-0.003953134074493429,-1.3803283051393922,-0.4990312884551149,-1.437066616339277,-1.6381843320493268,-0.6709413746922176,1.1270873611771486,-0.9934614497425858,-1.468881821074069,1.801115611586203,1.8292378994623095,1.39054900071067,-2.4274815730616943,-3.6063576097460373,-1.577431359141735
-1.49677823297477,1.3768025124786365,0.22266100514135992,-1.7762671132972716,-1.336395030526941,-0.28730871718180545,-1.3811699479140187,-0.5355157796951671,-1.5106313142490857,-1.637029095988276,-0.7668609391622933,0.9460708379210295,-1.119294199218214,-1.4662677723067519,1.7122287333258497,1.8262426030537315,1.39054900071067,0.1806819297558591,0.07941484164729025,-1.5568113413751765
-1.4859320138952428,1.2607426960878727,-0.7965054837253618,-1.7193948475275156,-0.35585738490942653,0.7241571571395458,-1.3809882876537236,-0.5771759892234188,-0.8367702551779654,-1.6361141331763533,-0.8172217606018339,0.8402523597579015,-0.8995461048782849,-1.406628678150639,1.7148962749397747,1.7737215946602432,1.39054900071067,-0.43493147737648014,-0.7905501487628473,-1.5361913236086178
-1.4750857948157154,1.3251270631733945,-0.16697604341470265,-1.6461046488083226,-0.9931365963224991,0.1034614843427921,-1.3804592315346176,-0.4426971903484639,-2.2056975526872726,-1.633002197388076,-0.9683104144865551,0.610350378920212,-1.175248327452694,-1.4228010819470363,1.629502412298875,1.7178565749911001,1.39054900071067,-0.476498132198564,-0.8492908032786896,-1.5155713058420592
-1.4588164661964245,1.3653869477160672,0.18297802126125262,-1.6013036818402342,-1.2287011712201092,-0.24142926349826252,-1.3773348927259526,-0.38574246208711516,-1.525608435867221,-1.6270172363843576,-0.6604863645677321,1.160198939478576,-1.0148104969859013,-1.418930666773621,1.469962278639206,1.6657521549622603,1.39054900071067,-0.4297532099219691,-0.47814492671827463,-1.4949512880755005
-1.4479702471168971,1.3752996866450486,0.38334514127409824,-1.7819376065973431,-1.3889465030502448,-0.4466548046075234,-1.376903770616177,-0.5170965467281302,-1.118786929771574,-1.623247425376885,-0.6738902062704363,1.4843614143106576,-1.0979905765249454,-1.527494165695105,1.3856460052173456,1.6106608253614023,1.39054900071067,-0.4668810270644363,-0.8357002208143505,-1.474331270308942
-1.4371240280373698,1.3107233941012573,-0.1597802705708568,-1.601696822254852,-0.928989138754225,0.09800515834248891,-1.3767965098575918,-0.4734649368559639,-1.1813145932847164,-1.623711158915257,-0.8249767317150289,1.0788591931583131,-1.0834212194192732,-1.4358936293500357,1.3845033540077223,1.5559562575185086,1.39054900071067,-0.46207350963507615,-0.8289063924053537,-1.4537112525423832
-1.4262778089578425,1.2184764067404366,-0.7884923187387801,-1.6611094309904706,-0.34997502161969224,0.7184132035078836,-1.3773958590016526,-0.47949514737651705,-1.5666406624211264,-1.6210979979323676,-0.962465416281261,0.7044633500022167,-1.0172852778750698,-1.3450026590013877,1.3043835789785012,1.5039739748122736,1.39054900071067,-0.42823502128230695,-0.7810869332216501,-1.4330912347758247
-1.4154315898783152,1.1523293000319301,-1.0649526143916486,-1.8572905458730424,-0.11916646964649193,0.9848269916930366,-1.375649503918392,-0.4984663667737342,-3.2244192089477894,-1.619308493628931,-1.1013469945838381,0.312878164052411,-1.0012175778557009,-1.2607128988070304,1.219437017522864,1.4469751029685296,1.39054900071067,-0.4905921163618442,-0.8692079666402941,-1.4124712170092661
-1.4045853707987879,1.2496357929981332,-0.047006833859737945,-1.6436301161184292,-0.9798571285548854,-0.015256452492907321,-1.3747435372709669,-0.6158530850487731,-0.33919050796094097,-1.614393960310089,-1.0733301246855536,0.48489250494118985,-1.1855582911684601,-1.3128917454749955,1.1384226401231181,1.3945249948181686,1.39054900071067,-0.43405017474621244,-0.789304720340722,-1.3918511992427074
-1.3937391517192605,1.1781865607195208,-0.5451508278989796,-1.7778371038840786,-0.5774543494677484,0.47303140243013225,-1.3734819598119576,-0.4656141513744488,-0.716374781134851,-1.6122443593462077,-1.0247951331725182,0.5548375986174937,-1.0634561451708844,-1.2689323900286267,1.0609094110916504,1.3430929297067913,1.39054900071067,-0.42139571873300163,-0.7714218516821821,-1.3712311814761489
-1.3828929326397332,1.1564368171331725,0.12266315200774812,-1.6600029760944928,-0.7861376932607012,-0.18390410514936908,-1.2765861307226696,-0.6148162848816875,-2.3100928189120675,-1.3671796388342223,-0.9479553946141501,0.7137416485541612,-1.0819987530327377,-1.2337602261016902,1.0603360522996326,1.3431867836006088,1.39054900071067,0.21908061735839035,0.1336786271738408,-1.3506111637095901
-1.3666236040204423,1.3101786726669664,-0.7274206224289865,-1.968220570021577,-0.5547084606897952,0.6463820545618241,-1.3813756069088348,-1.0156588553463204,-0.32739251810551534,-1.641346578395421,-1.4202054220787859,0.8330338074903283,-2.118084885612989,-2.1352708943338867,1.879519376613783,1.8812850457452444,1.39054900071067,6.906571085267571,6.433492822087564,-1.3299911459430316
-1.3449311658613876,1.406941035678798,-0.09234967214792536,-1.8994123918679016,-1.1577918454229834,0.020029822651835956,-1.3797094795794982,-0.446168511972885,-1.1134811637658475,-1.6348735500479068,-0.9678603043223782,1.6781359641446607,-1.8137482998544014,-2.054014372730151,1.7191537689485854,1.7752542624231318,1.39054900071067,-1.1000674953853011,-0.7992344486424667,-1.3093711281764728
-1.323238727702333,1.3255811431364273,-0.6648735526679106,-1.685056366694418,-0.6685869735943442,0.5950873524976278,-1.376466670718239,-0.43898688567310673,-1.6537355804495366,-1.6328621006504378,-1.3861047532323156,0.9517647209459084,-2.010885152198981,-2.046106957469179,1.634902557517309,1.7188933453271138,1.39054900071067,-0.4826622254000864,-0.3629858520728463,-1.2887511104099143
-1.3015462895432783,1.3286818549730806,-0.17056666576512045,-1.742674833212846,-1.0585740103703163,0.10338587545531092,-1.3752371199273192,-0.5148820885287883,-0.598640315500136,-1.626283467727719,-1.7829910682819334,0.22449692085114928,-2.2882611782648907,-1.9943100396581603,1.4776517926512986,1.6153011380772055,1.39054900071067,-1.0697555611556675,-0.7778165252624066,-1.2681310926433556
-1.2798538513842237,1.4116220951093985,0.07455602200909252,-0.2690843693689349,-1.064035759684561,-0.08395527891818012,-1.3754080297714286,-0.3985076129334017,-2.3752167632710126,-1.6303868682974298,-1.910022651329625,-0.18718722827926684,-2.3320678901197,-1.9094243234313386,1.5536401312784645,1.719691175802949,1.39054900071067,1.515500729384915,1.0488838340463642,-1.247511074876797
-1.258161413225169,1.324578307447741,0.4488488294943617,-1.7112838860065858,-1.4401102655436164,-0.5088691358738785,-1.3708930052431256,-0.465615966732453,-1.9229455204549664,-1.6183343201582405,-2.0169751708670867,-0.21730357271358908,-2.434953476412573,-1.9423531402148775,1.2297249447839078,1.5056127856617758,1.39054900071067,-2.4431184622576865,-1.7482125800302983,-1.2268910571102383
-1.2364689750661144,1.0510777089374652,-0.991318182150363,-2.0899575386876537,0.05194464725098772,0.9031538975054796,-1.2751804412966115,-0.41935378109470056,-1.7436607758677052,-1.3733258212761732,-2.056875915507238,-0.46731013214675193,-2.141244534490506,-1.752482376994245,1.226423048761771,1.3964261616948543,1.39054900071067,-1.1392951558035767,-0.8269520802146715,-1.2062710393436797
-1.2147765369070598,1.1171659911497556,-0.14467146614996965,-1.7666522548796117,-0.6443109413577458,0.07683899343452892,-1.2740453251257657,-1.1961694740458195,-1.0800471580943243,-1.369070702091311,-2.1564124520145502,-0.6385172004674792,-2.372709060681068,-1.7533565004506262,1.1503045861534376,1.346629828268517,1.39054900071067,-0.4010632830057029,-0.3053293566853585,-1.1856510215771212
-1.1930840987480051,1.0060087728924767,-0.2211419573037377,-1.7878940819302191,-0.33623180979883216,0.15177240806838513,-1.175028618039123,-0.9514862214702635,-0.7840902505614152,-1.1643254981929234,-2.1465285656525332,-0.7535403188687535,-2.3468093436034883,-1.6427882098303739,1.1433185549145304,1.2876425458078529,1.39054900071067,-0.5153084139293214,-0.3860531218575083,-1.1650310038105625
-1.1713916605889505,0.9185342041986084,0.42802648336580884,-2.1541170387253388,-0.622044956856474,-0.5049007596545553,-0.9843097309732586,-0.49008073165135574,-0.18778256756094072,-0.8244921585045754,-2.0483202749878786,-0.7297323332467175,-2.401861907552719,-1.5217477601553018,1.1434405461468735,1.2356535675826112,1.39054900071067,-0.42831824777420646,-0.3245872747949602,-1.144410986044004
-1.1496992224298959,1.0809787311606016,-0.3647639377281399,-0.5052962442546834,-0.2195182038862907,0.3422405047589951,-1.2717887502173155,-0.4860021060652253,0.16667112127709804,-1.3651670878353894,-2.098596643270024,-0.7655971397882663,-2.1578797757609385,-1.5846445025898621,1.0702498731148002,1.2934275007665508,1.39054900071067,0.9360542601860479,0.6394563133170937,-1.1237909682774452
-1.1280067842708412,1.1124702486252724,0.21564000424829108,-0.31131495437591844,-1.434675015474099,-0.22526529701615786,-1.4749625100832764,-0.5378559455873209,-2.6227908929662287,-1.9434107782591648,-1.9325115482027952,-0.8007496822052492,-2.365604052419663,-1.7488234669195133,1.3872359576122313,1.6178465366787667,1.39054900071067,4.250500304610818,2.9813903809039917,-1.1031709505108866
-1.1063143461117866,1.0705975301045838,0.3721161110495649,-0.6349146179975259,-1.2737275831158508,-0.3923998537922313,-1.3742560025504744,-1.4317212147171792,-0.7873008751359677,-1.6141109393373394,-1.6751144198965007,0.1429824650095015,-2.241548473730227,-1.998508757709354,1.1572296217761733,1.413512486270684,1.39054900071067,-2.3219945865389215,-1.6626284048342344,-1.082550932744328
-1.084621907952732,0.9039239447578963,0.0895475371194138,-0.688617993450435,-0.8046965811161969,-0.11457881723652477,-1.2737049341238915,-0.48581150467148004,-1.7648599492202681,-1.3647436352410367,-1.8946398850704056,-0.330561602485287,-2.3359381994479014,-1.8573554892186965,1.0804158091434788,1.2840513632862864,1.39054900071067,-1.3913107840060066,-1.005022254639258,-1.0619309149777694
-1.0629294697936773,0.7689375128046088,0.07830122351791788,-0.5553951249348692,-0.5778553184039181,-0.09843117128386977,-1.1720686759506527,-0.4438216435526105,-0.21436192043376473,-1.1565279874884231,-2.27204465176227,-1.2670429696179255,-2.508883950361337,-1.6971110839261576,1.0429279034441237,1.207081873885327,1.39054900071067,-0.7388304439739738,-0.5439901798157467,-1.0413108972112106
-1.0412370316346227,0.5988327785310625,-0.2534333691344214,-0.9372219614796315,-0.15317928915407159,0.21574198712231438,-1.070156939433008,-0.36223465900379453,-0.17747339800394382,-0.971087428053855,-2.3558256277463023,-1.24739663100578,-2.5934481966617,-1.7227324793502532,0.970493576052583,1.1076086893895187,1.39054900071067,-1.0185553758362043,-0.7416393008758128,-1.020690879444652
-1.019544593475568,0.6047166444858932,-0.16872862403221617,-0.656704992362789,-0.13115086522221178,0.14240397573506527,-1.0239980909632103,-0.4612554683456892,-0.4868707853290101,-0.8884267513515733,-1.6804919005223176,-0.3615004568611911,-2.0711912110700936,-1.561356450001966,0.97081481963109,1.0832937758577506,1.39054900071067,-0.08432470235399861,-0.08152698892767615,-1.0000708616780936
-0.9978521553165134,0.5027438221125959,0.005992329350167237,-0.6886331500308428,-0.16151091616673827,-0.031830845111741245,-0.919866326160438,-0.5162860402406153,-0.3090622596246847,-0.7322932026719362,-1.9782186232107613,-0.8338476221075024,-2.292365314148909,-1.4874669802571028,0.9319931431247722,1.0046463400498995,1.39054900071067,-0.7596876162009362,-0.558727520999502,-0.9794508439115348
-0.9761597171574588,0.3886391046623857,-0.12102381031350723,-0.8758901106869241,-0.0005225961944644303,0.0869171602905955,-0.8656532658709806,-0.43873674543831526,-0.3555425474955127,-0.6540670051518332,-2.1001534468300376,-1.2892492738884318,-2.24323077501173,-1.367322912934301,0.8538414933107029,0.927333833763738,1.39054900071067,-0.7430942048557463,-0.5470028844219508,-0.9588308261449762
-0.9544672789984041,0.3116255777018274,-0.11426586772050329,-0.7283098261113998,0.0641518982795359,0.08577428550136053,-0.8136452414056528,-0.3943635134923903,-0.6711272957300101,-0.5826435735380271,-2.2748607019012885,-1.862551003134383,-2.279251442239695,-1.1782505521054343,0.8203549000322353,0.8793457430173284,1.39054900071067,-0.3785865049343137,-0.28944762815833575,-0.9382108083784176
-0.9327748408393495,0.28894657755920045,0.05436317683258184,-0.6999109065596434,-0.026051774981813245,-0.08015881195222264,-0.7641007107842803,-0.4920859304825771,-0.3523451826744479,-0.5113689672889352,-1.9577062984827545,-1.5039256748668755,-2.0812964440142374,-1.0473198567079627,0.7793780450878388,0.8287150748928291,1.39054900071067,-0.4114342116736371,-0.3126572874570063,-0.917590790611859
-0.9110824026802948,0.2911235212050228,0.24661391178450504,-0.7682121956694391,-0.15912658822686165,-0.27312200527932573,-0.6652577259206628,-0.5887325829140865,-0.029679736808533422,-0.3845995084541553,-1.192588347956068,-0.2636246486015095,-1.5575430478546348,-1.0041494171321197,0.7820455867017638,0.779822709030273,1.39054900071067,-0.3898268054353081,-0.2973898430323762,-0.8969707728453004
-0.8893899645212402,0.20131929894405148,0.042288272248263876,-0.8486024011837334,0.08604836555183934,-0.07379209419747047,-0.6121936593338196,-0.4479835593961355,-1.5169190222047775,-0.32192306133802695,-0.9664968686952018,0.22063000401187916,-1.4449114918351318,-1.0435362265187562,0.7413167805964659,0.7279573359604039,1.39054900071067,-0.4267818137122275,-0.32350165529048336,-0.8763507550787417
-0.8676975263621856,0.2307041856777302,-0.2649264313280888,-1.856530801696728,0.5875611696741183,0.19255305883964954,-0.6705203986067795,-0.427682231854784,-0.5795832578385672,-0.3933948794791089,-1.3808998525088454,-0.39553304375656256,-1.2919850187901714,-0.7629413807802538,0.8046017655621959,0.8008845330055127,1.39054900071067,1.1244120246860825,0.7725468689226618,-0.8557307373121831
-0.8568513072826582,0.3261339563963154,0.12089616634394865,-0.12706370599989927,-0.03817397025092665,-0.1245072897683073,-0.8601095393467509,-0.6668140916286147,-0.5479067390247193,-0.6456014485592309,-1.5334259336529517,-0.6741975869638742,-1.7010673375230425,-1.0898171543157074,0.7423333741993338,0.8549763332735498,1.39054900071067,0.8902846932475071,1.0822025557935342,-0.8351107195456244
-0.8351588691236036,0.12798192182931512,0.28388257768473574,-0.7977421103719827,-0.13091682584484027,-0.3111413549789214,-0.6508555299418407,-0.47500372477458774,-0.47851878468007414,-0.3757773317836693,-1.86092891957363,-1.6803272407292669,-1.787859229277602,-0.7862571703137663,0.6654544995760554,0.7005630255839218,1.39054900071067,-1.7014708771403102,-1.2241763693182233,-0.8144907017790658
-0.813466430964549,0.03317409197331149,0.36638402854952223,-0.9339385589066298,-0.17504060391414952,-0.3979680437388043,-0.5462420194184863,-0.4057707773634656,-0.5490819381058757,-0.24900782007061717,-1.8631204245614212,-1.8869116545410414,-1.829722505590959,-0.6745498910376757,0.5928941145777593,0.6022831302000179,1.39054900071067,-1.0037225799725666,-0.7311586867746963,-0.7938706840125072
-0.7917739928054943,-0.038299308200414245,0.3653731826397731,-0.7579023418151182,-0.11516481660575416,-0.3903470336383451,-0.49213168562072496,-0.5515310852782478,-0.0993305436011775,-0.18723445373719524,-1.8007690199872468,-1.942499334712167,-1.677173392879863,-0.5426190802656731,0.5509616616466665,0.5498449901934007,1.39054900071067,-0.43390140859118337,-0.3285322460953905,-0.7732506662459485
-0.780927773725967,0.7783582563047151,0.19318779117054677,-2.147554877847316,-0.8693430397324481,-0.2720824937119569,-1.3164477912900843,-0.5121521317679604,-0.38238467475114074,-1.4684110588856985,1.1986050499828125,5.262853316912533,-0.22222056543668592,-2.004060610294938,0.81088838040233,1.1324867511606216,1.39054900071067,7.460254696804988,10.366672037646666,-0.75263064847939
-0.7592353355669124,0.6573892930979918,-0.10759915375100419,-0.6349659979275489,-0.2700017270741394,0.08268217161608296,-1.1687055613775577,-0.44910957005886165,-0.08080383199030294,-1.1435486225069704,0.2565565579155511,3.1127533955179314,-0.7082012708726404,-1.624079514077163,0.8122262175837048,1.0576052498135786,1.39054900071067,-0.7128763811567738,-0.5256514580235768,-0.7320106307128313
-0.7375428974078577,0.43041879305718395,-0.06353651821776193,-0.6827386690859615,-0.08138694017439807,0.03724841591777024,-1.0062341630947458,-0.39284209413288446,-0.10006784918403816,-0.8709797942596652,-0.5482202269645531,1.419556499835044,-1.1671509089433776,-1.3678346154046768,0.6996405092532962,0.9021499239999566,1.39054900071067,-1.7144233477236908,-1.2333283759317275,-0.7113906129462727
-0.7158504592488031,0.19605841870998,-0.1359669337131458,-1.1403644365157286,0.10888136411463538,0.09177033946189926,-0.8025154828827537,-0.4680396760818591,-0.19669517963668381,-0.5670378846758527,-0.8548711819353809,0.3827666839793967,-1.2958127923422724,-1.0588089336040345,0.6263807078562269,0.753164998225753,1.39054900071067,-1.6339951246021454,-1.176499091882689,-0.6907705951797141
-0.6941580210897484,0.15372444550130132,0.3592105649659339,-0.7446770663632404,-0.23360507517909188,-0.3837465690366246,-0.698295313347506,-0.4311939289537917,0.5089240671589428,-0.43116473537554756,-1.1295923731585402,-0.2826448284846097,-1.4853804522836282,-0.9151776242187172,0.5920686405722307,0.6785577717678656,1.39054900071067,-0.7094670955102508,-0.5232425118241963,-0.6701505774131554
-0.6724655829306938,0.03102776863885144,0.34782621421411813,-0.9925680978674257,-0.2002266591053287,-0.38179418267642745,-0.5432785214943378,-0.46894956983250397,-0.4276568628037865,-0.24560062956666168,-0.965271861965174,-0.2603632286957728,-1.2925109245988813,-0.7080954422206934,0.5535641412700077,0.577225430310912,1.39054900071067,-1.0416650274772141,-0.7579682076502033,-0.6495305596465968
-0.6507731447716392,-0.040379811026891164,0.2727779743612139,-0.9137087515481734,-0.07193128533848578,-0.30450493770507514,-0.44264371608037956,-0.5005734076621073,-0.9070407938487335,-0.13157833169454244,-0.5084232659278088,0.3742802686104874,-0.9265108684772146,-0.6641466436700313,0.5553411468878203,0.5267319601107042,1.39054900071067,-0.4097288170767831,-0.31145228316625095,-0.6289105418800381
-0.6290807066125845,-0.12697151454019245,0.3798813967165013,-0.8768545695505987,-0.1548741334357295,-0.4091884347214949,-0.33551247155187663,-0.5335119832537546,0.8372819365566372,-0.02148048538040617,-0.7202274445730693,-0.02724472001466459,-1.114810570876646,-0.6368710874359066,0.5207810307647256,0.45213423709019457,1.39054900071067,-0.7093489660936478,-0.5231590434854825,-0.6082905241134795
-0.6073882684535299,-0.2105400120780814,0.3578563532938062,-0.7582137820110624,-0.09845350092454001,-0.3829144857471521,-0.2804991382160695,-0.6626464879972691,-0.4297858537596975,0.032783159020322965,-0.7737463502134515,-0.30106329152936684,-1.1005300337877333,-0.47033647888950275,0.48417959468707056,0.4012882921699029,1.39054900071067,-0.41411014052802486,-0.3145480555861479,-0.5876705063469209
-0.5856958302944753,-0.33587772450695164,0.14792207732160143,-0.7724681748875888,0.12609312257217542,-0.17554301784054985,-0.22542965772526347,-0.4316846142758632,-0.12866332727785265,0.08665930816341694,-0.8301215223260721,-0.6319960161010493,-1.0211615204595588,-0.3277998901711705,0.4442193333455419,0.34981282165109095,1.39054900071067,-0.421935255666198,-0.3200771556165103,-0.5670504885803622
-0.5640033921354206,-0.4287550035949188,-0.016251426132702924,-0.8602151718180399,0.2669784460349854,-0.01625425826702442,-0.12638446643687126,-0.46138688898825053,-0.9011030790572535,0.18402115488028004,-0.5160549367006775,-0.38169087146210107,-0.7010418008845649,-0.11229969695698976,0.44980653178690283,0.3035223628395631,1.39054900071067,-0.3574846380937587,-0.2745373897108992,-0.5464304708138037
-0.542310953976366,-0.40575949140141376,0.25411924212986026,-0.8946605126158707,0.04234754918871834,-0.28531002435104436,-0.06783254574244167,-0.7222984258903199,-0.4128737975385085,0.23491318815502826,-0.11174823266127089,0.687521258817163,-0.4940562302037586,-0.37556793790952897,0.40901673006543326,0.25075782719595807,1.39054900071067,-0.43795856440189235,-0.3313989668937586,-0.525810453047245
-0.5206185158173113,-0.4988531088047352,0.20799219972453065,-0.8921236833374935,0.0632141315437694,-0.23953290686018838,0.03732215493727443,-0.5593663706536175,0.46118058808643136,0.32623283612287574,-0.20044391797018496,0.2680492862029793,-0.5901968412891931,-0.2432423694260685,0.40768295925848186,0.19823874318339432,1.39054900071067,-0.4349075569793717,-0.32924317430353656,-0.5051904352806864
-0.4989260776582567,-0.5417038971434857,0.45977119142411366,-1.2538263361297093,-0.2446029370432285,-0.5024831479455095,0.15000680808445263,-1.5986307139341667,0.6564924750573461,0.42042287981164167,-0.27991886134105776,-0.008144459762465514,-0.6186926421725101,-0.1521448748202127,0.33728588544707805,0.10049925772391974,1.39054900071067,-0.9970051885107857,-0.726412286411316,-0.48457041751412777
-0.47723363949920206,-0.7121766709375302,0.0034884231796456144,-1.106025064210406,0.2074878184920476,-0.04504732791919409,0.20275820992510496,-0.4605455976646434,0.12710106177359562,0.46288517204888735,-0.4374015934515904,-0.40119700242429224,-0.48944755139044777,-0.005454753481121902,0.3403356662556816,0.07492340905863726,1.39054900071067,-0.09999835029574658,-0.09260173553272624,-0.46395039974756913
-0.4555412013401474,-0.7064816457368084,0.10280346110313762,-0.9566129719862154,0.11734395592613853,-0.1377848396169618,0.20142783537355086,-1.4541019923972658,-0.4913034529605823,0.4667931690318354,-0.049660043483175736,-0.11904222135668613,-0.2630415599116243,0.2167064564415805,0.30113175055468544,0.053054711477312,1.39054900071067,-0.053917803079289915,-0.06004196477985282,-0.4433303819810105
-0.4338487631810928,-0.770494576775106,0.15893497766293144,-1.1250231114750993,0.11344794632350201,-0.19970758761167962,0.26817360669037793,-0.37979954385548564,-0.6950842083521884,0.5113317763819691,-0.49083876849136915,0.6470499891878618,-0.8575767832571531,-0.5985146027057918,0.26675868765451766,-0.001428344410585781,1.39054900071067,-0.4593200766429964,-0.3464926665895914,-0.4227103642144519
-0.42300254410156546,-0.7240930122969813,0.28295157089832307,-0.2044665843807935,-0.0033620825580975297,-0.2879089364465986,0.31762015130070137,-0.519342177667555,-0.30448413156945714,0.5528234184219735,-0.22278672799988505,0.38023281139383713,-0.7519740372443001,-0.36691630386652957,0.2675231660438507,-0.02378723232842062,1.39054900071067,-0.06001095613267309,-0.2607245733456459,-0.40209034644789327
-0.4013101059425108,-0.8986696205653537,0.047123394569725405,-1.1857320563452869,0.10045734461415928,-0.09125845314317509,0.4283503308477755,-0.4444371108105151,-0.4557360503283777,0.6347729560274995,-0.30976103675717853,-0.005647980995709471,-0.7186592551254484,-0.21581154280793904,0.23086073435004814,-0.09983717576200217,1.39054900071067,-0.7274003240765664,-0.5359138416206082,-0.3814703286813346
-0.3796176677834562,-0.9440362518259193,0.050662620112970874,-1.014864570667707,0.12047386748610685,-0.0883379593455573,0.43476912091593234,-0.6673281600265003,-0.5843500423665052,0.6397936204410731,-0.4248913921087481,-0.3579357275803004,-0.7538990686356263,-0.12351028562408597,0.19077034902735177,-0.1276601929709937,1.39054900071067,-0.1279310549081456,-0.11233853367479958,-0.360850310914776
-0.35792522962440154,-0.9562899435592204,0.22800800160942886,-1.0692210257397121,-0.07542629250814163,-0.2660152978075219,0.4924412749287762,-0.4689004488284556,-0.9794654245568127,0.6821127118071271,-0.36935669802950116,-0.36323564670598263,-0.7340765756956547,-0.06767670656530887,0.1548032673578861,-0.17652162212244663,1.39054900071067,-0.38944225661481424,-0.29711812704384966,-0.34023029314821734
-0.3362327914653469,-1.0483434225559198,-0.044754592489244946,-1.1069574651365341,0.14288080340132273,0.002694872626311696,0.5440736207763833,-0.6391985802934734,-0.003753558141479349,0.7202413346819257,-0.22128727789842198,-0.18846081695831857,-0.5657616720356854,0.0029381353454710334,0.15531563053373232,-0.2269372724241005,1.39054900071067,-0.4087615018990398,-0.3107687938776939,-0.31961027538165876
-0.31454035330629226,-1.1328119415395783,-0.1233133792861347,-1.648586060841715,0.11588491283690071,0.060127037312921155,0.6562190030784011,-1.223187133211415,1.8120332884456765,0.7975609807185753,-0.15867030697398288,-0.13458202619198587,-0.5104224119099501,0.02164237737935177,0.12017808924418348,-0.30071041735760246,1.39054900071067,-0.6990993138373802,-0.5159168046684479,-0.2989902576151001
-0.2928479151472376,-1.0699522974293214,0.22603211262090211,-1.0417097878386752,-0.10433340725461514,-0.26302391181409684,0.6106550750067619,-0.5915069543293787,-0.30360295143189436,0.7658477824913844,-0.16500765120246536,-0.2403700411805164,-0.5421909497051043,0.06452342285914694,0.07850181790103784,-0.2774494608356689,1.39054900071067,0.507051822832919,0.33633011676756175,-0.2783702398485415
-0.271155476988183,-1.1456203807885177,0.035983594908680264,-1.000218997117797,0.04584680985193212,-0.07324989606172189,0.6636212825828275,-0.569332031306842,0.8710042355127784,0.8028849852126514,-0.13327844105806802,-0.2786842728208578,-0.47892267354595364,0.12172962643744793,0.07957940712007724,-0.3038668069895257,1.39054900071067,-0.11045831372226275,-0.09999257682745086,-0.25775022208198284
-0.24946303882912835,-1.0972681436581717,0.4398863587357005,-1.044868374444736,-0.33646260996529803,-0.4749323284892002,0.7235058456738077,-0.45178303460196695,2.2123167662306744,0.8427333382993809,-0.1101873443639474,-0.30857099821996936,-0.5150264718289594,0.11899657532554386,0.04482410502523097,-0.352411056380507,1.39054900071067,-0.3854996557880623,-0.2943323489478133,-0.23713020431542423
-0.2277706006700737,-1.1696678692690243,0.2822445934529667,-1.0092577462490768,-0.1941859961574122,-0.3174733274123863,0.731705940667161,-0.5404470228779357,0.2759790280217537,0.8479079697627074,-0.075820913829915,-0.33662519158525583,-0.4331322047330239,0.1835103837743421,0.008543912526082921,-0.3771831657567309,1.39054900071067,-0.09000772800374787,-0.08554252310676033,-0.21651018654886559
-0.20607816251101907,-1.246768238334689,0.12128658167402674,-1.037055877600588,-0.05958164234448428,-0.15911461148930783,0.7375060633425613,-0.5294587107743344,-0.30570812562063054,0.8518235737252557,-0.0993718310848518,-0.46941418561843834,-0.392522911078639,0.2500878396703169,-0.030973114004595653,-0.4030900791597576,1.39054900071067,-0.10411354385916392,-0.09550946487021436,-0.19589016878230697
-0.18438572435196443,-1.241213827891503,0.32431507429108347,-1.1666415433073332,-0.2827878873279652,-0.3650561382166422,0.845752072616134,-0.6115979464293162,0.02765213879872371,0.9214007445349269,-0.14057758074537793,-0.5747509528864075,-0.46598687075107875,0.2350157314094031,-0.030086644382895506,-0.45341069476243,1.39054900071067,-0.4075802036906755,-0.30993410763417656,-0.17527015101574833
-0.1626932861929098,-1.3561746982828726,-0.012547063166049172,-1.1233766508677752,0.033873552567150925,-0.02981916713071319,0.8479943579139777,-0.7191909800297099,-0.18717963876222915,0.9208849816587166,0.0073240389831301465,-0.5285768151714699,-0.07006139031129958,0.4479361513680735,-0.03192871199129195,-0.48168934204548525,1.39054900071067,-0.13359461775347706,-0.11634031575048792,-0.15465013324918972
-0.15184706711338247,-1.134468587393093,0.012155828318813726,-0.31442469361291003,0.22231576581006413,-0.023862558213720592,0.41696473027566705,-0.5482316300334107,-0.6291808391177566,0.6273038728403533,0.6612207273856474,0.7109057484972776,0.3167076828200859,0.4361946596504615,-0.03523060801340633,-0.2768222584613851,1.39054900071067,2.764448277242538,3.7307100208474595,-0.13403011548263108
-0.13015462895432783,-1.2563026603214131,0.2741930475742894,-1.2552029383639105,-0.15677667397365636,-0.3187483958935774,0.6465453560224401,-0.37366137376948017,-0.07340669140951558,0.7888543254707966,0.07685908513120356,-0.6474981417939762,-0.02288090022608752,0.6311778736241872,-0.10448909698958805,-0.4027126926990315,1.39054900071067,-1.3469264879081257,-0.9736610275429896,-0.11341009771607245
-0.1084621907952732,-1.4198963075841773,-0.07604738236259317,-1.1537440932163565,0.11380584258294763,0.03192612028995485,0.7062798646321087,-0.46384228274651285,0.10379199688401206,0.8298625009253519,-0.13298332061854404,-1.5649113268063708,-0.025278691498328128,0.9405363955042733,-0.14000481109937907,-0.47627624989930206,1.39054900071067,-0.6964941010423161,-0.5140760033652143,-0.09279007994951383
-0.08676975263621856,-1.3505945973432811,0.4010796210515763,-1.3590107299379657,-0.37990464392583256,-0.44831371031121503,0.8675429269381559,-0.5500997364775978,3.2545775861097317,0.9361428770785166,0.01866037490391978,-1.344336361852228,0.022460813311303916,0.9035921145096663,-0.1372112118786986,-0.5266169933677042,1.39054900071067,-0.4078303966410319,-0.3101108899338683,-0.0721700621829552
-0.06507731447716392,-1.3480984854499698,0.3246265632948693,-1.0873259677225777,-0.3001168502485654,-0.362381921193516,0.860927553727907,-0.6636272659000031,-0.7706491588484211,0.9355822306485859,0.6364503978993548,-0.3591763690875832,0.43416875779452985,0.9253725403848105,-0.14311965389856648,-0.5257426170068702,1.39054900071067,0.22878265042375198,0.139709611835704,-0.05155004441639657
-0.04338487631810928,-1.3263592088216076,0.400009725918317,-1.0663598114112203,-0.3481402209750008,-0.4362488714004473,0.8729395779120948,-0.4515047739495608,-0.30978919607351246,0.9396505694102806,0.9526182095507449,0.39674055502639605,0.5915843863042601,0.8089620654439518,-0.1748251751848092,-0.5509342228909808,1.39054900071067,-0.09522214419586258,-0.08922694540815508,-0.030930026649837943
-0.02169243815905464,-1.4261983837054046,0.1634256753937412,-1.1074531664405298,-0.17406102376207538,-0.2034942049814236,0.9270973765738388,-0.4851625859930469,0.27004683832934134,0.9743485338940451,0.8774460938034095,0.10186135336743705,0.5573125804374237,0.8909648375322904,-0.1785093104016021,-0.5783025478452685,1.39054900071067,-0.12227914932422627,-0.10834498843183801,-0.010310008883279315
0.0,-1.5221064134671283,0.046168186669623405,-1.3440544054972892,-0.0898840176078091,-0.0962662520961383,0.9436714449839508,-0.5363353899433201,0.5816982176424811,0.9832364959761827,0.6058005646340999,-0.2913297693735511,0.452258772769532,0.886394957548519,-0.2534200598097286,-0.6546065139945573,1.39054900071067,-0.7305578716056803,-0.538144913730198,0.010310008883279315
0.02169243815905464,-1.5570237985085404,0.11834905235816288,-1.1195177891845975,-0.11923836320331237,-0.15930646015562075,0.9522094895730958,-0.5382971137011404,-0.22545514556166704,0.9879014765463153,0.33901080783256093,-1.016829711600779,0.26914747841467923,1.03721217579054,-0.2902044827358983,-0.6531920443026195,1.39054900071067,0.23549610657419814,0.14445323157162615,0.030930026649837943
0.04338487631810928,-1.4674013649692637,0.449349017861182,-1.1096658046952685,-0.44084853172824534,-0.4867403696879838,1.0029836367616671,-0.6010895996040675,-0.687182590392214,1.0211553520161845,0.6894046561016615,-0.6119253206977919,0.5204104847210841,1.1102208717285798,-0.2875410074963855,-0.6761271047811014,1.39054900071067,-0.06717288352231773,-0.06940779063492998,0.05155004441639657
0.06507731447716392,-1.4934236553568576,0.25876698685698174,-1.1055219626997084,-0.283400181562962,-0.29784244057457243,1.0035038451718867,-0.6751985193617022,-0.17861922287660822,1.0208485490275936,1.1016528815341802,0.19384105710198293,0.7926713934675137,1.071937138555868,-0.2884925391086695,-0.6775423072303709,1.39054900071067,0.20032277865825132,0.1196003258936686,0.0721700621829552
0.08676975263621856,-1.4689511041743297,0.4188950533418362,-1.0580751477699215,-0.40285801391340054,-0.4546403259170699,1.0131676119094586,-0.8227006102753693,-0.6588591449385077,1.026699705313137,1.1550820234990298,0.3280848278326252,0.7989090596263195,1.0519084968614807,-0.32610650241478006,-0.7024192314711917,1.39054900071067,-0.09131059540992173,-0.08646310818285702,0.09279007994951383
0.10303908125550953,-0.9578454480856001,0.39823979924384834,3.1863579166877987,0.17700482377059412,-0.27457061932055793,0.11476149056383467,-0.46646783805638786,-0.7433245177386368,0.39316453935033335,0.7152240517096414,-0.12742235535342156,0.608848294911708,0.9383338983313128,0.19394618744271075,0.027193502972355503,1.39054900071067,9.287130032971476,8.67624551732985,0.11341009771607245
0.11930840987480051,-1.010109582429088,0.41069349386748694,-0.20960127439654727,-0.20960071905015953,-0.4146106950481302,0.11122483771385284,-0.6539112161442533,-0.7978413472074833,0.39208916679146705,0.8982296163467556,1.1827719724582815,0.3973663221545017,0.3795511835131937,-0.18943972481963767,-0.1994838137474409,1.39054900071067,-2.599725360097733,-2.522501313314562,0.13403011548263108
0.14100084803385515,-1.169571011919509,0.28974862414534536,-1.0601218155247554,-0.23523064080979156,-0.32681767886282204,0.3917035124084353,-0.49093986913282067,0.26791851225406094,0.6098729904610724,0.9765884423748121,1.2611980890516548,0.4440304617435942,0.42495770233159835,-0.22469925734150556,-0.35166040416387656,1.39054900071067,-1.673668083678976,-1.2045313642982507,0.15465013324918972
0.1626932861929098,-1.2844568739440647,0.15662749713521562,-0.9670191867523006,-0.12102718265356194,-0.1914805736479816,0.5071820903079711,-0.4728768811040378,-0.6113480300873142,0.6925908331105022,0.7933909461836609,0.7081401067833409,0.3929408030530228,0.5650901268955709,-0.25831190822672856,-0.4271947408824168,1.39054900071067,-0.720991240918232,-0.5313852869271956,0.17527015101574833
0.18438572435196443,-1.315029062435588,0.36420411546049264,-0.9574238780952856,-0.3087279633737223,-0.39669235241549916,0.6222157116479257,-0.5540877051477157,-0.4726493666123722,0.7737086539512147,0.6146941406084386,0.22520073030161306,0.24626092894831508,0.5957618592138243,-0.2971986467236301,-0.5034041198925535,1.39054900071067,-0.7293821366455797,-0.537314158388084,0.19589016878230697
0.20607816251101907,-1.4232865209312797,0.13176142508312838,-0.9943412328170617,-0.13411856741495976,-0.1678820238594526,0.6830009805958142,-0.6036524197534793,0.3739264507740603,0.8162179631335718,0.5732131969837871,-0.02227346759495358,0.2886136210168323,0.7465639745439474,-0.3306161116371016,-0.5521270699301117,1.39054900071067,-0.38772093660335577,-0.295901870112217,0.21651018654886559
0.2277706006700737,-1.4177969076558836,0.30526971539471576,-1.0215660085364078,-0.2878001173248487,-0.3407390161799136,0.7444086717204513,-0.5647636756603837,0.13289615248044387,0.856685036013779,0.6726102144719899,0.07205503105236426,0.3477243013746075,0.7665001037152899,-0.36721754771475656,-0.6011451596057604,1.39054900071067,-0.391389574789516,-0.2984940706291804,0.23713020431542423
0.24946303882912835,-1.4937561969781838,0.08290199894325537,-1.002596508289296,-0.11258589082328264,-0.1198047439212688,0.8005013359581826,-0.7818883427746662,0.008836981187249446,0.8932754531796461,0.7633191455435899,0.15732511330876076,0.44771038940295355,0.7946698938953773,-0.36791289773911745,-0.6536113522420596,1.39054900071067,-0.4342501077667268,-0.328778631303545,0.25775022208198284
0.271155476988183,-1.5210524185474938,0.11138052527369759,-1.201646847143447,-0.16585392127466958,-0.15549371033489898,0.8637547845541943,-0.984793791845056,0.12351766209350426,0.9332872420744275,0.8098669253330836,0.25476703836621956,0.47716402571298727,0.8025865815354548,-0.4031764966353977,-0.6774786510438237,1.39054900071067,-0.07876077166069767,-0.07759560532218157,0.2783702398485415
0.2928479151472376,-1.5252307335541968,0.2013933755620987,-1.0365920417837404,-0.23173817745534156,-0.23843058890883556,0.8712835018027585,-0.9761626576361475,0.3215481252710784,0.9382737175293969,0.8306393969720844,0.15398028943696854,0.48977919191349095,0.8536227046551462,-0.44129875674294217,-0.7038302779613679,1.39054900071067,-0.10964141192804248,-0.09941536720746763,0.2989902576151001
0.31454035330629226,-1.570627793618484,0.07102623172414936,-1.0578368245327787,-0.13232215472286407,-0.11012096631272564,0.9274545295146405,-0.5556185843583593,0.4189745131050257,0.9733935868117485,0.9240107115310147,0.22906283119309429,0.5840019795638747,0.9068564823506852,-0.4382489759343386,-0.7526735992873866,1.39054900071067,-0.3892171731245552,-0.2969590866833116,0.31961027538165876
0.3362327914653469,-1.6109799154269437,-0.0002243818979299432,-1.0532416958624087,-0.07397141307416753,-0.03938542438882392,0.9354131013904318,-0.4305464090843237,-0.5820020684450711,0.9775373280708325,0.9535893621098204,0.2191379435944281,0.6464205689034954,0.9545574114843701,-0.47681853722714546,-0.777581307252183,1.39054900071067,-0.09169324257320532,-0.08673348049110706,0.34023029314821734
0.35792522962440154,-1.5665264933442433,0.32011447214726174,-1.2205639703775144,-0.35035705756506813,-0.36292386763230505,0.9987723725080307,-0.534918987698334,0.22519599602291152,1.0176281412122297,0.9307477911460265,0.18943093695477273,0.571794001592933,0.9024655603217809,-0.5159533245631456,-0.8041750122536723,1.39054900071067,-0.1126504855602393,-0.10154153005841315,0.360850310914776
0.3796176677834562,-1.61868289223847,0.07854837392009277,-2.242422001999772,-0.3315150702091735,-0.16211735989499867,0.9886025935504205,-0.5472200499743033,0.45321793376240194,1.0127272447406763,1.3552744600895064,0.31489114640875093,1.1849667825899504,1.3803942424204503,-0.4778961264461849,-0.8031521346237945,1.39054900071067,0.2306285476059513,0.14101389298504866,0.3814703286813346
0.39588699640274716,-1.3549050800991178,0.3729769434418119,-0.47951393918895013,-0.39509790040448417,-0.38740846122094214,0.7586695277926472,-0.8170761710039203,4.049903911685976,0.8691446353146456,1.794668790902023,1.8898178112977864,1.135860364973186,0.8251503306708831,-0.4449178299691512,-0.6515973434055139,1.39054900071067,2.10176700260772,1.906830158728522,0.40209034644789327
0.4175794345618018,-1.4622114180815255,0.35046962208735416,-1.224569285851459,-0.414096489202998,-0.3931365820821922,0.8845243032013502,-0.5434722714409027,-0.8007475627143236,0.9477195863177066,1.6812769523715154,1.4801774941480308,1.1104491193103845,0.9549569768292923,-0.5178604541621018,-0.7510075492843459,1.39054900071067,-1.0177725404276978,-0.7410861620140176,0.4227103642144519
0.43927187272085644,-1.6187408467120266,-0.050008978137340905,-1.4346035134281718,-0.1062373976549344,-0.004422749908432841,0.9499881584776811,-0.42758100153690887,-0.07218079660237091,0.98750985945418,1.5673774960328666,1.1476733969428228,1.1198884256928083,1.0764109829904847,-0.5563649534643489,-0.8304557194864697,1.39054900071067,-0.7696408871163862,-0.565760341545809,0.4433303819810105
0.4609643108799111,-1.6111120608093894,0.27265029687749587,-1.276591797023162,-0.3250780126600813,-0.3180248772503401,0.9200908009212825,-1.574106271118614,2.243359858585784,0.9670742876800061,1.3151979932713793,0.633206141171489,0.919836581185718,1.105785660647112,-0.6711790349722447,-0.8558368611457224,1.39054900071067,-0.09757810758604038,-0.09089163110570626,0.46395039974756913
0.4826567490389657,-1.5984947685637927,0.32002455282645964,-1.0989204949006088,-0.3779188674446036,-0.3582603573847816,1.0657448056821224,-0.5737219938164309,0.16429063109111486,1.0603686970752644,1.3659538130312585,0.4743370396012246,0.9839474490480284,1.1771825850059876,-0.5942960939745541,-0.8789569749574389,1.39054900071067,-0.0694731293624626,-0.07103310721111072,0.48457041751412777
0.5043491871980204,-1.555779080712535,0.47522361451161,-1.3914466273549884,-0.5545657182031433,-0.5229616635206149,1.1312352353739397,-0.47259546986971473,-0.6454217956288978,1.0978482281834447,1.7035295176486653,1.2079703965618687,1.1418809402963994,1.0908590971250904,-0.6271442664704201,-0.9257992710639731,1.39054900071067,-0.36434407380394357,-0.2793841562470786,0.5051904352806864
0.526041625357075,-1.576260773988489,0.3705513151490198,-1.1367364651089158,-0.42368478643562707,-0.40972140702478005,1.1349952245200536,-0.564306536265079,-0.6729840016844445,1.0978653154308078,1.901133871876496,1.5154731065884377,1.2961117716689952,1.0961198836737136,-0.6284129752867968,-0.9288246499807566,1.39054900071067,0.18030799882929122,0.1054582055790127,0.525810453047245
0.5477340635161296,-1.6735065528169653,0.18940074886549566,-1.0625625132614989,-0.24728814130276716,-0.22753037399698758,1.1446914699608868,-1.457864947769261,0.7445363128009623,1.1030883309778265,1.6530688484538323,0.9522776177263639,1.168160161232676,1.1685960496455998,-0.6639327557710021,-0.9538823909089332,1.39054900071067,-0.09355817898839405,-0.08805121445511607,0.5464304708138037
0.5694265016751843,-1.7060149297130098,0.18823911700448742,-1.1164631978559236,-0.24766003785234839,-0.22840691697859306,1.1504123064750147,-1.652265005430403,-0.07544868158032525,1.106831563250269,1.4852019321689778,0.5086189613874196,1.1169290629310393,1.283210976916425,-0.7041532650748661,-0.9801980239419361,1.39054900071067,-0.10919400154239957,-0.09909923425182462,0.5670504885803622
0.5911189398342389,-1.7511332058851217,-0.033134268081771875,-1.436024603059833,-0.12839483271955113,-0.02118798745844219,1.2044647430068272,-0.5082148957146723,1.3530895281448097,1.1411632637857505,1.808627886274955,1.0657957075457383,1.3621503340965773,1.2905625187374836,-0.7042142606910377,-1.0289782787912054,1.39054900071067,-0.3884332456034412,-0.29640517615237866,0.5876705063469209
0.6128113779932935,-1.672187644389111,0.17709075704292837,-1.1164074770401091,-0.2719928115516573,-0.2173640910390725,1.2072717958645087,-0.5391817606965436,-0.05991834571213703,1.139748718475052,2.1151528019031005,1.6740488292122913,1.4916710433339233,1.2111542654887444,-0.7039621454775269,-1.0053263317772048,1.39054900071067,0.511911904179169,0.33976417178716717,0.6082905241134795
0.6345038161523482,-1.6967647182559924,0.18567602642309136,-1.0822492110604591,-0.24624619659265268,-0.22458193843754568,1.2172187686476528,-0.5443462906850836,-0.3813324392367266,1.1453413938641315,1.952524511891569,1.3970120430538606,1.3806151465471985,1.223765009650739,-0.7411288075983751,-1.028600745553453,1.39054900071067,-0.07139110536076397,-0.07238831808828809,0.6289105418800381
0.6561962543114028,-1.7453763191701521,0.14616787414226629,-1.126210182004546,-0.19474912944928732,-0.18710838166457958,1.227863717053483,-0.6455030521588957,0.4546246075050005,1.1522006362083226,1.7347629736231944,0.9248038887519263,1.2782203653137303,1.285253119458415,-0.7788728948856534,-1.0550258874875398,1.39054900071067,-0.11055521665684785,-0.10006104687665737,0.6495305596465968
0.6778886924704575,-1.7807363598957833,0.1511537232047341,-1.1222095755888506,-0.18401699410748,-0.19189565127555294,1.2332334075524283,-0.5305094660910527,0.8749588890319104,1.1563294622210938,1.545947047646656,0.4229658515379186,1.192569349156713,1.3911216443517942,-0.8148969057968782,-1.0788271517141272,1.39054900071067,-0.07793995014832313,-0.07701562609262506,0.6701505774131554
0.6995811306295121,-1.6920981778990642,0.4060804674312753,-1.2454055385683638,-0.419223375135684,-0.448994101451739,1.289080231225912,-0.5108795742675123,0.1683246252677548,1.1875668081535724,1.828476698623008,0.967934934733109,1.3178904756206,1.320474782157401,-0.8176254430269748,-1.1038297769857637,1.39054900071067,-0.092873081576376,-0.08756713568378305,0.6907705951797141
0.7212735687885667,-1.7351558243068317,0.1075122092847184,-1.3334317719176938,-0.21590238230124872,-0.15661857308005514,1.2872836569221815,-0.5282437324657686,-0.33072551909964154,1.1879493762933617,2.2945563833842857,1.830863449837006,1.651575905629829,1.3074984053916103,-0.8138803121940104,-1.1270156441879091,1.39054900071067,-0.07029045569842579,-0.07161061680543583,0.7113906129462727
0.7429660069476214,-1.6504959119479927,0.21128661117575273,-3.1526496438272376,-0.5249135158251517,-0.3278036350979275,1.100825888642214,-0.518427305572356,0.39153560120072334,1.0796778970086578,1.9789835556828839,2.1665027356478213,1.3216302204742296,0.9226958002545886,-0.7461507799965428,-0.978648496934692,1.39054900071067,2.062144021263089,1.4351331592453034,0.7320106307128313
0.7538122260271487,-1.503568023998683,0.24227336325608617,-0.3090297904096322,-0.29008915476533564,-0.2515555953766237,0.9225191844088158,-1.1736145938528828,-0.3451117150173259,0.9733614171616463,2.199521560988367,2.2262397727519803,1.4783991272778982,1.0112342197414688,-0.7078983959078305,-0.877854908583672,1.39054900071067,1.470796224100355,1.90256270799343,0.75263064847939
0.7755046641862033,-1.6655389157983338,0.05955913639165681,-1.1257755237492304,-0.14054969565043987,-0.10131944370845121,1.055939716889343,-0.4343830104259951,0.4727153948793535,1.0517519384246465,1.8879500803243923,1.4893017569914906,1.352207833225739,1.1404824576823867,-0.7803327232993712,-1.0047834491555243,1.39054900071067,-1.3598303342488058,-0.9827786770515637,0.7732506662459485
0.797197102345258,-1.6733808258257872,0.27691790493653795,-1.1631102100619126,-0.2854438780875335,-0.31798375716174054,1.1796441344513442,-0.4520855161674784,0.15201152348294342,1.123320470744753,1.5296523812143912,0.6987834798535099,1.1053180371718971,1.2089251762220807,-0.8150880253942175,-1.0549888098454578,1.39054900071067,-0.4061475646295474,-0.3089218280016662,0.7938706840125072
0.8188895405043126,-1.7751695628773172,0.010994872789137538,-1.0952460828065063,-0.03460206191607809,-0.05207595956497317,1.187684771534067,-0.4582824773576229,0.5714730812902891,1.1279275940650366,1.4827857153413984,0.4206820715423694,1.1623468293792178,1.3483735116384368,-0.8586104307201959,-1.1075831288433662,1.39054900071067,-0.43584274122625033,-0.3299039603950482,0.8144907017790658
0.8405819786633673,-1.721190578630806,0.2555558407302251,-1.141657572170059,-0.22634432512968378,-0.2960211920338782,1.3040693676861455,-0.432437840529154,-0.2766798161886178,1.1912939175454786,1.4562705785062637,0.383443074609636,1.0906657157665813,1.2943045708839123,-0.852767050690912,-1.130740864621263,1.39054900071067,-0.06994077709240681,-0.07136353954752733,0.8351107195456244
0.8622744168224219,-1.7701875009474421,0.1964506429057133,-1.1283001351010444,-0.15331150459150727,-0.23698429996756323,1.2633614817598409,-0.5082138323628481,0.11281106197891763,1.1713179046060793,1.449182491388587,0.2911476122678719,1.1226860874648967,1.3689846455967227,-0.9316140505293421,-1.1551563847475093,1.39054900071067,-0.08557526021423888,-0.0824106129230855,0.8557307373121831
0.8839668549814765,-1.7948392247564118,0.11731856106619645,-1.1640664005036743,-0.07516705923936196,-0.15996118860654376,1.322377326434089,-0.4550955442742291,0.3177385548527586,1.2031136807563663,1.4321284267014553,0.22948929605599602,1.120375602089558,1.3702939237726879,-0.92773879571521,-1.2051175578725903,1.39054900071067,-0.40311226977454473,-0.3067771376579977,0.8763507550787417
0.9056592931405312,-1.8108082033953334,0.11597028332758676,-1.1396507143445773,-0.04793606923862836,-0.15770776437786393,1.380665569968885,-0.49427515548237316,3.979973623794365,1.2344933244650114,1.3121295935495487,-0.07269287816916271,1.059705977067728,1.4011127174193116,-0.928503274104567,-1.2328406454079521,1.39054900071067,-0.1266889112944269,-0.11146085505014534,0.8969707728453004
0.9273517312995858,-1.7870298315769575,0.2958304320176725,-1.4221396663148516,-0.19880871685554927,-0.34645461958592344,1.4476424317686936,-0.3763868625146997,-0.28623248589000294,1.2702956711567772,1.2284527269565986,-0.18129278063779813,0.9731389564335229,1.3810466040862288,-0.9673249506108847,-1.2583193713273009,1.39054900071067,-0.09879109729244498,-0.09174871005012518,0.917590790611859
0.9490441694586405,-1.8607157052336676,0.051234639969187055,-1.2360437786130367,0.03483125823634276,-0.09722200294805644,1.397120458030313,-0.43367446545901,-0.1255631975028944,1.2450767596532177,1.2971648028151002,-0.17640971111643355,1.0790896114149302,1.4832772323626038,-1.0028406647206758,-1.2792196165965524,1.39054900071067,-0.041879768620287035,-0.05153608396946094,0.9382108083784176
0.9707366076176951,-1.796490517190804,0.28524996308847056,-1.159988642809251,-0.1359370957308547,-0.3261179872839544,1.457384044679001,-0.42522595057547924,0.24080774889621734,1.2761706630945202,1.325157526071832,-0.10874114467525194,1.0544451065283138,1.4228016152984702,-1.0013808363069578,-1.2809182394760337,1.39054900071067,0.19679981231005086,0.1171110547457203,0.9588308261449762
0.9924290457767497,-1.7754809470609911,0.38189482411603853,-1.1648912860608054,-0.18116953240087838,-0.42201417757416043,1.5164809654440752,-0.40822192692666814,2.0194805256553288,1.306372645623688,1.2510743659890482,-0.25759053176261126,1.0065475994834288,1.4246601869925433,-1.0025844831327526,-1.307701541258353,1.39054900071067,-0.11500720726196288,-0.10320675156665216,0.9794508439115348
1.0141214839358044,-1.7378980441924732,0.30799745647374077,-2.5885215067106033,-0.31463991557062754,-0.4023665075262297,1.5065870527655083,-0.4852314745232625,0.10246835333818993,1.3008761032364182,1.6623826663492078,1.1544508364968975,1.1087219609918688,1.0486677865767802,-0.9672598886203009,-1.2824671792143678,1.39054900071067,0.5315816044028246,0.3536624644235669,1.0000708616780936
1.0249677030153317,-1.6263279103622903,0.23172870462385842,-0.29436456942846323,-0.11608024015678384,-0.2405612454666294,1.2641713137632349,-0.41889083072483546,-0.23288467039889058,1.1708297830668235,1.4538304284451804,1.4552400487009287,0.7103437147213222,0.5879740355508501,-0.928247092516644,-1.155046103821176,1.39054900071067,1.8017806232019418,2.370299174181893,1.020690879444652
1.035813922094859,-1.6219907301842071,0.46203400034168357,-0.6118594869636766,-0.2655116433655857,-0.48058265143565077,1.4477812951174491,-0.37131552367790516,0.02433033637608982,1.2710172215583153,1.1926532388004385,0.9539791170981055,0.5077790287043359,0.5909960868298385,-0.9670687690229616,-1.2579234769334355,1.39054900071067,-1.060870045705733,-1.6751063236039887,1.0413108972112106
1.0575063602539136,-1.7478478695732704,0.22562343258547043,-1.1359967379049394,-0.05361367114511814,-0.2661648815619786,1.5182458737476974,-0.4275382115274698,0.16447948696576578,1.306670559583685,1.0262724004136612,0.4031623348998861,0.44963616641682697,0.7322092992572664,-1.0023933635354134,-1.3342605875365796,1.39054900071067,-0.7309698630611777,-0.5384360202415758,1.0619309149777694
1.0791987984129683,-1.7329412315380714,0.4262186146199135,-1.1404302022401025,-0.16647765904917078,-0.464990183287332,1.5837926175827515,-0.45659172558297095,-0.2285118528499585,1.3410223179259357,0.69663021705751,-0.2426107034680619,0.22897601451859062,0.7601719624726053,-1.0412801020323148,-1.3578064435514523,1.39054900071067,-0.07476518065744939,-0.07477238522289019,1.082550932744328
1.100891236572023,-1.79604562096918,0.058239215248795016,-1.2358762884024754,0.08610726571075336,-0.10415265552456775,1.58208154854539,-0.442820698812961,-0.23490394808478496,1.3410819237734328,1.1601904284430087,0.5099871013163946,0.6153251261868519,0.8430470431823909,-1.0389297376224844,-1.380908184714646,1.39054900071067,-0.06924475407411662,-0.07087174091918205,1.1031709505108866
1.1225836747310776,-1.708533535997465,0.28166091269975185,-1.1589593898930806,-0.0804121257833186,-0.32252488107472843,1.6423496247348577,-0.5130450809299264,1.236417942213663,1.3700710219345522,1.3885578834154662,1.0663759474388277,0.6803317083270791,0.6823566864816417,-1.038104263616956,-1.3817268750761913,1.39054900071067,0.20773752998644107,0.12483946948068725,1.1237909682774452
1.1442761128901322,-1.8046030432498776,0.05190103493683444,-1.2556271264144754,0.14790243270118786,-0.09861840518139957,1.6531387073314598,-0.515513546180417,-0.48716445207058984,1.3747982643083274,1.146654427672918,0.5170629183509892,0.5885350030056604,0.7712111856892421,-1.0757182269230665,-1.4332569543234654,1.39054900071067,-0.42261405187205703,-0.3205567820572876,1.144410986044004
1.1659685510491868,-1.8113703733066628,0.19964790820743758,-1.3660450492174503,0.08537178839951129,-0.24909120517703318,1.723049700699432,-0.4265315520021493,0.3412354556630308,1.4077703849349228,0.775038019283337,-0.1286846588894829,0.35520678410674367,0.7941633969601901,-1.1159387362269306,-1.482503524808762,1.39054900071067,-0.39422963188419474,-0.30050080912327537,1.1650310038105625
1.1876609892082415,-1.7731319571882536,0.38413459765687136,-1.2092305326148005,-0.004649908607825843,-0.42589972553504246,1.7794397654729412,-0.510478902010905,-0.20425681650062982,1.4378028835915457,0.5946557058759544,-0.5894825167126183,0.19443360809959176,0.8191313325409938,-1.1137754250400271,-1.4827208067512168,1.39054900071067,0.21521314358422186,0.13012161736486105,1.1856510215771212
1.2093534273672961,-1.768070686401528,0.2663220833477995,-1.186842981819535,0.050392297057640804,-0.3083827124744106,1.7784670406026113,-0.4841549626763212,0.2800451468765054,1.4383936488331925,0.9833856672755207,-0.004635224224041939,0.4947759568743442,0.8797055264529254,-1.1139014826467826,-1.507556612504364,1.39054900071067,-0.09079948529603614,-0.08610196602759089,1.2062710393436797
1.2310458655263508,-1.7529171018976204,0.32348704470597545,-1.202029344544339,0.04011917229709218,-0.3655668772608649,1.7921348258168572,-0.523535966925646,1.5479946189250944,1.4439624135416045,1.0379562082292237,0.27545227523546306,0.49888669328742125,0.7919083208673088,-1.1470708987211555,-1.5071213235305658,1.39054900071067,0.22332471611996796,0.1358531235678721,1.2268910571102383
1.2527383036854054,-1.7735785817024408,0.3286634810206647,-1.5228144780717463,0.07914662556778781,-0.3827566117787129,1.9097982135211014,-0.5291551000763464,-0.050567076065591285,1.4983303534140797,0.7118252960490694,-0.30834230560873926,0.283312849300233,0.7741011004963809,-1.1473840095508379,-1.5568954140111897,1.39054900071067,-0.4007867992350226,-0.3051339977164526,1.247511074876797
1.27443074184446,-1.7702716654362107,0.4835467125561727,-1.262255496048121,0.042452767033933005,-0.526346115901955,1.9225787158759218,-0.540888266457989,1.353258060472045,1.5041387432414568,0.4178396214538319,-0.9322535932699066,0.08575006801973234,0.8390411502576213,-1.1881778776467198,-1.5839190017306002,1.39054900071067,-0.11799400419006513,-0.10531717405811272,1.2681310926433556
1.2961231800035147,-1.879587289094713,0.10071729195495853,-1.2517430444258626,0.3623308604902143,-0.1468173135130218,1.9201121611718563,-0.5988126651226319,-0.045745776860214436,1.5025366500942177,0.39857867073177855,-1.2700828851483503,0.17774916876384814,1.0099343615836056,-1.188368997244059,-1.6073449241110638,1.39054900071067,-0.0732743842539441,-0.07371901255112205,1.2887511104099143
1.3178156181625693,-1.8262753010772452,0.11319737820371467,-1.1572992744864803,0.3301721701602022,-0.15562531191541537,1.9201392316658934,-0.45618351596445855,4.45009232244335,1.5041879012276183,0.8225977088465056,-0.46164262497933306,0.5089740628414818,0.994924084574516,-1.1833510912203036,-1.607481961447119,1.39054900071067,0.21621059831167105,0.1308264027726725,1.3093711281764728
1.339508056321624,-1.7672090105685199,0.36362270269363717,-1.4347353508075207,0.13359130524884996,-0.41406607098131915,1.989036605326752,-0.6536104531591446,0.2084432433605011,1.5363013545543673,0.7276677602745887,-0.4049354419843359,0.3028041877896185,0.8200904371119297,-1.2247752473499625,-1.6321870300281884,1.39054900071067,-0.08917439899811071,-0.08495370628437315,1.3299911459430316
1.3612004944806786,-1.7708134974235032,0.4826327120460989,-3.0804340768250342,-0.09192027275851433,-0.5938143840252174,1.9775531110880764,-0.5282320889469373,-0.5206042666639384,1.5300173558374894,0.5824932266551658,-1.1758257253664175,0.3745802489787013,1.1639123648143357,-1.1843676848231715,-1.6065017145070126,1.39054900071067,0.5371870363173836,0.3576231721220193,1.3506111637095901
1.3774698230999696,-1.5711950653359346,0.4184622580334092,-0.3922841032529127,-0.00022450931886040364,-0.42917432944800005,1.7071943738762794,-0.8220229641321392,-0.22500522441810614,1.4043447436689371,1.4137015733309513,0.13694591287105135,1.1030057830214852,1.3193233863363716,-1.077495232540879,-1.4318247201681102,1.39054900071067,2.389180099219615,2.177605430937591,1.3712311814761489
1.3991622612590242,-1.657211443352713,0.3513732890098966,-1.295159373767972,0.07759243307536123,-0.3966860975811401,1.9078444063945852,-0.4612441122822344,-0.5317952626261765,1.4979806502196775,1.441473460617832,0.04144828130496358,1.1208648560244447,1.3629160852943192,-1.1513283927299662,-1.5579700058389758,1.39054900071067,-1.3500943365432847,-0.9758993782478174,1.3918511992427074
1.4208546994180788,-1.6517085594134582,0.46205048922081793,-1.2526483738911907,0.07689854640718935,-0.5046961429412105,2.03786640014813,-0.4178120037233724,2.6039971270302398,1.556306513307459,1.2306118702724924,-0.3288176520725832,0.9774678063219404,1.3465880409620576,-1.1855713316489662,-1.6327217089316288,1.39054900071067,-0.7112629657726746,-0.5245114447596528,1.4124712170092661
1.4425471375771335,-1.699469036901136,0.31134687308136816,-1.4043348396258872,0.2584588251916177,-0.3611517018022148,2.1555055406182633,-0.5211010107130785,0.5053543788158168,1.6086376949104673,1.161524451993295,-0.5663432612320082,0.9750173184370988,1.4017977868324252,-1.1848109196340215,-1.7088751304086638,1.39054900071067,-0.728686574558195,-0.5368226854460881,1.4330912347758247
1.4642395757361881,-1.7699764974748315,0.1158569705029345,-1.300545353316712,0.4845381029916326,-0.16364606265821924,2.1691121296975773,-0.5222529335229924,-0.3061630609157895,1.6147633482616464,1.137201662760993,-0.773769223390243,1.039265317187795,1.5129888751999254,-1.2186146901165837,-1.73292069883685,1.39054900071067,-0.0809766948188244,-0.0791613408525195,1.4537112525423832
1.4859320138952428,-1.6834043758966346,0.3998768160762125,-1.2389952064770113,0.3055441747233357,-0.44260927840973585,2.2877367552763923,-0.5097503859478856,-0.39731095313246156,1.6637859869172293,1.0731892233064375,-0.8526568432980624,0.9355526817875186,1.4441538730412895,-1.2195011597382839,-1.7587312535637305,1.39054900071067,-0.10291578837919561,-0.09466315018426709,1.474331270308942
1.5076244520542974,-1.7414633761765104,0.21680258621163384,-1.321856356219548,0.48437519824180963,-0.2644185308611456,2.301193938345687,-0.5772823707857315,-0.1901437989855679,1.6692052574501053,1.1051552536935052,-0.760876276068206,0.9953856170932245,1.4665415943170719,-1.260929382242355,-1.8098195457100918,1.39054900071067,-0.4171225596446885,-0.31667658230241336,1.4949512880755005
1.529316890213352,-1.7478868003416492,0.18044859907564847,-1.232656312007494,0.5712316759868123,-0.22506110659981587,2.3616728552873725,-0.5090139903003849,0.0962344693327507,1.6927939577035884,1.0568571460825757,-0.9659269056161236,0.9822564776606489,1.4928794458852017,-1.260351957075925,-1.8361713523826417,1.39054900071067,-0.10964364631473052,-0.0994169459890386,1.5155713058420592
1.5510093283724067,-1.766058767282664,0.14876763288748218,-1.179116798329795,0.6385841957916326,-0.1916726193246377,2.37355149657424,-0.4926928432566102,0.7075961316421445,1.6991930510985511,1.0804853863389876,-0.9914732475222192,1.032514430918819,1.5447641794594573,-1.2965711539589015,-1.8588520905537675,1.39054900071067,-0.06401161201572692,-0.06717408722296939,1.5361913236086178
1.5727017665314613,-1.7029303806723957,0.2967262823727126,-1.4295109254292704,0.5295366620942985,-0.3476190207483572,2.4921251891629446,-0.5139959178824283,0.36248808575408337,1.7467585084682704,1.0991245324836276,-0.8512247137409373,1.001499624779569,1.459646164082732,-1.2932651915623747,-1.9083369441105222,1.39054900071067,-0.39719153283631203,-0.30259364052001797,1.5568113413751765
1.594394204690516,-1.6912540305374664,0.3353491682113471,-1.3258432982757706,0.535642006814779,-0.3819705613312823,2.5065058685655015,-0.433582459973575,0.9412912249515362,1.750870290736396,1.1436620459295788,-0.7741819972656516,1.0040435492871438,1.4442128823160816,-1.3301187428535406,-1.934325872015699,1.39054900071067,-0.10513299870553462,-0.09622979520688411,1.577431359141735
1.6160866428495706,-1.6728005913098856,0.3629499918017088,-1.2337290292510097,0.5635969282480006,-0.4058409191452924,2.5680414777727987,-0.43752399602062425,0.31304358202003946,1.77402593156766,1.1901723389063494,-0.6614358074045303,1.0383752385523721,1.4236746701371223,-1.3333596432594834,-1.9607827017631894,1.39054900071067,-0.11094910181249919,-0.10033935976888328,1.5980513769082938
1.6377790810086252,-1.711569519393897,0.22161315374188867,-1.2981543659020909,0.7350353243627786,-0.26829133152378504,2.626873351777041,-0.6694514261906309,1.4818826920609833,1.7969743876700237,1.1127068577439878,-0.8581223540326778,1.0401040423537862,1.4663614931244973,-1.3317086952484263,-1.985159075903374,1.39054900071067,-0.08508866864615999,-0.08206679517646648,1.6186713946748523
1.6594715191676799,-1.6644898569039712,0.4071120325092908,-2.4930547842975432,0.559053797545408,-0.49693413317932505,2.8197266187111127,-0.928270546722753,0.4492077246536762,1.8680869481860594,1.0249671666094335,-0.8705580446039628,0.9267918202671397,1.367153402248352,-1.366846236537951,-2.084947652778758,1.39054900071067,-1.022475759200567,-0.7444093804716136,1.6392914124414109
1.6811639573267345,-1.6289049223211196,0.44936487010480947,-1.3552949525183555,0.6203820334007979,-0.4959930663504357,2.7585444854954484,-0.4937973935576786,0.3117777149071986,1.844943414207556,1.1617047330615606,-0.6923761627597338,1.0226217442681869,1.3838976227365123,-1.366846236537951,-2.0341209002015463,1.39054900071067,0.8496995698269466,0.5784394831930693,1.6599114302079696
1.7028563954857892,-1.7171783768362665,0.11249239290448083,-1.2599841789386592,0.9450331226109513,-0.158788645964857,2.7590540905466554,-0.6450062980267708,-0.6982732765345223,1.8451766580019684,1.263164462413255,-0.6681509787852051,1.187477621158649,1.4915932585159253,-1.3705263053803316,-2.0610334806036312,1.39054900071067,-0.11661416349526695,-0.10434220089889891,1.6805314479745281
1.7245488336448438,-1.5682172442885993,0.3849698614775471,-3.7997955621162305,0.3456301889038159,-0.5241463189529992,2.6226095108077545,-0.41065820306099415,-1.1798405826040768,1.7961058686015394,1.3468267847279591,1.2291041326660337,0.8993228953272088,0.6128995491553136,-1.3317696908645977,-1.9833359151321446,1.39054900071067,1.1837085525408209,0.8144448382397942,1.7011514657410869
1.7353950527243711,-1.4940204844267406,0.14108973776299427,-0.470482962731621,0.8446551382173341,-0.15742034635762775,2.591124880159547,-0.5172316333162236,1.0425169559916925,1.787395472906154,1.5472806533253802,1.6720744304561161,1.1070233459118606,0.38849538522685545,-1.257054127428223,-1.931943746240013,1.39054900071067,0.8567277951694138,1.0347810308941883,1.7217714835076454
-1.5835479856109886,0.4460107120443042,-0.9617315266726484,0.7109338138940767,2.259417713889164,0.9791816919067057,-0.3128612267306579,1.1662888014635355,-0.36626960044054024,-0.2000490179508298,-0.03207449660488958,-0.41147709212500244,0.45497449111678023,-0.1233068777859118,2.280057256143717,1.4558762270198116,-0.4721599390489596,0.2179139967681941,0.13202999662290774,-1.7217714835076454
-1.5727017665314613,0.6417571621596686,-1.1044864841532869,0.6047834842848034,1.8306968709632112,1.1165666204057991,-0.30328401066540855,1.397753370985452,1.274811212750162,-0.19312999718904286,0.1092851969360235,0.30241940002841433,0.17615950066115396,-0.4189317017486896,2.207309817922494,1.4058532622465123,-0.4721599390489596,-0.40388035095030145,-0.7466696994571641,-1.7011514657410869
-1.561855547451934,0.6900616581484281,-1.4552915852007962,0.5800197893200887,2.053338096273443,1.463053699332713,-0.38994998776459916,1.3706006797275847,-1.5481131299665614,-0.2896879751063022,0.04307045400438172,0.42505493060893595,0.18912286382748897,-0.4733375412070445,2.1231236684818016,1.4059764265913406,-0.4721599390489596,0.21944495147673249,0.13419349238648465,-1.6805314479745281
-1.5510093283724067,0.7003492629385195,-1.8741200369428248,0.578664216821032,2.405817142898231,1.8777876854814224,-0.47660223096080606,1.3153108803355094,-1.347278760083204,-0.39161068402859384,-0.119508904256758,0.2229284147147527,0.20395112721932973,-0.4681976225668475,2.041479003048279,1.4064962355607415,-0.4721599390489596,0.22437531469549735,0.14116092249869552,-1.6599114302079696
-1.5401631092928794,0.6927021966433086,-2.0839424871320444,0.5998231574244295,2.523267276847897,2.0863801419515053,-0.4733136810659419,1.4763854825209757,-0.5565541736595632,-0.3903868041961745,-0.22784443096820256,0.04230893359899701,0.18345384222683234,-0.4457500646213427,2.03175630183045,1.4001563388085563,-0.4721599390489596,0.1391079527144004,0.020663839607451356,-1.6392914124414109
-1.529316890213352,0.8231565251330246,-0.8404072422571651,0.5464588134508416,1.112165217127338,0.8528435482474296,-0.2985971953477171,1.4245846076437667,-1.180193055285467,-0.18820916809272303,-0.204936614244518,0.03708360793981251,-0.31698906924917125,-0.5455543397785634,2.125726148105143,1.406157398016806,-0.4721599390489596,0.29250822989537995,0.23744415842524946,-1.6186713946748523
-1.5184706711338247,0.8232145059277338,-1.1013339622561507,0.5524238673512687,1.3583971592415522,1.1114755262906286,-0.29695147195878174,1.5124258561780193,-0.5920235302438231,-0.18839804330185536,-0.1157038014899282,0.2905772481970236,-0.20923615329444023,-0.5547377083016432,2.119817706085275,1.4024827408521667,-0.4721599390489596,0.17223735474725513,0.06748124089841405,-1.5980513769082938
-1.5076244520542974,0.9864787375100081,-1.4506278039364287,0.6975197290065426,1.4576991327801248,1.4628535829931655,-0.6437505246374098,1.4666644281484469,-1.1215447973245656,-0.6109948335468137,-0.24547104523998528,0.39105551697248536,-0.13806455896538813,-0.678072129220651,1.801115611586203,1.4100403131634063,-0.4721599390489596,0.31185596456036896,0.26478575236598506,-1.577431359141735
-1.49677823297477,1.0026708524473145,-1.7595893995409393,0.6802191280688319,1.6877558461423,1.7681817786416316,-0.7336902694335042,1.4549321306189578,-0.5740045762929408,-0.7356513927655041,-0.34585989019734714,0.29484526323776455,-0.0844305119675023,-0.6900145117155984,1.7122287333258497,1.3532801142570445,-0.4721599390489596,-0.4876253693069646,-0.8650154554908447,-1.5568113413751765
-1.4859320138952428,0.9604243989808897,-2.0934747310469457,0.6528888728158935,2.058127929544143,2.0978159195969956,-0.7343634462282437,1.4545971536280917,1.2194441979987434,-0.7368662716116852,-0.4305424881329297,0.15092089845321824,0.0003461752858089289,-0.6500227722718531,1.7148962749397747,1.3550167915512334,-0.4721599390489596,0.23950120436836977,0.1625363414089164,-1.5361913236086178
-1.4750857948157154,0.9661821522950349,-2.4169006252518033,0.6393857819675718,2.3398325603850343,2.4176115785241126,-0.8257183478517595,1.4108429772171067,-0.9799261169862465,-0.8739592599759358,-0.582717567148688,-0.11793522790330678,0.058915077996372585,-0.6259395303183779,1.629502412298875,1.3549776928954482,-0.4721599390489596,0.21742799352386835,0.13134319252980217,-1.5155713058420592
-1.4588164661964245,1.1161300956254918,-1.9239633934573717,0.6515499074535934,1.627470785038669,1.9298907401280159,-0.9165273717759014,1.4518944494613002,-2.02850285297284,-1.0224403797321666,-0.3388677356871246,0.4586812283919694,0.10389868768939757,-0.7545279816004737,1.469962278639206,1.3050648433522964,-0.4721599390489596,-0.40251159905777295,-0.45248028344306424,-1.4949512880755005
-1.4479702471168971,1.203577134721264,-1.9306917683539293,0.6629571929172626,1.3878058736417587,1.9369831336192604,-1.0062529760875731,1.4136289050264552,0.4060588014797019,-1.1933472469160369,-0.44802408443430886,0.4950956550015106,-0.029703407581501903,-0.8972745141585103,1.3856460052173456,1.3022924335027248,-0.4721599390489596,0.18345244932023874,0.0833300504428383,-1.474331270308942
-1.4371240280373698,1.1209319189545615,-2.42810197859086,0.5614769650441676,1.9919717123714331,2.425774993805984,-1.0053262849180715,1.4343616252675058,-1.19632692667811,-1.1927320089374882,-0.6269789849529595,0.014524526478153424,0.09632891433042669,-0.7939251839063556,1.3845033540077223,1.3019744929477322,-0.4721599390489596,0.21396193913024947,0.12644507637058494,-1.4537112525423832
-1.4262778089578425,1.2880326283245003,-1.0019186523112105,0.685011292665032,0.461357365127444,1.0180060112622542,-1.0043428576012263,1.4010306212307546,-1.6120037824818625,-1.1896657746859074,-0.7941132780417187,-0.09708099896816029,-0.4983745689131588,-0.9282036098819562,1.3043835789785012,1.3036737455930034,-0.4721599390489596,0.2390360093270979,0.161878942796524,-1.4330912347758247
-1.4154315898783152,1.3011116149938822,-1.5033068146736572,0.6668374414064387,0.7280283867656241,1.5138701940346109,-1.0982397730808602,1.47484702102093,-0.5602737180136083,-1.3873784333116708,-0.9593530882474993,-0.381698986583608,-0.41202444241289116,-0.9538871505498357,1.219437017522864,1.300663734232009,-0.4721599390489596,0.18049902028056558,0.07915635988247474,-1.4124712170092661
-1.4045853707987879,1.3114036103785867,-2.1394954026767827,0.6585124983332847,1.1094345725952799,2.1436037736431084,-1.1925992735829545,1.458425143860789,-2.116057918484476,-1.6269950751569675,-0.9930319867916749,-0.39465207832734955,-0.35689491734491163,-0.9740502586178985,1.1384226401231181,1.2482250031647601,-0.4721599390489596,-0.4339087555799456,-0.7891048713410093,-1.3918511992427074
-1.3937391517192605,1.4400634165147668,-0.8809607524310028,0.6055230934433854,-0.12909104784122075,0.8952266828390797,-1.1929221757899398,1.375952793788826,-0.6576081944812392,-1.6233465353353773,-0.9902246423694973,-0.2997511493333725,-0.69769359083279,-1.0488966897364882,1.0609094110916504,1.2516254221123033,-0.4721599390489596,0.2601818089828312,0.19176150412735662,-1.3712311814761489
-1.3828929326397332,1.389910627434108,-1.4472874520140881,0.5763275879191825,0.3668385033130905,1.4549879933803551,-1.1926721930415827,1.3917360246624035,-2.4098976785849957,-1.6239135950099348,-0.9769714713750773,-0.29137183580077125,-0.5395511567731748,-1.0303112046469756,1.0603360522996326,1.2509225742306045,-0.4721599390489596,0.20917747261120498,0.11968382276379802,-1.3506111637095901
-1.3666236040204423,0.9269363522712462,-1.9444806327847852,0.3630472448202259,2.2370624065278766,1.9393606244364352,-0.6468660559279572,0.9457786905546023,-1.4270823027302206,-0.6156945985761262,-0.37214589313321733,0.5091081473254945,-0.07842021943151997,-0.8006223705689127,1.879519376613783,1.4065425483718503,-0.4721599390489596,2.1522979492518637,1.9544359602519912,-1.3299911459430316
-1.3449311658613876,1.0600867151530555,-2.3941305157417316,0.4379282864349574,2.31217192164805,2.3874853960180222,-0.8251907675157819,1.4318314280766775,-0.45960197804930714,-0.8790418974206495,-0.06034093378207176,1.1267107417825668,0.22073418764456004,-0.8284264017702156,1.7191537689485854,1.4098642759507172,-0.4721599390489596,0.2592036612764881,0.161204606996735,-1.3093711281764728
-1.323238727702333,1.1927300806776495,-1.1255744914255106,0.45007423278036235,0.8712674345994657,1.1316331252740972,-0.8196728173401986,1.4475369657827217,-0.1010850778532415,-0.8734313648981773,-0.5672551466284179,0.3980917466450586,-0.5844602251403452,-1.0119393770307679,1.634902557517309,1.4080549059937904,-0.4721599390489596,0.1954232064432476,0.11613836726374034,-1.2887511104099143
-1.3015462895432783,1.1853760651404082,-2.18659337746273,0.4318880320635076,1.597755882043436,2.1817247335817704,-1.0041913411575616,1.5533007654508608,-0.5466239084851727,-1.1970972595613245,-1.0532869897972297,-0.36352063669907203,-0.5044857286290444,-1.0163631080537274,1.4776517926512986,1.35961112470274,-0.4721599390489596,-0.3842508194396728,-0.2934499413448735,-1.2681310926433556
-1.2798538513842237,1.0441068743565933,-2.631656782006615,0.40382714281059157,2.2999533586238377,2.621436127096122,-0.9115486532302696,1.4842458497405606,-1.0884716708096975,-1.0256908470106334,-1.1393195707642796,-0.6846557118591589,-0.3460867023342841,-0.8485439340991865,1.5536401312784645,1.3557234590973124,-0.4721599390489596,0.16958962194895535,0.0978847735095753,-1.247511074876797
-1.258161413225169,1.4060121692121905,-1.3509962170699823,0.45636913909667537,0.2125070065870507,1.355115288500756,-1.1889055969388707,1.5277447809573055,-1.1523143618954383,-1.6292196356882924,-1.4135881368738559,-0.8470097186017196,-0.9985329592571737,-1.1959637256630982,1.2297249447839078,1.3579905054014962,-0.4721599390489596,0.24609378547815894,0.15194138039946672,-1.2268910571102383
-1.2364689750661144,1.3066943118025303,-2.270648042748855,0.39123850245523534,1.1398652786513044,2.2634392669685712,-1.192593583768787,1.3603759443864085,-1.8333334395079468,-1.6300319882075873,-1.5061426915011793,-1.0093075753540153,-0.7879995462010869,-1.1339635457329964,1.226423048761771,1.3048754459802343,-0.4721599390489596,-0.44231563729183293,-0.3344776042585338,-1.2062710393436797
-1.2147765369070598,1.4161806412167022,-1.0070450455411402,0.4198114421652331,-0.06711392054125681,1.0131099500711127,-1.188539115656197,1.2838753575704949,-0.5921930594144681,-1.625887681218464,-1.655293243087114,-1.2676043036635767,-1.1580910749239604,-1.1691280435173073,1.1503045861534376,1.3068995844672986,-0.4721599390489596,0.24307439811505166,0.1498079300327574,-1.1856510215771212
-1.1930840987480051,1.3509758095721884,-1.6784665688354081,0.40935216720748646,0.5380451370660853,1.6776560536849565,-1.1890837944683421,1.4668527249259522,-0.9732746989143546,-1.6270875833995715,-1.7021181188721475,-1.3790906099227647,-1.003619124019528,-1.1210314482777683,1.1433185549145304,1.3027278350199327,-0.4721599390489596,0.1660584092750241,0.09538967564099757,-1.1650310038105625
-1.1713916605889505,1.2852129296262131,-2.3203340683476212,0.45084886247314054,1.2283283457670593,2.3148872846823876,-1.1908889520690586,1.389786076411796,-2.2297152760231493,-1.627165617035289,-1.6445830143758124,-1.3262660709971774,-0.7652751649372294,-1.0781424233292616,1.1434405461468735,1.2497740497175758,-0.4721599390489596,-0.44031097131445507,-0.3330611396416416,-1.144410986044004
-1.1496992224298959,1.3709053816019012,-1.360320993318565,0.3415114956685823,0.24026918077331635,1.3600307660271698,-1.1880797395125595,1.426599921853191,-2.4533558916962277,-1.6245022776567009,-1.6557988340189729,-1.2861759422031158,-1.0247199257970365,-1.1270886977951895,1.0702498731148002,1.2548741201005718,-0.4721599390489596,0.28130877857460546,0.17682372602132906,-1.1237909682774452
-1.1280067842708412,1.2850019722002224,-0.816419697273987,1.4673275037106903,-0.2392676445742622,0.8637172779019213,-1.1955444936643187,1.4267235073558135,-2.161126431683903,-1.6343043026659512,-1.2996534785673997,-1.252049770569677,-0.9220454672292956,-1.063879153474719,1.3872359576122313,1.4194487660962647,-0.4721599390489596,2.2636061128123917,1.5774830207916306,-1.1031709505108866
-1.1063143461117866,1.379862026851005,-1.076868884269496,1.1077854760961943,-0.42290547681198215,1.1081312707000923,-1.2886112314303537,0.562182071999741,0.06600407657054538,-1.943503535153625,-1.083076012468981,-0.347464359564678,-0.842483185119829,-1.420262622160604,1.1572296217761733,1.3202860969448438,-0.4721599390489596,-1.0146956148865072,-0.7389120560995701,-1.082550932744328
-1.084621907952732,1.36614593291646,-0.8891715582153787,1.0872776936415336,-0.584728355855735,0.92147482324413,-1.2866901741474264,1.4529864849727283,-1.9442206510430897,-1.942810761502234,-1.4161255968102182,-0.813935579906372,-1.1416725905462564,-1.4636328825510427,1.0804158091434788,1.2687223567087964,-0.4721599390489596,-0.4230324639484428,-0.32085242527574515,-1.0619309149777694
-1.0629294697936773,1.277554295062954,-1.3713855537036166,1.0607615705083444,-0.17236404258170193,1.398036237003805,-1.2852912813638375,1.4124527122868584,-2.4399103598687133,-1.9420483225996414,-1.8855067246387445,-1.712601515916653,-1.221307639113848,-1.349811987132812,1.0429279034441237,1.2440617658125956,-0.4721599390489596,-0.08862153346572071,-0.08456306042449117,-1.0413108972112106
-1.0412370316346227,1.2984513706646386,-1.0040182575358285,1.051578997805066,-0.47778651351029544,1.033870294024036,-1.2828592087390451,1.5032989022259586,-0.7920927809147931,-1.9393103685000588,-1.9727450209727297,-1.7207771641300402,-1.3726181321561575,-1.4496578094213814,0.970493576052583,1.1954471601016283,-0.4721599390489596,-0.3863741973569571,-0.2949502859020626,-1.020690879444652
-1.019544593475568,1.3009785014604285,-1.3822843581675401,1.0272822606541727,-0.1702458324244266,1.4075708164205971,-1.2847844327874036,1.502855265063012,0.11394062080604828,-1.9397662940962108,-1.287421454238017,-0.8034827566509113,-0.8483761128551709,-1.2675351215009403,0.97081481963109,1.1970490583767317,-0.4721599390489596,0.2378258771933661,0.14609940988002618,-1.0000708616780936
-0.9978521553165134,1.2379399174932357,-1.645142255269947,1.065505347659156,0.09403540933057115,1.6693284056575965,-1.2821206687901654,1.3833982515068308,-0.5433425409957306,-1.9377400543024512,-1.6449855844998171,-1.3359579325448447,-1.025810426944622,-1.3345938891288132,0.9319931431247722,1.1706828374238072,-0.4721599390489596,-0.10982281838304171,-0.09954354608000396,-0.9794508439115348
-0.9761597171574588,1.2822522816254858,-0.9107785331738577,1.1021502706172537,-0.5395313084909269,0.9434324884588667,-1.282298547083132,1.4540705419539353,-0.7319992729749927,-1.9358022119478977,-1.8931069462729118,-1.8189542988888423,-1.310329467654983,-1.3014807901768763,0.8538414933107029,1.120132060913824,-0.4721599390489596,-0.4104411446981007,-0.31195560236387465,-0.9588308261449762
-0.9544672789984041,1.225816740410262,-1.179675759787043,1.07007508120378,-0.3027528466455661,1.2085275026795077,-1.2812418105013719,1.6024698053218218,-0.9151623725740154,-1.935219363359999,-2.092143302436766,-2.322917590340486,-1.240645413727722,-1.1804553398734323,0.8203549000322353,1.0978420183332032,-0.4721599390489596,-0.059155196348333924,-0.06374262231287932,-0.9382108083784176
-0.9327748408393495,1.2542501772158936,-0.9335028751425894,1.0602539915751228,-0.4940342822082202,0.9643619142766462,-1.2852906489961538,1.3875423365970885,-0.5368337748926052,-1.934429429339104,-1.8101802916253258,-1.9668431293782946,-1.0674096423561874,-1.111027363234824,0.7793780450878388,1.073229664715334,-0.4721599390489596,-0.08802193551803468,-0.08413939419438217,-0.917590790611859
-0.9110824026802948,1.252176833121737,-1.338367544950215,1.1089758241804069,-0.13319138641790423,1.3671501127317356,-1.283990878365739,1.5114755024255528,-0.6154808666429166,-1.9334248387457067,-1.1576947981561037,-0.7873389092420757,-0.6243460426945591,-1.1379775628845674,0.7820455867017638,1.0743058548128894,-0.4721599390489596,0.23129123105975422,0.1414821344153476,-0.8969707728453004
-0.8893899645212402,1.2618747379575614,-1.2338785190913804,1.0770228974959333,-0.20755279815964792,1.2624682490102512,-1.2831792340051265,1.376734807525694,-0.009493019219884408,-1.932993998340279,-0.9350128668518646,-0.28836435270795097,-0.545421581123905,-1.2305022437605468,0.7413167805964659,1.0476464955683653,-0.4721599390489596,-0.11346657947646185,-0.10211816884484534,-0.8763507550787417
-0.8676975263621856,1.2727491084939078,-1.2475611795411468,0.35141575285007715,0.3655432385615316,1.2487320216357036,-1.184444165026272,1.3139286637085161,-0.368268975572956,-1.613856006185213,-1.3884421736241497,-0.8570233160985663,-0.6109908260755621,-1.0187984981573552,0.8046017655621959,1.0819834467738327,-0.4721599390489596,0.6447284063939457,0.433610168103109,-0.8557307373121831
-0.8568513072826582,1.2036807738419344,-1.2824520669134745,1.246457080302261,-0.07657321535381591,1.3169445046626427,-1.2825149133272442,1.3311075532092613,-1.3576467589436325,-1.9330281937742941,-1.7508670534944657,-1.2652619339031281,-1.2162317053882736,-1.4915908343711615,0.7423333741993338,1.0486517237022563,-0.4721599390489596,-0.19640524839349838,-0.45347258335314167,-0.8351107195456244
-0.8351588691236036,1.1290622565858879,-1.405654664067616,0.9925931834711453,0.028120499173900356,1.4294110000027231,-1.2817586134762133,1.442924429455067,-1.6818401853663876,-1.930537836832732,-2.1340087995041372,-2.2153287642098918,-1.2512959314033667,-1.2989404544154464,0.6654544995760554,0.9985427824721108,-0.4721599390489596,-0.40494905359812633,-0.3080749794552639,-0.8144907017790658
-0.813466430964549,1.1627785683728191,-0.89112126192627,1.0769718940709223,-0.3851494780251444,0.923018149613464,-1.2808631349121475,1.5118349436442213,-0.6001407423514714,-1.9276372529280945,-2.2020285055649906,-2.4034831452992025,-1.4404455306618011,-1.2527578726058795,0.5928941145777593,0.9507747688280986,-0.4721599390489596,-0.37585090741519084,-0.28751469911397776,-0.7938706840125072
-0.7917739928054943,1.1179701632327192,-1.1223932839315907,0.9575497863587618,-0.1741020354796904,1.1475664824501062,-1.2815856675361197,1.455198994636429,-2.398759984148367,-1.9279133664038894,-2.157350803218875,-2.432538712979599,-1.324915603444231,-1.1553316710782298,0.5509616616466665,0.9240786113476703,-0.4721599390489596,-0.11392398809258308,-0.10244136638874016,-0.7732506662459485
-0.780927773725967,1.371221440850416,-0.8190073954752078,-0.10433025018639638,-0.4918526371367391,0.8071770785809069,-1.2806694699601116,1.488855735942538,-1.0286291891618657,-1.9349287977774448,1.5339311842785706,4.972868586469778,0.8429849154135736,-1.7493465327097133,0.81088838040233,1.090972014740469,-0.4721599390489596,2.2924286796031783,3.0636671657436794,-0.75263064847939
-0.7592353355669124,1.4117662351719,-0.8336159806198564,1.1329706255977436,-0.48850105828061474,0.8681738987450823,-1.282875662857314,1.3728479297152227,-1.6898545900822373,-1.935028427797502,0.483576602726606,2.6773563883851423,0.2620435705919524,-1.5066917271012177,0.8122262175837048,1.093982563499156,-0.4721599390489596,0.2553356532047003,0.15847153493715796,-0.7320106307128313
-0.7375428974078577,1.3257848191701933,-0.8222381868030543,1.0668900318853165,-0.5025657156939813,0.8544209581543109,-1.2810371215816774,1.549842278531634,-1.390564818275262,-1.9315805050384005,-0.4705133337698174,0.8124840570919999,-0.32417613094998055,-1.4322536116322901,0.6996405092532962,1.019733881161348,-0.4721599390489596,-0.7050103283377436,-0.5200934320887979,-0.7113906129462727
-0.7158504592488031,1.2595400953783864,-1.0325647292697882,1.1173362755273397,-0.31139865850077814,1.0646140027988427,-1.2813582008108515,1.3377301799563341,-1.3200493883903477,-1.929554679242915,-0.8887552269001037,-0.15931270967022423,-0.4816685315388912,-1.25710906153128,0.6263807078562269,0.9726871004317537,-0.4721599390489596,-0.3668858540320933,-0.28118013712255785,-0.6907705951797141
-0.6941580210897484,1.1746287803173336,-0.9212008005059985,1.0425244669707125,-0.21628755200136948,0.9515118804029251,-1.229741382340713,1.4125884199766015,-0.49406840761002063,-1.7511150834555007,-1.1995736198197133,-0.8336329910190198,-0.5341310013994839,-1.1202864266361565,0.5920686405722307,0.9241562823109813,-0.4721599390489596,-0.3853327027108788,-0.2942143825987149,-0.6701505774131554
-0.6724655829306938,1.1289514879189502,-1.2838046003857482,1.1138554116362294,0.11759086798209918,1.3132974334477716,-1.2309554041191622,1.5541696390053417,-0.8297050999068805,-1.7500306062952875,-1.0867933770678069,-0.8048982687970262,-0.2783553490823873,-0.9674208180457112,0.5535641412700077,0.9000735324765661,-0.4721599390489596,-0.08143886631022296,-0.07948790376719066,-0.6495305596465968
-0.6507731447716392,1.0958635797660672,-1.304714274489529,1.0550369084224105,0.25772664511106597,1.331793342669329,-1.182143092627142,1.4609256053986346,-1.47961994331628,-1.6007715558075135,-0.6443817509040172,-0.10383891692823828,-0.008650961013302837,-0.894565902660622,0.5553411468878203,0.8757432753733079,-0.4721599390489596,-0.08451542567617018,-0.08166175094813938,-0.6289105418800381
-0.6290807066125845,1.0490724951507697,-0.9737302600156457,1.0425837373131939,0.0978501338307576,1.003536434500311,-1.1295813380720112,1.569821901792231,-0.8320292926086834,-1.4675714106701887,-0.9492248634853664,-0.5527511758552847,-0.3280199090876282,-0.9775079509604478,0.5207810307647256,0.8268410847888161,-0.4721599390489596,-0.3899489284760985,-0.297476133201469,-0.6082905241134795
-0.6073882684535299,0.941745408000802,-1.5867910018243334,0.902112042778889,0.6905338553958589,1.6053960111272363,-1.1280623274632402,1.4094607248409365,-1.4775590280036055,-1.4660151715977983,-1.0391010917052705,-0.8032049424012884,-0.17233800253292683,-0.825702896040138,0.48417959468707056,0.7767307052098662,-0.4721599390489596,-0.40496693252952237,-0.3080876124195564,-0.5876705063469209
-0.5856958302944753,0.9344357775469803,-1.420632224050508,1.034768374988455,0.5539919467163185,1.4458299799142236,-1.1279295196215244,1.5089102268903976,-0.2521731307183911,-1.4641469441497137,-1.1565793192139648,-1.1318245926019879,-0.2602881710377885,-0.7463642123451394,0.4442193333455419,0.7767426235851023,-0.4721599390489596,0.218062144291824,0.1321346752714563,-0.5670504885803622
-0.5640033921354206,0.8944739580629524,-1.4708365211293724,1.015893408207207,0.6852338143123671,1.4948397886332851,-1.0776912346784724,1.5029063734012167,0.16089599686575143,-1.3456759780631447,-0.8647724317682396,-0.8686758782725792,0.01761068370525713,-0.5381522208509505,0.44980653178690283,0.7545470423736705,-0.4721599390489596,-0.057981024731243946,-0.06291297160370699,-0.5464304708138037
-0.542310953976366,0.9286629481500808,-1.2352406347989635,1.0328283720562736,0.5166289099731962,1.262155258941684,-1.0773582563812882,1.4442152222780855,-0.6082294712156722,-1.3445520330046674,-0.43823175012796906,0.2068492872783007,0.16558938997421377,-0.7706893342817788,0.40901673006543326,0.728693333070688,-0.4721599390489596,-0.10345220743432873,-0.09504217522883887,-0.525810453047245
-0.5206185158173113,0.8166570760290076,-1.588303190915331,1.0113044031909508,0.9489683920602923,1.6109998302210446,-1.0248337551767166,1.5315509351258378,-2.0288602305929393,-1.2375525779445717,-0.6506551883016732,-0.21126061900338802,0.1862703734492196,-0.73308979585065,0.40768295925848186,0.6754704694684682,-0.4721599390489596,-0.4436556624319609,-0.33542444438959196,-0.5051904352806864
-0.4989260776582567,0.8591828019532434,-0.9844346664758075,1.1024645281500993,0.4245988497096005,1.0163893423586505,-1.0192161633627745,0.6081332051239754,-0.759390462711318,-1.2317187634567166,-0.7849784375843879,-0.529916829145051,-0.12929991119174372,-0.6685060581530248,0.33728588544707805,0.6530704437293162,-0.4721599390489596,-0.06052230656718655,-0.06470860032330275,-0.48457041751412777
-0.47723363949920206,0.7231101159767661,-1.5302425951966303,1.0556839460358989,1.0097080900685949,1.5551686811506118,-0.9711766326533624,1.3442222152365642,-0.7249465138624379,-1.1315003870292697,-0.9871150553665508,-0.9300097121310766,0.004659915100647996,-0.5336383360122835,0.3403356662556816,0.6054192258362429,-0.4721599390489596,-0.3743991154612297,-0.2864888863565902,-0.46395039974756913
-0.4555412013401474,0.785375450782909,-1.0601747792271021,1.077607242151,0.5704273895026323,1.0904634688680057,-0.9701563272145851,0.7195683708171957,-0.657067311822874,-1.1292690992320613,-0.6105480075393741,-0.5888285844615756,0.15967494105995728,-0.3552465266435521,0.30113175055468544,0.6053775469565111,-0.4721599390489596,0.2173959208813713,0.1316639325649375,-0.4433303819810105
-0.4338487631810928,0.6983540043845827,-1.5089634772488476,0.921672905137759,1.0822819284532867,1.529055450804212,-0.9657848728226117,1.4301696294635198,-0.39959487517653847,-1.1257707252419387,-0.6831825907419323,0.25585332435314373,0.06569856348655055,-0.8426061037907331,0.26675868765451766,0.5558213488900737,-0.4721599390489596,-0.3980783577788666,-0.3032202567077836,-0.4227103642144519
-0.42300254410156546,0.7342658885664171,-1.2538507149846128,1.2278397858472174,0.8302440405204526,1.2879191663476044,-0.9168800018965567,1.4397055575929454,-0.3515840470423571,-1.032127409122977,-0.38880975073326396,-0.03724670358019603,0.2907736709758259,-0.4042267433327632,0.2675231660438507,0.55755820376366,-0.4721599390489596,0.23950341171186001,0.16253946075546744,-0.40209034644789327
-0.4013101059425108,0.7058862600618098,-0.7868862717411416,1.0018111743161344,0.486220274955086,0.8169630200345879,-0.8635076312829613,1.42792962660746,0.4316657641964645,-0.9406661611584995,-0.5447924649378766,-0.47402355494846365,0.11475215302207936,-0.31892947236676245,0.23086073435004814,0.5074062152374834,-0.4721599390489596,-0.4054841391428697,-0.3084530622629264,-0.3814703286813346
-0.3796176677834562,0.6621576533189758,-0.8474894137233329,0.9802175144473144,0.5759945094994067,0.8761690425506677,-0.8586561490513202,1.5169827207755902,-1.228256602726821,-0.939214363995812,-0.6872546426045121,-0.78576100761173,0.07974446694971582,-0.2405569824418351,0.19077034902735177,0.4790027419293766,-0.4721599390489596,-0.13514622744268726,-0.11743665810817981,-0.360850310914776
-0.35792522962440154,0.6458821777214251,-0.8293896957643837,1.0446475854383666,0.5962401249299375,0.8606669869563224,-0.8593428610620738,1.500919183345825,0.7050566262284,-0.9355444773623599,-0.6703450760948455,-0.8171029040638835,0.1155546417834499,-0.19752484240773477,0.1548032673578861,0.4569898376572951,-0.4721599390489596,-0.05571031788967104,-0.061308526807057034,-0.34023029314821734
-0.3362327914653469,0.6198756265629857,-0.7759081000165953,1.0153867865348878,0.5917020095655029,0.8066013518561511,-0.8074677015828624,1.5038053544188414,-0.5858221526017465,-0.8512718222293024,-0.5572762395343029,-0.7079965686724763,0.19196302206936408,-0.1375613270612305,0.15531563053373232,0.43226754635623044,-0.4721599390489596,-0.08938848047036625,-0.08510497279661153,-0.31961027538165876
-0.31454035330629226,0.597395797086643,-0.841793059624154,1.0720998496413559,0.6849051422584111,0.873982960287947,-0.8061721418204659,1.494057089779971,0.6641832209613439,-0.8491289518235007,-0.5202519191496747,-0.6080805562695736,0.21879582166077918,-0.1264071142582114,0.12017808924418348,0.4095933575214519,-0.4721599390489596,-0.06393020260026679,-0.06711656464424981,-0.2989902576151001
-0.2928479151472376,0.5675897461544201,-0.809350041317561,1.0029219297160716,0.684549716630855,0.839251688477624,-0.8044341761384298,1.4066958230671036,-0.8859714863233843,-0.8457881691626055,-0.5467384775888725,-0.7158605009852875,0.22437785707468744,-0.08470230345405506,0.07850181790103784,0.38188424455510106,-0.4721599390489596,-0.12651520491652418,-0.11133811692776929,-0.2783702398485415
-0.271155476988183,0.5359130754979656,-0.7702638741266494,1.0161638649493063,0.6803610279432608,0.8010408393161912,-0.751276612477407,1.331333339520903,-1.3001031623415653,-0.7653173821631105,-0.5401359587041665,-0.7372332887032979,0.23723402241268393,-0.02845393815475262,0.07957940712007724,0.3570513133549773,-0.4721599390489596,-0.090763754090772,-0.08607671893478912,-0.25775022208198284
-0.24946303882912835,0.4951435457328548,-0.9204007180687389,0.9797648431502052,0.8378157968226267,0.9483594175713185,-0.749173378859289,1.4371844939085308,-1.4212524517843326,-0.7629255771852959,-0.5193870382398785,-0.7548911111481849,0.3205719358291905,0.032646634741533655,0.04482410502523097,0.33379612435354405,-0.4721599390489596,-0.07115213799107016,-0.07221946760267442,-0.23713020431542423
-0.2277706006700737,0.46270897998126503,-0.9920948323954655,0.9369911404232878,0.9240765828348472,1.0177528517530383,-0.7485778361083182,1.255796633562451,-1.2742354508734623,-0.760696362154736,-0.5265675690023853,-0.7775194012035606,0.3469347794902851,0.056146090960945895,0.008543912526082921,0.3103312181677975,-0.4721599390489596,-0.07375895988610429,-0.07406140586996558,-0.21651018654886559
-0.20607816251101907,0.4514487556058612,-0.8854782998395154,0.9760008290749349,0.8613158582038603,0.9136326027862217,-0.7472676357310009,1.3358689968259665,-0.49041905633399757,-0.7568741196101803,-0.5827286380251879,-0.9022262574158028,0.29505068544442364,0.06382004083578628,-0.030973114004595653,0.28477418816169725,-0.4721599390489596,-0.09976443101558582,-0.09243645194568599,-0.19589016878230697
-0.18438572435196443,0.3866642506655351,-1.0730254926727296,0.9849587572960461,1.059835105363638,1.0997060288513056,-0.6912404309545648,1.504221162366139,0.6544872687299944,-0.6794896788163393,-0.5968323089264533,-1.0081649840229554,0.3302304045354838,0.15346103960519933,-0.030086644382895506,0.23288524923706058,-0.4721599390489596,-0.4270747414777079,-0.3237086333206355,-0.17527015101574833
-0.1626932861929098,0.3628818484947244,-0.9951707916123022,1.2700958716023008,1.0711048818859257,1.0333256719298287,-0.690640631477307,1.4864481830714045,0.07235299332894508,-0.6791441822303401,-0.7699784832871942,-1.06027350693433,0.17777709971305664,-0.0040475536214185665,-0.03192871199129195,0.23212519883359187,-0.4721599390489596,0.2084664350932815,0.12535450206195783,-0.15465013324918972
-0.15184706711338247,0.4305732662982539,-1.1365867923662956,1.19129681619499,1.152074300945076,1.1704131276591583,-0.7445678255419993,1.4603889672445964,-1.1119695048625862,-0.7574730154136023,-0.17946518187251406,0.10501323572705053,0.5016181983013863,-0.17279878244734462,-0.03523060801340633,0.25548504924390825,-0.4721599390489596,0.5082810914518183,0.5423673996345959,-0.13403011548263108
-0.13015462895432783,0.35182419599917786,-0.7952812620459139,0.9784875369388997,0.87802649067244,0.8243998665745677,-0.6866128314381257,1.3333510627286256,-0.26861922009092215,-0.6743220294119572,-0.8599226751924349,-1.1974254036660013,-0.08403550964983834,-0.05769589689301651,-0.10448909698958805,0.2096221565045706,-0.4721599390489596,-0.3521699157823359,-0.2707820927249,-0.11341009771607245
-0.1084621907952732,0.25886253851891955,-1.1463091975439004,0.9564178554798659,1.2050617910980106,1.1712089382661346,-0.6841384013226194,1.457315013093118,-0.1503043695178311,-0.6718197506877909,-1.0631459161304453,-2.033386488479313,0.09577353544690141,0.2829648837054175,-0.14000481109937907,0.15988002263707182,-0.4721599390489596,-0.4003895728510327,-0.30485332396623505,-0.09279007994951383
-0.08676975263621856,0.26792651941508083,-0.9791874608088221,1.0037745643861744,1.0432297493821179,1.0074815130710042,-0.6318372358325663,1.4844822245520732,-0.4490448192896893,-0.5971571698258997,-0.863677874771198,-1.8143770583815757,0.2660940245245784,0.4398064724358138,-0.1372112118786986,0.13689376910256537,-0.4721599390489596,-0.06780922231236337,-0.06985741735110468,-0.0721700621829552
-0.06507731447716392,0.25924298511598487,-1.1852862133412567,0.914324155056267,1.2507764750354335,1.208226705867551,-0.6329992066470593,1.2918802959375941,-0.6316412337335133,-0.5968359698724353,-0.2898835478049169,-0.8736509733982422,0.7017590947841015,0.4520528349007033,-0.14311965389856648,0.13399375414729844,-0.4721599390489596,0.18186629516441863,0.10655927261275411,-0.05155004441639657
-0.04338487631810928,0.3109253233689468,-0.8787338704986578,0.9392547588018008,0.9930091518591131,0.9055714331483126,-0.6312297410492372,1.4553791992608145,-0.023169971094042553,-0.5940128394220657,-0.012631009288695478,-0.11689347195194512,0.6795016493360422,0.27235144405088524,-0.1748251751848092,0.13831953738827438,-0.4721599390489596,0.2716842517077769,0.17002319071265154,-0.030930026649837943
-0.02169243815905464,0.27741062375074,-0.8049745077127216,0.9444281656801458,0.9537062616357994,0.8327187125239818,-0.5765539670520803,1.4782643687551422,-0.4653321620842719,-0.5225636693861252,-0.10797918794692335,-0.34596085185214565,0.6133791270824611,0.30773287428364665,-0.1785093104016021,0.11018159164780196,-0.4721599390489596,-0.13184567255821186,-0.11510453930995009,-0.010310008883279315
0.0,0.20389029879370574,-1.0923214699278803,1.0410499849232864,1.2691425394875089,1.1209250537700153,-0.6261622303511438,1.4534830376882206,0.7806147179724072,-0.5872457773885751,-0.45833938791461787,-0.8586396811368658,0.44864270360912306,0.2612125918393458,-0.2534200598097286,0.06116731540994913,-0.4721599390489596,-0.3913421730795695,-0.2984605773461751,0.010310008883279315
0.02169243815905464,0.09694824998554734,-1.4403074898902268,0.9233144825617704,1.6217585332937232,1.4611240200968145,-0.624867176035884,1.3582526453581056,0.018366078920906623,-0.5834365076531858,-0.7356955658271206,-1.5629280031661843,0.4922459535449784,0.4463103393294997,-0.2902044827358983,0.03838793396462311,-0.4721599390489596,-0.06523776545577352,-0.06804046744905587,0.030930026649837943
0.04338487631810928,0.19402658357348793,-0.7619880996345726,0.9083110722252878,0.9620364182511547,0.7887891074542149,-0.5721915364167672,1.3496988825052258,-0.9664573068108657,-0.513140400557882,-0.35581837034292,-1.1350157439559636,0.5903074227512941,0.5793954402369242,-0.2875410074963855,0.039831205870742965,-0.4721599390489596,0.23585412321837623,0.14470620035269308,0.05155004441639657
0.06507731447716392,0.19990446468089185,-0.8958384829812629,0.9287489419312112,1.099259632738186,0.9221158367588772,-0.5679417436857717,1.428695702477451,0.20857738914827423,-0.5123231647815647,0.0473157629218831,-0.2886319905837438,0.8575927210190403,0.5162085358810812,-0.2884925391086695,0.03785511909469225,-0.4721599390489596,0.19335088673427342,0.11467409961228672,0.0721700621829552
0.08676975263621856,0.11518183531093633,-1.5199261362370167,0.9140818818282119,1.724927198747492,1.539626809238426,-0.6199829785715524,1.4605452112946102,1.5428005717155255,-0.5801158700100045,0.12116262686298787,-0.1416937231910403,1.143561276382259,0.5731337569350244,-0.32610650241478006,0.013092926393306663,-0.4721599390489596,-0.08988446197202608,-0.08545542531871483,0.09279007994951383
0.10303908125550953,0.5663355583268602,-0.9687036943497972,4.348773882554822,1.52335805789592,1.1228892029320716,-0.9166427993353539,1.4610649497628072,-0.26445832531453267,-1.0269469554663062,-0.1815437490223264,-0.5670643203237444,0.8139753603008579,0.17928746253632818,0.19394618744271075,0.484590280175811,-0.4721599390489596,6.078709950683334,5.65355507147401,0.11341009771607245
0.11930840987480051,0.398448530673625,-1.1646580015951182,1.1862882055664365,1.322987001074534,1.1980249783582118,-0.795203904205651,1.433167182733363,-0.822677888020812,-0.8265139056839979,0.33591945130075834,0.6722187590150693,1.069765858672538,0.124199744980654,-0.18943972481963767,0.18284026141670556,-0.4721599390489596,-3.532892396628798,-3.401648997647228,0.13403011548263108
0.14100084803385515,0.3006989164212742,-1.4040537157836022,0.9850482573070327,1.5618826217357529,1.4275417772971577,-0.7377670716391943,1.4967703048124068,0.6523323078945087,-0.7432980586898342,0.3712959870629292,0.7686392068344896,1.1388210538305485,0.18226050291748286,-0.22469925734150556,0.13360893119581538,-0.4721599390489596,-0.3940401926874437,-0.30036695444509537,0.15465013324918972
0.1626932861929098,0.24012718861548998,-1.3525619011814953,0.9362760212501597,1.5063906078681362,1.374712976832518,-0.6807272642585729,1.485581152410677,-0.7371108309878776,-0.6614527870001404,0.14776683070881136,0.23324065197054744,1.0125960023245877,0.29470414536898576,-0.25831190822672856,0.08519279774812237,-0.4721599390489596,-0.38390715183012486,-0.29320711136003175,0.17527015101574833
0.18438572435196443,0.22477804159841447,-0.9772968864345857,0.8955720149729248,1.1665140191152208,1.0015401840322096,-0.625619998560729,1.4153147020088541,-1.2930201365020622,-0.5841800122605043,-0.06638780189454108,-0.24399503818966867,0.7616575794746941,0.3402569406845552,-0.2971986467236301,0.033860016014017835,-0.4721599390489596,-0.420161608697931,-0.3188239253019515,0.19589016878230697
0.20607816251101907,0.17112923902305155,-1.1776545818286053,0.943560115971355,1.3721867534622996,1.2017681840925603,-0.6231751753370914,1.4105712846027976,-0.5693037880016144,-0.5814519855847656,-0.15848018593839777,-0.5065351736053197,0.7915443856650611,0.44137526694335344,-0.3306161116371016,0.011937657292936358,-0.4721599390489596,-0.054584820589019,-0.06051326858410063,0.21651018654886559
0.2277706006700737,0.16528457347143613,-1.1106641713965282,0.953195587531117,1.3208443649739374,1.1357868644377815,-0.6200807540851108,0.8752895300187734,-0.03713955572394923,-0.5767577974960626,-0.09022660756011816,-0.38622795753910477,0.8229605587658392,0.4699354738969813,-0.36721754771475656,-0.012357738157365857,-0.4721599390489596,-0.08408208913047646,-0.08135556234060912,0.23713020431542423
0.24946303882912835,0.1440070036140634,-1.0288272602532536,0.8968352614151182,1.250720876269298,1.0526205739721028,-0.5672405920557205,1.271263624112915,-0.7326716790683501,-0.5056649545760399,-0.029051237933841532,-0.2913926935712106,0.8123935359385458,0.48337332019286355,-0.36791289773911745,-0.03818742307125298,-0.4721599390489596,-0.10315358000561095,-0.09483116990865684,0.25775022208198284
0.271155476988183,0.1344984078588734,-0.9920296090613853,0.9582247680113455,1.244039011464136,1.0184867584682182,-0.5638608502931403,1.3143267154078522,-0.4891370545825312,-0.5030634727107423,0.0019176256431369739,-0.25230271712092006,0.8423862014778416,0.4869311961172241,-0.4031764966353977,-0.06102578094575998,-0.4721599390489596,-0.0659708529582775,-0.06855845524359308,0.2783702398485415
0.2928479151472376,0.11315725695164938,-0.9707005008837105,0.8940772111316694,1.2338522011172872,0.994951269070056,-0.5609238443239049,1.4044244944253614,0.11354910958869192,-0.49982226908506266,-0.00362092524865816,-0.3064567485333517,0.8453770319856201,0.5308941705725034,-0.44129875674294217,-0.08705752320591585,-0.4721599390489596,-0.10566518875160248,-0.09660583210193492,0.2989902576151001
0.31454035330629226,0.11999859495269391,-0.7444050847905406,0.9036077817551106,1.0418243417992503,0.7711989746138105,-0.5067327172993169,1.1640795668736545,2.171423179702787,-0.4306338101047677,0.06087074046067461,-0.22659728903168855,0.8184802696744257,0.5518614408281194,-0.4382489759343386,-0.08485756377695114,-0.4721599390489596,0.24525988368912108,0.15135215885759234,0.31961027538165876
0.3362327914653469,0.014200846792944777,-1.4545500698865974,0.8761194210798026,1.7413924907094682,1.473454306118942,-0.5598061225434873,1.4418433704975324,-0.9768578818886647,-0.4970111686905375,0.09228371394543483,-0.22578377862183327,1.0950034888479598,0.6550678642828203,-0.47681853722714546,-0.1089038166718124,-0.4721599390489596,-0.08098520286131387,-0.07916735249800398,0.34023029314821734
0.35792522962440154,0.0356701806360265,-1.2008325842589442,0.9244277069066434,1.4834848774840133,1.2240029364411262,-0.5561775776565311,1.4157518064925854,-0.28013829033715476,-0.49435967801234304,0.06704684654321248,-0.2644621881729193,1.0013887090117195,0.6278057551007651,-0.5159533245631456,-0.1358763337685622,-0.4721599390489596,-0.1173591872685026,-0.10486862266963536,0.360850310914776
0.3796176677834562,0.020757766123995436,-1.205334963055574,0.35266798532796406,1.445270776117547,1.2069605598007784,-0.5588977320836515,1.5088300026951158,0.5997998987840943,-0.495380653881813,0.11216603170599988,-0.1044548926861583,0.98405026622607,0.5467585688390936,-0.4778961264461849,-0.11019011860191082,-0.4721599390489596,0.537198219070627,0.35763107367493013,0.3814703286813346
0.39588699640274716,0.1666307385421495,-1.3176115462997282,1.329173393655454,1.6101010934566409,1.3548751295996866,-0.6155788383012281,1.1564239580551885,-0.7463505205903712,-0.5717881370039978,0.9185508462559641,1.3873039685379784,1.5586852524486372,0.4555547309069765,-0.4449178299691512,-0.06217388623404474,-0.4721599390489596,0.8147643038298318,0.6943297187573851,0.40209034644789327
0.4175794345618018,0.06243985550750614,-1.5262864179402404,0.9273464783493832,1.8134798749795549,1.5464245082518888,-0.612989357836456,0.4958178298857998,-0.23486928709762586,-0.564844776520005,0.7732627110691884,1.0294084159754902,1.5630575889192424,0.5878162203623402,-0.5178604541621018,-0.10875376139118903,-0.4721599390489596,-0.36108213473669254,-0.2770793227619103,0.4227103642144519
0.43927187272085644,0.11424777167608302,-0.7791717375238062,0.9703284835155467,1.135322629692575,0.8081390430019222,-0.554851524379265,0.8381737219289055,-0.172868732351634,-0.4897715764789468,0.5792725077579806,0.6466930128188796,1.2080977250411133,0.5576268628483125,-0.5563649534643489,-0.1352924805917245,-0.4721599390489596,-0.11196700227625582,-0.10105859180389558,0.4433303819810105
0.4609643108799111,-0.019458030211243184,-1.5233763767944895,0.7505172275745509,1.8478166066999653,1.5368928158872526,-0.6625674365669606,0.3785691120491583,-0.2870560646796597,-0.6271194428327147,0.31819736814374355,0.17232340576444652,1.3422080730725199,0.6601009354235676,-0.6711790349722447,-0.1826380684740637,-0.4721599390489596,-0.37060008007759937,-0.28380454928498694,0.46395039974756913
0.4826567490389657,0.015512019962867994,-0.8855324151123527,0.8574346032858913,1.230483310527878,0.9092274579761705,-0.49642855508658945,1.3831637419852247,-0.7133202150812192,-0.4171373459252961,0.3772905361654904,-0.0041086481499015655,1.1671779824736224,0.7727969700475805,-0.5942960939745541,-0.2115537810150874,-0.4721599390489596,-0.1415134521993695,-0.12193563633071741,0.48457041751412777
0.5043491871980204,-0.005069472373730853,-1.2934456130370295,0.9392988755006463,1.6253069329350558,1.316281089929864,-0.5512469427885347,1.4478457196703451,-1.3167936008263026,-0.4829709417331423,0.7203652450881296,0.7217894582834607,1.5222285958499517,0.7584540994988646,-0.6271442664704201,-0.2060708683491983,-0.4721599390489596,0.2860675762318336,0.18018621562136045,0.5051904352806864
0.526041625357075,0.033131301172222724,-0.8629239611958351,0.8885485534430089,1.2407789227229675,0.888007326940754,-0.4931677100306128,1.3839538167724437,0.7386777463122237,-0.4118249319059524,0.8863935807248644,1.0410274547955471,1.4617329994116326,0.7001594578965251,-0.6284129752867968,-0.20811079928975332,-0.4721599390489596,0.19255729241607195,0.11411335867858118,0.525810453047245
0.5477340635161296,-0.04214532803295226,-1.064737723305132,0.8521660564785553,1.4333882182020612,1.0865045411622034,-0.4889934247968203,0.837243691045544,0.13479290246174622,-0.4095904587519949,0.5907990065465812,0.4587919650938345,1.330627532632322,0.7477654643952817,-0.6639327557710021,-0.25750975637096707,-0.4721599390489596,-0.39612382437036364,-0.30183921495473787,0.5464304708138037
0.5694265016751843,-0.06424249993306229,-1.001356108980752,0.8051963632703475,1.3748473358484814,1.021968513929763,-0.48533301215167757,1.20329899721962,-0.619616518460913,-0.4073092737078147,0.4252301833863687,0.04753912045262298,1.2670283747235942,0.8520522825759661,-0.7041532650748661,-0.28415730080623186,-0.4721599390489596,-0.11331971929634015,-0.1020143998124414,0.5670504885803622
0.5911189398342389,-0.06843289855179789,-1.1745569534715734,0.9576333825080893,1.543784907767187,1.19922969280113,-0.48809928031742605,1.467665526783117,-0.29700018403374007,-0.40590172065316793,0.7248809407843018,0.578955831498829,1.5094024045615198,0.8589362983092923,-0.7042142606910377,-0.2833618018318403,-0.4721599390489596,0.22780219048350228,0.13901683467016976,0.5876705063469209
0.6128113779932935,-0.12279287168603337,-1.5743740227218785,0.8370560119772485,1.9444589657810982,1.5906524470013934,-0.4878765269586455,1.3168425125082377,0.22731361717194037,-0.4056402277924159,1.071550085129113,1.172906862457663,1.8478526997223648,0.8904549510703279,-0.7039621454775269,-0.2825663288264438,-0.4721599390489596,0.22780186768427568,0.1390166065854477,0.6082905241134795
0.6345038161523482,-0.13185188941163525,-1.4329611368455004,0.7884571365192031,1.7937916352491228,1.4487772180938745,-0.4823170625442254,0.7714485692126045,-1.0021082002275727,-0.40263030165517155,0.9126578048974217,0.9535890475439027,1.6797465503957414,0.8751220912887444,-0.7411288075983751,-0.30747255107194793,-0.4721599390489596,-0.09167477481819838,-0.08672043147354849,0.6289105418800381
0.6561962543114028,-0.1430288842441479,-1.2479652435526583,0.8375653577237355,1.6325596051724398,1.2674140649462606,-0.4799759588834638,1.3296308386367395,-0.19288789237720208,-0.39838367521128537,0.6581208873566002,0.4760018168221159,1.4792253123337307,0.890858880046734,-0.7788728948856534,-0.3326317532838916,-0.4721599390489596,-0.09481936078848476,-0.0889423451549141,0.6495305596465968
0.6778886924704575,-0.17988056325098928,-1.2337770599558606,0.804899537920059,1.6156069381311684,1.2521344448691685,-0.47842329226997254,1.3299178527928928,-0.2717937162159439,-0.39573544127482974,0.45560933437618956,-0.04028635675370381,1.3823423218741113,0.991547645962585,-0.8148969057968782,-0.35673876982373465,-0.4721599390489596,-0.08174050577403992,-0.07970103734275265,0.6701505774131554
0.6995811306295121,-0.1724636674509308,-1.318893167274563,0.8688242603488605,1.7065380535661658,1.3388327358346181,-0.47911137502904366,1.3452994279002781,-0.6295068516604446,-0.3954241769990392,0.7737279014318432,0.5198980657618382,1.635220950824597,1.0191736232256072,-0.8176254430269748,-0.3569462919264505,-0.4721599390489596,0.21533446012776938,0.13020733767603454,0.6907705951797141
0.7212735687885667,-0.16165996781140582,-1.4544658307881813,0.9255112839021807,1.84112925654978,1.4752282840842819,-0.47793017855677783,1.404088197890308,-0.06699623596243504,-0.3958618370144577,1.208552965869798,1.3266777529415177,1.9259889466278417,0.9712401588753569,-0.8138803121940104,-0.3553035109994346,-0.4721599390489596,0.23833405582681436,0.14645848069854137,0.7113906129462727
0.7429660069476214,-0.1282980610581248,-1.5294093992485829,-0.012722576771787586,1.8827551626487815,1.5141656087565034,-0.5966680791961274,1.47563017369222,-0.8048075947483132,-0.5457951790860273,0.8061166315246333,1.7801614029338069,1.3374589451338152,0.30948472853363357,-0.7461507799965428,-0.2591847639201474,-0.4721599390489596,1.4126871157654561,0.9762373944544048,0.7320106307128313
0.7538122260271487,0.06226961330270896,-0.7495913512186673,1.2598792800264733,1.234933383363453,0.7897329254654278,-0.5441095109838282,0.616501185137698,0.9115795579335637,-0.4760211446662283,0.9260366986427142,1.7660950953178747,1.1981001194881395,0.25268721328777255,-0.7078983959078305,-0.23431867965376654,-0.4721599390489596,0.5270038461363434,0.568825792045903,0.75263064847939
0.7755046641862033,-0.1259923141067919,-1.4355560567010135,0.8720339340667096,1.824636592690075,1.454490029899289,-0.53551092846355,1.3911401659586113,-0.11511880505374208,-0.4697175435774764,0.6081215932801527,1.0034383909869802,1.257109683552363,0.49901241297296045,-0.7803327232993712,-0.30882280108165017,-0.4721599390489596,-0.7081854816521338,-0.5223369441620416,0.7732506662459485
0.797197102345258,-0.1497618763504775,-1.0794396193484872,0.8764049719147907,1.4870960287495385,1.1019760165324635,-0.4764113994999175,1.467891916305702,0.2750320990354564,-0.39671909528197413,0.23709809730437728,0.2004187520084234,0.918581882520258,0.5881751728135256,-0.8150880253942175,-0.3570601913327761,-0.4721599390489596,-0.3816853421108823,-0.29163721648062757,0.7938706840125072
0.8188895405043126,-0.17563211622537653,-1.0229261224491224,0.8469598722440883,1.4537451639488388,1.0449008203989583,-0.47320185834327594,1.433264820589951,-0.45403519859962127,-0.3924654393440576,0.13321323414001796,-0.07384623336556632,0.8771635150229006,0.6545096247764037,-0.8586104307201959,-0.3848986056705973,-0.4721599390489596,-0.1281224439575718,-0.11247376608740627,0.8144907017790658
0.8405819786633673,-0.20655921936783742,-1.0292884979858474,0.8739895826418476,1.451695759632432,1.0522182364913353,-0.416443802284492,1.3930526973539326,-0.1740030683352339,-0.32428374606145094,0.15185027279708854,-0.11643527111996356,0.8855407468381795,0.7057417019442495,-0.852767050690912,-0.4069389181323154,-0.4721599390489596,-0.056051006560853975,-0.061549251922136936,0.8351107195456244
0.8622744168224219,-0.2000268133520039,-0.8860412607160354,0.8122050958033231,1.356019660841342,0.9080305145379317,-0.4667602268376552,1.5526290246426941,0.7957275629443762,-0.38569067132863194,0.08709677159820256,-0.21957245196548106,0.8267829077612879,0.7029751334825949,-0.9316140505293421,-0.4327494700760767,-0.4721599390489596,-0.10291575378453391,-0.09466312574023757,0.8557307373121831
0.8839668549814765,-0.22590964818337464,-0.8460646524042582,0.79345439096819,1.3131376357669975,0.867734722832506,-0.4096913326134674,1.4103632329847673,0.48000160785930207,-0.31695518211247653,0.07413348600992868,-0.27618129812704034,0.7981828341098767,0.730385996272879,-0.92773879571521,-0.4566365631639798,-0.4721599390489596,-0.07900681815742777,-0.07776945780466743,0.8763507550787417
0.9056592931405312,-0.25441861126322735,-0.7701266382552738,0.7812889226931332,1.2364470963766536,0.7920723477613332,-0.35038121886043777,1.499750184033784,0.112921746953952,-0.25192436493535136,-0.0371765691378313,-0.5384430454593566,0.7035510453605472,0.7803296450719797,-0.928503274104567,-0.458721695200716,-0.4721599390489596,0.19199543475243097,0.11371635912391505,0.8969707728453004
0.9273517312995858,-0.3562707859644718,-1.4359314507598364,0.8137111626705839,1.8794316712173282,1.452668545063288,-0.40700760379024653,1.4011311389901215,-0.7013112777378117,-0.31435855866199847,-0.0923598599923988,-0.6815814052578262,0.8801945280498487,0.8737787358682036,-0.9673249506108847,-0.48240749251692294,-0.4721599390489596,-0.0765046759188049,-0.0760014844926801,0.917590790611859
0.9490441694586405,-0.33465708487541734,-1.1660143429963488,0.7962865452452832,1.6104458899332588,1.184702032834075,-0.40142910356473893,1.5501426189817795,-0.8018363994488592,-0.31033356588453376,-0.08307310653156326,-0.6980046485237322,0.8124483625366404,0.8690449418179016,-1.0028406647206758,-0.5061702053988126,-0.4721599390489596,-0.07746075007814064,-0.07667703105909356,0.9382108083784176
0.9707366076176951,-0.31196943543141176,-0.8320900553720484,0.7518212891735091,1.305014918482934,0.852329408517089,-0.34625518762696667,1.393273432912884,0.004305466157000659,-0.24363452862276902,-0.03346635459693098,-0.6134552906415763,0.721738513203267,0.8524875339213418,-1.0013808363069578,-0.504958525284735,-0.4721599390489596,0.23297539605931666,0.14267213821538988,0.9588308261449762
0.9924290457767497,-0.40117429684935246,-1.3281202029648533,0.8119532672709175,1.767022505486609,1.3458320311648633,-0.3445277485204042,1.3988501624841554,-0.5994663448250052,-0.24499432538777685,-0.08054514269771873,-0.794010570773464,0.8565118961815836,0.9581735979219301,-1.0025844831327526,-0.532893111277284,-0.4721599390489596,-0.12931787472804915,-0.11331843817115665,0.9794508439115348
1.0141214839358044,-0.3120922368697129,-0.9401899139530087,0.020530672561516295,1.3491106506972936,0.9318851192775823,-0.3450274906568182,1.5609928310870003,0.5446906392083112,-0.2482601767650293,0.26683758063348956,0.7177155119038854,0.6701044674727615,0.39036103669238253,-0.9672598886203009,-0.5092132584013797,-0.4721599390489596,0.5122587790051317,0.34000926793935127,1.0000708616780936
1.0249677030153317,-0.1847293255891469,-0.8662018201065401,1.1276112942508327,1.3841751933715705,0.9002436051665456,-0.4099786701187437,1.496116326038235,-0.4163195596923393,-0.31680030377019963,0.535096470312208,0.9691483256089424,0.908963318517686,0.45053728252838493,-0.928247092516644,-0.43123868478995425,-0.4721599390489596,1.1871518129806329,1.5017255843363437,1.020690879444652
1.035813922094859,-0.28649865056289897,-1.0810368854378094,0.9870685642881254,1.537863190735337,1.1077194176239948,-0.3475770680016212,1.492119238126814,0.9491645888429581,-0.24735773386789353,0.3511376232544441,0.44519593669557606,0.8810217462660718,0.6133379586653352,-0.9670687690229616,-0.5083681200383454,-0.4721599390489596,-0.7408185993007288,-1.222819953169836,1.0413108972112106
1.0575063602539136,-0.41342352460156795,-1.5193381938449988,0.7742969506983799,1.9494333365957546,1.5337878661636222,-0.343371054380149,1.5052600893321273,0.9364833185471687,-0.24386329704897605,0.131157326805416,-0.08027975608812606,0.9011076005290244,0.7624548915602251,-1.0023933635354134,-0.5321998126974795,-0.4721599390489596,-0.07831818097596732,-0.07728287788939142,1.0619309149777694
1.0791987984129683,-0.465783135143493,-1.5436144976650457,0.7390257119350642,1.9644489192652124,1.556503408449943,-0.342594501071513,1.2855180915988274,0.41768028040385924,-0.24091130357153281,-0.15080329282236787,-0.7328696245915863,0.7839556404300744,0.8827941840423246,-1.0412801020323148,-0.5563977842023888,-0.4721599390489596,-0.08287109216433818,-0.08049989143428797,1.082550932744328
1.100891236572023,-0.35283331212768965,-0.8514243888979613,0.7481130867044048,1.3103016233050866,0.8713376342382433,-0.28460015463298266,1.4780608906736568,0.2488204235644941,-0.17602889091797327,0.24628598588017014,0.024719631547639,0.8155993041494229,0.775320516157543,-1.0389297376224844,-0.5555777679837314,-0.4721599390489596,0.22810694418962976,0.13923216871906893,1.1031709505108866
1.1225836747310776,-0.3887807514637839,-1.200660900796302,0.8028415163037858,1.6276127843144232,1.2192606056501056,-0.28321375412170285,1.522766942187891,0.378140836791708,-0.17699934224259706,0.5259626754711618,0.593420897097398,1.0536433081721048,0.7588619181350156,-1.038104263616956,-0.5807319554103234,-0.4721599390489596,-0.09475702611478255,-0.08889830048080069,1.1237909682774452
1.1442761128901322,-0.4159531169166709,-1.1063337936326454,0.7832185522767292,1.55170387660555,1.1251062285144915,-0.280318114339127,1.178392260146726,0.6328553188248378,-0.17314491808659313,0.24990172193496743,0.0837581180224103,0.8900986397692329,0.779466578419439,-1.0757182269230665,-0.6059153022095677,-0.4721599390489596,-0.09511948230226408,-0.08915440617148485,1.144410986044004
1.1659685510491868,-0.492786383117503,-1.2618966791291508,0.7554705828230892,1.700996541932544,1.2781237905957832,-0.2774183756145745,1.4259949711997832,0.015552597328289477,-0.16892995750196346,-0.09761754427736491,-0.604209053673557,0.6969873178245501,0.8844101123282665,-1.1159387362269306,-0.6302752714747398,-0.4721599390489596,-0.0848847531324789,-0.08192271176645753,1.1650310038105625
1.1876609892082415,-0.5044583455923687,-1.0458230923775884,0.7180935949802709,1.486840028912871,1.0627306606577085,-0.21854108574712258,1.506557186890047,-0.218800732998666,-0.10811452912748842,-0.24928706098443257,-1.068614979320046,0.5730130453918646,0.9748305073573076,-1.1137754250400271,-0.6559239019989105,-0.4721599390489596,-0.10090304174452965,-0.09324097590536999,1.1856510215771212
1.2093534273672961,-0.48315224684600827,-1.0893104693655222,0.7597136260850662,1.5209146042474264,1.1073633386512276,-0.22193282288076538,1.1828989806837527,0.9639714956322486,-0.10664616217040684,0.11081457739908229,-0.49344730948809645,0.8280563399343057,0.9938619631206927,-1.1139014826467826,-0.654670581582197,-0.4721599390489596,0.23349299242597601,0.143037863452154,1.2062710393436797
1.2310458655263508,-0.4578784755694595,-0.8479297368260674,0.7606640551255901,1.3320057742097062,0.8683487054883335,-0.21570318844166012,1.525242943079484,0.8853239663394752,-0.10268601247953048,0.15628666406295788,-0.2010246381524954,0.7123871186924433,0.8361920198149534,-1.1470708987211555,-0.6777232658707393,-0.4721599390489596,-0.06863496839841347,-0.07044087620492377,1.2268910571102383
1.2527383036854054,-0.6038499686586832,-1.579355381799166,0.8095762225531117,2.0280032113329347,1.5945523244621815,-0.21501856146590717,1.4722536487415991,-0.5208596224161475,-0.1038258430570055,-0.08585731018951229,-0.7612503190342649,0.8218522658628844,1.0149700027918842,-1.1473840095508379,-0.6780069819204556,-0.4721599390489596,0.21438735581698082,0.12953812905979378,1.247511074876797
1.27443074184446,-0.6527904744270042,-1.5440188541493063,0.7169056141366289,1.9684495618180142,1.5560720246759603,-0.21146901209130528,1.3997054608172557,0.6809017276794658,-0.09911897349069264,-0.374586703763347,-1.3986901848589155,0.645418618883369,1.1310694773373378,-1.1881778776467198,-0.7038334059761706,-0.4721599390489596,-0.10311304695865806,-0.09480252991203725,1.2681310926433556
1.2961231800035147,-0.6136709983101113,-1.0822142781109492,0.7334672351659696,1.5161475452817483,1.0993486483965644,-0.153868041243733,1.449637298593426,0.3784007602099889,-0.03952331265673083,-0.4527412864157471,-1.7070037628922163,0.506446730097501,1.1836654118335161,-1.188368997244059,-0.7284918264280211,-0.4721599390489596,-0.0885945544564808,-0.08454399749209046,1.2887511104099143
1.3178156181625693,-0.6200255689028432,-1.3459813733762223,0.6897392094774472,1.7535630140941438,1.3589248487264982,-0.15571266884595497,1.4150609692953189,-0.733372512454949,-0.03964036225028418,-0.05903623313988645,-0.9455819336588459,0.7715857225593334,1.1256537836399936,-1.1833510912203036,-0.7257552099054699,-0.4721599390489596,0.2519306267961605,0.1560655982465849,1.3093711281764728
1.339508056321624,-0.651737462196059,-1.54466746247977,0.7742699470858274,1.9790070570798093,1.5588715833716331,-0.20880169757782155,1.4796384489239818,0.7964112107624748,-0.09543282357737361,-0.04800656974844109,-0.879217665674246,0.8963921204157514,1.1631277680128398,-1.2247752473499625,-0.728257018157887,-0.4721599390489596,0.18681607529396083,0.11005670734456412,1.3299911459430316
1.3612004944806786,-0.7261722265528933,-1.6125508703056246,-0.311568082707324,1.9511179816223296,1.5852661853039842,-0.2123847512277175,1.4543461962394757,0.41533054508726497,-0.09909211232471765,-0.47782772932123013,-1.6757762013427855,0.621281487248548,1.171638340250087,-1.1843676848231715,-0.7015386839369524,-0.4721599390489596,0.5500276424571551,0.36669613712555776,1.3506111637095901
1.3774698230999696,-0.3708197120228747,-0.7786427956690082,1.0521759849999612,1.3164040296027306,0.8106931207674695,-0.2835683457440206,1.227424907347571,0.5194639091878048,-0.17215942757985195,-0.01601815877801899,-0.2974341996154695,0.5728374278526119,0.7354249681843311,-1.077495232540879,-0.5797921277851983,-0.4721599390489596,1.7312453399308216,1.557757325049793,1.3712311814761489
1.3991622612590242,-0.5323514765048184,-1.4219993016704593,0.677496289770327,1.858516630578467,1.4337484777346443,-0.27424982031366535,1.4849070520191594,-0.15851557129339675,-0.16618646160131384,0.018308247884694335,-0.42164991934057927,0.792669460240529,0.9132783968026607,-1.1513283927299662,-0.6534789440237113,-0.4721599390489596,-0.6980262328068317,-0.5151585829357586,1.3918511992427074
1.4208546994180788,-0.49202402271868284,-0.7764284105399216,0.7261323628392529,1.2673064134836025,0.7962390930611314,-0.21302451059964708,1.4658604580804677,0.6725405474819456,-0.09850279482980366,-0.18447759533836972,-0.7795116201497759,0.48434592805657894,0.8791325221332763,-1.1855713316489662,-0.6761775068598692,-0.4721599390489596,-0.06423317577183656,-0.06733064059617895,1.4124712170092661
1.4425471375771335,-0.5329712232798473,-0.8061721119510548,0.7680325167495039,1.2890187762197922,0.8272713149673119,-0.1534137159940054,1.4748117599802535,0.7315687985748139,-0.039082869431967364,-0.25407885697042,-1.03824777514903,0.45414176829604536,0.9542037729229411,-1.1848109196340215,-0.7018602108283057,-0.4721599390489596,-0.10132658071603542,-0.09354024170515234,1.4330912347758247
1.4642395757361881,-0.5744370899495798,-0.878178990350279,0.6947668217712275,1.3528256952072741,0.8958278282679033,-0.1508295008565449,1.4838872788514097,-0.4791476470832001,-0.03535748928235618,-0.32045339072828505,-1.225411547359786,0.4498780969280007,1.0213684555200904,-1.2186146901165837,-0.7506554276973849,-0.4721599390489596,-0.3886192261703789,-0.29653658701856345,1.4537112525423832
1.4859320138952428,-0.7058571375290755,-1.610116425295931,0.6734549408971796,2.029135201076299,1.6198974885042203,-0.15042041921410126,1.4865392184048034,-1.0308973657611316,-0.03537190063060347,-0.2910183072187339,-1.3139279051700987,0.7032392236901985,1.184709525267903,-1.2195011597382839,-0.7498030320811016,-0.4721599390489596,0.22850942586015152,0.13951655576991698,1.474331270308942
1.5076244520542974,-0.6280497281452432,-1.0211809436633874,0.7271285600057965,1.4813033434939842,1.0386661782657447,-0.14650648577763567,1.431001990728695,-0.1402610950213482,-0.03064424136600992,-0.3113227877832641,-1.2516431564469395,0.5066237841378636,1.0762573074324928,-1.260929382242355,-0.7764692527653053,-0.4721599390489596,-0.11355186839184558,-0.10217843261558152,1.4949512880755005
1.529316890213352,-0.6254238700447247,-0.7860593733182689,0.678214110457193,1.265731092594325,0.8039750877982849,-0.08664729907442906,1.455656812813485,-0.5947737414375591,0.027480688529376494,-0.35846060888377845,-1.3986326241409066,0.4051143951766104,1.0901056534024056,-1.260351957075925,-0.7772785599134955,-0.4721599390489596,0.20785416499705756,0.12492188189627118,1.5155713058420592
1.5510093283724067,-0.7318174837119827,-1.42614371754808,0.6632012447903918,1.8556955444357621,1.4373153104823349,-0.14165844783410517,1.445567514076075,0.6665889728914293,-0.02694365719691288,-0.3341942039041926,-1.439343864891606,0.6500333569924861,1.2391405672091143,-1.2965711539589015,-0.8004494368051854,-0.4721599390489596,-0.07010412347373357,-0.07147895746355454,1.5361913236086178
1.5727017665314613,-0.6573870919478179,-0.8656174809251619,0.7520472664279573,1.3415755400087281,0.8855416487735926,-0.08307508192774175,1.4338252237439517,-0.35040375560488485,0.031143354562773482,-0.2721122608835376,-1.3003582481369622,0.49967151487396694,1.1552649226009113,-1.2932651915623747,-0.824156668253389,-0.4721599390489596,-0.07677110599115894,-0.07618973968063977,1.5568113413751765
1.594394204690516,-0.7713864537410654,-1.5913153878404704,0.6230468411484531,2.024471058000409,1.5993823417426078,-0.1379642033501756,1.4704541803901416,-0.18024011727988765,-0.022353406958901773,-0.20197979442067415,-1.2281787168643263,0.7760189031007176,1.2543133072238488,-1.3301187428535406,-0.822951594672236,-0.4721599390489596,0.23289327568021695,0.1426141132812473,1.577431359141735
1.6160866428495706,-0.6915831513633264,-0.9312161088730792,0.6827124200214961,1.3929257200251737,0.9478996000649006,-0.0771542421045491,1.5017812702629147,0.5963211365377512,0.0367835786984482,-0.15777752824117394,-1.1046869519921696,0.5887722993883923,1.1726266796927955,-1.3333596432594834,-0.8505103938324367,-0.4721599390489596,-0.12464677757576277,-0.11001791633211129,1.5980513769082938
1.6377790810086252,-0.7984292948065588,-1.516344810292835,0.6521702979670082,1.9323040653277732,1.5262307524482865,-0.07793407826699092,1.465287555941842,0.7174220006492187,0.03525395887481974,-0.20946529739645192,-1.2946965595239075,0.7456040532933261,1.28742895782813,-1.3317086952484263,-0.8497669612536458,-0.4721599390489596,0.22715499592721713,0.13855953744480898,1.6186713946748523
1.6594715191676799,-0.7338253987665238,-1.0158664413865708,0.6997784673196094,1.4800761888716387,1.0323744708438054,-0.0737505907228193,1.5055714556838193,-0.3148489647127457,0.04019311853187191,-0.23281115290557755,-1.3287403286793982,0.5827565517553476,1.2380160670895641,-1.366846236537951,-0.8729336688183545,-0.4721599390489596,-0.070052297997929,-0.0714423384190057,1.6392914124414109
1.6811639573267345,-0.8165600979318709,-1.5109584325572787,0.6568998444449523,1.9282505399802765,1.5210742331090823,-0.07386912984030887,1.5321576753017125,0.7726128275993358,0.040223255526670706,-0.11693296459929066,-1.1921420709194097,0.8089577028658933,1.3252229881727977,-1.366846236537951,-0.8721439894219285,-0.4721599390489596,0.2277298520944963,0.13896572153230646,1.6599114302079696
1.7028563954857892,-0.7434649778093207,-0.9001940087688144,0.5952500500006971,1.3552060386390845,0.9138879333255172,-0.014743939431380259,1.1020050502028036,0.1172125657949789,0.09636844511798043,-0.09263650648746384,-1.1067818513188972,0.6366526466526246,1.2473947896991233,-1.3705263053803316,-0.9003876657560501,-0.4721599390489596,-0.13315992263934343,-0.1160331672004219,1.6805314479745281
1.7245488336448438,-0.7175692555325235,-1.4992020493932923,-0.4300754472816424,1.9374967427267185,1.4685551419219018,-0.19706123109413443,1.4983523954048559,-0.607899846500991,-0.08264450356653986,0.20885256969725688,0.7716071186135266,0.73821078263092,0.5049850622720577,-1.3317696908645977,-0.7979368087129376,-0.4721599390489596,1.4913963686552452,1.031852081888206,1.7011514657410869
1.7353950527243711,-0.4724159092042386,-0.8505127050636511,1.3103760998344058,1.5552439177677277,0.8915789121494164,-0.208943458736724,0.3090370675332441,0.1050940747375731,-0.09057681764850174,0.34773339678659176,1.3124020181465117,0.4410182162799306,-0.02704110503507437,-1.257054127428223,-0.7466963227409827,-0.4721599390489596,0.8548423494978387,1.0321165799472352,1.7217714835076454
