cycle,voltage_mean,voltage_min,voltage_max,voltage_std,voltage_range,current_mean,current_min,current_max,current_std,temperature_mean,temperature_min,temperature_max,temperature_std,discharge_duration,capacity_Ah,initial_capacity_Ah,capacity_change,capacity_degradation_rate,cycle_progress
2,3.52982866886934,2.612467347907089,4.191491807505295,0.2359570706808563,1.5790244595982057,-1.8187019641679727,-2.0180146876333027,0.0007285852728454,0.593546181674474,32.572328114029,24.325993424022467,38.98218133148803,3.4869204762216834,3690.234,1.8564874208181568,1.8564874208181568,0.0,0.0,0
4,3.5373201277859714,2.587208728940726,4.189773213846608,0.2347649292859221,1.6025644849058818,-1.817559850661287,-2.016820542901454,0.0029274033590803,0.5951796218062511,32.72523522519307,24.685948163596,39.03339796678704,3.426734226466466,3672.344,1.846327249719927,1.8564874208181568,-0.0101601710982301,-0.005080085549115,1
6,3.5437367282719,2.65191689384378,4.188186735991303,0.2275254354967308,1.536269842147524,-1.816486541884096,-2.016573862170142,0.001483676365228,0.5964980204475099,32.64286193755933,24.7342661639544,38.81879668981741,3.379475042762775,3651.641,1.835349194223408,1.8564874208181568,-0.010978055496519,-0.0054890277482595,2
8,3.5436661072601456,2.592947964776547,4.188461118855572,0.2327443172418253,1.5955131540790246,-1.8255891938692528,-2.0159359571668354,0.0015470119527235,0.5834624841611844,32.51487646204882,24.65224374129252,38.7623045063458,3.3865437316993527,3631.563,1.8352625275821128,1.8564874208181568,-8.666664129508561e-05,-4.3333320647542806e-05,3
10,3.5423432526672167,2.547419651124539,4.188298524761055,0.2366885716567803,1.640878873636516,-1.8261139590277584,-2.017425579158831,0.0017014548245034,0.5834685498827803,32.38234901543077,24.518700434435164,38.66539257343368,3.3958806914600226,3629.172,1.8346455082120416,1.8564874208181568,-0.0006170193700711,-0.0003085096850355,4
12,3.541334734634757,2.5209480504077413,4.188815807948604,0.2393162599829323,1.6678677575408627,-1.8168108743168805,-2.0162347618032066,0.0024899497555445,0.5967015706365189,32.43418218230641,24.51442664842638,38.75169504640032,3.4173255675455376,3652.281,1.8356616600675493,1.8564874208181568,0.0010161518555076,0.0005080759277538,5
14,3.541025049507521,2.487927319492314,4.18839163793879,0.2425153341196382,1.700464318446476,-1.816791144707133,-2.01583310669507,0.0023142958827398,0.5964919190059063,32.480416444757985,24.575581239008407,38.8207012322275,3.419542558294876,3650.828,1.8351461429226603,1.8564874208181568,-0.0005155171448889,-0.0002577585724444,6
16,3.554133296801584,2.665204904745877,4.188927891511958,0.2273125109616539,1.5237229867660806,-1.844341212075406,-2.0166395518034546,0.0022276160569156,0.5573831672048897,32.41046186109587,24.71132429046902,38.51713023385634,3.3516161723228617,3572.453,1.8257567905665533,1.8564874208181568,-0.0093893523561068,-0.0046946761780534,7
18,3.5529355991467955,2.603858472633368,4.189029250882121,0.2324538495076242,1.5851707782487536,-1.853972745505648,-2.018357230695621,0.0054010283210214,0.5424840616663397,32.3461408313,24.628487294051176,38.526267904657,3.3724043396197616,3550.594,1.8247738529891333,1.8564874208181568,-0.0009829375774201,-0.00049146878871,8
20,3.5512057319377,2.552853984885676,4.189223427076418,0.2367287014754214,1.636369442190742,-1.853589933851096,-2.016071837814984,0.0030191479674457,0.5423346882876612,32.27679750791685,24.561560340089137,38.52698128472781,3.384318782535614,3551.25,1.824613268496936,1.8564874208181568,-0.0001605844921972,-8.029224609862329e-05,9
22,3.549292319740949,2.472448301852732,4.188916055911241,0.2430973444996006,1.7164677540585092,-1.863380178294828,-2.0160713863396573,0.0026264001899385,0.5267409991401001,32.15709350345252,24.43128509546442,38.54143406601644,3.4192563180601603,3530.25,1.8246195526864504,1.8564874208181568,6.284189514316196e-06,3.142094757158098e-06,10
25,3.559759220648976,2.64956413267546,4.189876247266316,0.2288618517595794,1.5403121145908556,-1.872968810287894,-2.016851865845563,0.0023645237017673,0.5116979707844124,32.36407129853099,24.74037188089418,38.52197451768004,3.3635991447660745,3491.016,1.814201935767392,1.8564874208181568,-0.0104176169190584,-0.0034725389730194,11
27,3.558081969139198,2.5724981777366227,4.189286794768804,0.2346077577627525,1.616788617032181,-1.8826095043160835,-2.016393908986775,0.001858378552761,0.4942824152307196,32.3181954403762,24.73310769931152,38.582485834057856,3.373928317672441,3470.281,1.8137521577549047,1.8564874208181568,-0.0004497780124868,-0.0002248890062434,12
29,3.555692244172496,2.5249886697730286,4.188837765892728,0.237911318298918,1.6638490961196997,-1.882536787636365,-2.0158117255163046,0.0022664654273509,0.4942870357372934,32.15709029211502,24.44798340505406,38.52029413487392,3.426023279669047,3470.0,1.8134404914735824,1.8564874208181568,-0.0003116662813227,-0.0001558331406613,13
31,3.562746818017503,2.694621861688723,4.189110301768517,0.2239260869020738,1.494488440079794,-1.8817935155260213,-2.0193509920362724,0.0013199464372558,0.4954145192703598,32.04407000314609,24.46309712112356,38.21358592965045,3.360458061989185,3450.297,1.8025980036306504,1.8564874208181568,-0.010842487842932,-0.005421243921466,14
33,3.5614521756489204,2.64010141737067,4.18921207304098,0.2279697917277214,1.5491106556703098,-1.8921861285036712,-2.0164420273602586,0.0030782527761262,0.4770160473926998,31.93159367491153,24.32051139249706,38.1983618706913,3.385244667118977,3429.407,1.80210690024615,1.8564874208181568,-0.0004911033845003,-0.0002455516922501,15
35,3.5603420474985823,2.573903509838096,4.188899969428112,0.2329760049856253,1.614996459590016,-1.9027629207037409,-2.016465255161054,0.00090184864654,0.4571130109358775,31.941655359029298,24.357321702352365,38.31926916027133,3.4008083552683144,3409.484,1.802579500826209,1.8564874208181568,0.000472600580059,0.0002363002900295,16
37,3.5591189041401865,2.4942396831720126,4.188779799856791,0.2387364387680622,1.6945401166847782,-1.913347060582244,-2.0181069603406625,-0.0004481239748701,0.4358942318853322,31.965008645476725,24.382419922756025,38.4787542519308,3.414795247499799,3390.422,1.8030683142834096,1.8564874208181568,0.0004888134572005,0.0002444067286002,17
39,3.557886771846508,2.4556793246645583,4.189272591516219,0.2414503141215667,1.7335932668516607,-1.9131602105481536,-2.0170254305215485,0.0023375587090041,0.4361904658639456,31.966241678512723,24.355030419469987,38.54659017774874,3.433369080629228,3390.281,1.802777624719604,1.8564874208181568,-0.0002906895638057,-0.0001453447819028,18
42,3.5520375235511907,2.632142800798914,4.187614060563439,0.2341656307122479,1.5554712597645248,-1.8553455745575973,-2.01684718332263,0.0059551658046401,0.5400579358950733,32.37143341978575,24.54942444728521,38.44749852224995,3.358265608227543,3591.734,1.8470259949329195,1.8564874208181568,0.0442483702133156,0.0147494567377718,19
46,3.5525668436897124,2.5027764692056795,4.187628781108399,0.2441722414090925,1.684852311902719,-1.8746995273150973,-2.016190951623346,0.0016182635202416,0.5078881766945342,32.70024990461686,24.917503693363493,38.992275791716615,3.4144547200965945,3552.297,1.847417311283644,1.8564874208181568,0.0003913163507245,9.782908768113384e-05,20
50,3.556794038327039,2.617507742871704,4.187447226312926,0.2331197356739463,1.5699394834412224,-1.873827212788385,-2.016760348146938,0.0025192157843694,0.5090210348494151,32.32266411829938,24.56596639952811,38.51424197364312,3.395181230789341,3531.578,1.8361774213478947,1.8564874208181568,-0.0112398899357493,-0.0028099724839373,21
54,3.5614100044534203,2.694074478000972,4.187344026387161,0.2248463314404929,1.493269548386189,-1.883193546754683,-2.0160230713598764,0.0037933120349866,0.493049411096651,31.98795810666763,24.21658146702539,38.165816144899125,3.404274898198559,3492.907,1.825780747577624,1.8564874208181568,-0.0103966737702707,-0.0025991684425676,22
58,3.556610794781798,2.6237674644021887,4.187438187636325,0.2306744963518295,1.5636707232341367,-1.873239184822504,-2.01719076462715,0.0034388887386759,0.51045002675325,31.894456524691385,24.05499065781757,38.16526203587147,3.436465900023053,3511.594,1.8251136435078368,1.8564874208181568,-0.0006671040697872,-0.0001667760174468,23
62,3.5586742170266272,2.5010798299873738,4.18774138117799,0.2384585859277787,1.686661551190617,-1.9139593751505897,-2.016114862565665,0.0012614422239159,0.4336815885962881,31.78039681801023,24.024851602995685,38.27549578575718,3.444949444530768,3431.9370000000054,1.825581504220376,1.8564874208181568,0.0004678607125392,0.0001169651781348,24
66,3.564103182686905,2.68499881852498,4.188261122540052,0.223712897106684,1.503262304015072,-1.9030532722310995,-2.016863630474281,0.0031353992245556,0.4560917837399327,31.688747146342205,23.93622764909489,37.98216079918311,3.4231952488727075,3431.125,1.814031127508391,1.8564874208181568,-0.0115503767119851,-0.0028875941779962,25
70,3.559588063594272,2.547109116468133,4.187338767288234,0.2339906050623352,1.640229650820101,-1.913459074224792,-2.024643671910137,0.0011043615738374,0.434873129767018,31.59674799256916,23.811534187517506,38.11100191887773,3.461139819499428,3412.406,1.8147691941158937,1.8564874208181568,0.0007380666075027,0.0001845166518756,26
74,3.556833231052199,2.471314764334132,4.187560306288175,0.2394720241414124,1.7162455419540428,-1.913620909902553,-2.017291134571006,-3.060676830687782e-05,0.43491395027052,31.56558649878708,23.754765330883423,38.18831137948753,3.480274215150429,3410.688,1.813969388710352,1.8564874208181568,-0.0007998054055415,-0.0001999513513853,27
78,3.5624410850948944,2.6613903306108773,4.18805176248713,0.2246938172828494,1.5266614318762528,-1.902581974571906,-2.01713712589233,0.0037901043107805,0.4573564287414881,31.59124667045208,23.79410930748377,37.99854111908584,3.455173082508427,3410.718,1.802765665167823,1.8564874208181568,-0.011203723542529,-0.0028009308856322,28
82,3.5591407106855666,2.541762355407921,4.187667484260542,0.2337381121665522,1.645905128852621,-1.9130621638638965,-2.015946028510057,0.0006901740069088,0.4362089113558066,31.603485399391182,23.80130098691845,38.194201649765226,3.4825819327963465,3392.719,1.804077040117352,1.8564874208181568,0.001311374949529,0.0003278437373822,29
86,3.5573161327793144,2.628919415830567,4.2010701773378685,0.2244802327371113,1.5721507615073014,-1.920618117118412,-2.0167372379007014,0.0008475435827522,0.4205282536761078,31.91556385491565,23.78129749955371,38.45796400011448,3.5076959837591097,3470.672,1.8518025516704488,1.8564874208181568,0.0477255115530967,0.0119313778882741,30
90,3.561870782772737,2.6312552691827045,4.1996223345495824,0.2232655714450736,1.568367065366878,-1.9298830859597569,-2.0183057226929555,0.0011650883880798,0.399294272689169,32.081128118597164,24.2036410699716,38.49126351534004,3.3915014198167084,3414.109,1.8307038456739428,1.8564874208181568,-0.0210987059965059,-0.0052746764991264,31
94,3.5617586337260088,2.654880745360911,4.199853323702163,0.2210459604835194,1.5449725783412518,-1.929300528480541,-2.016579511976592,0.0019472390588109,0.4002852377219257,31.849792632896243,24.00078927251757,38.31473393357882,3.3803301579998144,3395.219,1.8199041089501269,1.8564874208181568,-0.0107997367238159,-0.0026999341809539,32
98,3.5597307651083123,2.6749688422803803,4.199103467081427,0.2189722484436545,1.5241346248010466,-1.923330987770314,-2.0193879194408373,0.0018372947715281,0.4135159697940358,31.465690433362017,23.53999092882516,37.861934640176806,3.416430218751927,3386.0,1.809307963702852,1.8564874208181568,-0.0105961452472749,-0.0026490363118187,33
102,3.5575937553540915,2.6159705726789904,4.199998536865001,0.2236425238784347,1.5840279641860109,-1.9284469980320087,-2.015814483813837,0.0074961910680886,0.4019409655775892,31.40934895665031,23.56609574757256,37.90665575786083,3.39766676229326,3368.187,1.80460990458052,1.8564874208181568,-0.004698059122332,-0.001174514780583,34
106,3.5597237883937995,2.658447162110498,4.19967522099872,0.2206730496885283,1.5412280588882217,-1.9231439161693824,-2.019901495893039,0.0013923748862999,0.4145005123309109,31.90224747551808,23.9730227457941,38.34003238560517,3.4319633187951024,3368.266,1.7993770651972192,1.8564874208181568,-0.0052328393833007,-0.0013082098458251,35
110,3.559061771422033,2.697942608427116,4.1991847248803165,0.2174117074890921,1.5012421164532008,-1.917014964043808,-2.016522387288751,0.0025753372180031,0.4272903561501054,31.649024294808623,23.755161868961988,38.0745950590744,3.429628733786301,3358.719,1.7884432335370462,1.8564874208181568,-0.010933831660173,-0.0027334579150432,36
114,3.557015527748059,2.6617272246516333,4.200012480335,0.2202112122344345,1.538285255683367,-1.922048805055383,-2.017112121704317,0.0011747056452339,0.4161258984825695,31.48874626238971,23.51454265913581,38.07252758016199,3.4678195183884166,3339.5,1.7829230484252725,1.8564874208181568,-0.0055201851117736,-0.0013800462779434,37
118,3.5562481933590964,2.699288287625812,4.1992373656547874,0.2171153204978367,1.4999490780289753,-1.916230282154988,-2.018009988339822,0.0023816748049826,0.4289376620356979,31.329995610092634,23.27146353182613,37.80133585100446,3.5094402484809746,3331.265,1.7730337158018288,1.8564874208181568,-0.0098893326234437,-0.0024723331558609,38
122,3.5532756526091784,2.612793240883853,4.199395781118708,0.2242097776623701,1.5866025402348545,-1.9220800182578983,-2.017724236336294,0.0021374370347549,0.4172895950868297,31.569551201845574,23.439367870877128,38.39873985476869,3.562748483599031,3321.188,1.773037755078937,1.8564874208181568,4.039277108125461e-06,1.0098192770313652e-06,39
126,3.556266431640255,2.6637064901468075,4.199578698026071,0.2206559864089456,1.535872207879263,-1.916241789031196,-2.016792488625222,0.0015198619580386,0.4295482143045132,32.111426258867944,24.020578317587123,38.74929237918251,3.542509758652166,3321.844,1.7678721106662054,1.8564874208181568,-0.0051656444127314,-0.0012914111031828,40
130,3.5563095420140822,2.6668454289754746,4.199546957512695,0.2208647208047918,1.53270152853722,-1.915880982351776,-2.017255132631586,0.0018244735178706,0.4301866281036963,32.271676011112376,24.25608631932004,38.87275464755104,3.505491291733021,3311.828,1.762315070409309,1.8564874208181568,-0.0055570402568965,-0.0013892600642241,41
134,3.558950851054106,2.684431051981017,4.194091469340824,0.2248771520046519,1.5096604173598074,-1.911440626575304,-2.0159457514475405,0.0005228307091433,0.4394410941939015,31.84229165967865,23.99270220171187,38.503541429116005,3.5341086843673057,3327.391,1.7676172924938447,1.8564874208181568,0.0053022220845357,0.0013255555211339,42
136,3.5534418211598053,2.645224362345869,4.200715235801255,0.2226344820148037,1.5554908734553856,-1.915816699754416,-2.021877555086194,0.0024271068866283,0.4299853699579859,31.759815453754253,23.826487051861594,38.27009094548294,3.461197240670021,3312.078,1.762668359743147,1.8564874208181568,-0.0049489327506977,-0.0024744663753488,43
140,3.5510121537420285,2.6603527244917,4.1990980807180325,0.2213051101969749,1.5387453562263325,-1.9151304155635367,-2.0169903181968984,0.0006158711833322,0.4310379045239763,31.41911167391793,23.3485583063804,38.11684755251712,3.5319955005201416,3293.172,1.7517304870664143,1.8564874208181568,-0.0109378726767326,-0.0027344681691831,44
144,3.551317608213948,2.6926849789916263,4.199398534411534,0.219007207490344,1.5067135554199078,-1.914848578439364,-2.016185456554963,0.0008035192993614,0.4323139024511879,31.331626572312267,23.23621418856597,38.04152715355532,3.538620015044167,3275.328,1.7418496047960008,1.8564874208181568,-0.0098808822704135,-0.0024702205676033,45
148,3.549003180550162,2.670544734728978,4.199122915612965,0.221128808998641,1.528578180883987,-1.9144128654409127,-2.0170647431651068,0.0014889451776809,0.4327839754033059,31.35934131425137,23.214801785728056,38.17980302242767,3.580882360514829,3265.016,1.7360913511847138,1.8564874208181568,-0.005758253611287,-0.0014395634028217,46
150,3.559764834095517,2.605158060541757,4.190409478081396,0.2269081165416427,1.5852514175396388,-1.9388813849818085,-2.0168134548386294,0.0024931147123922,0.3772637665356265,34.31088483888259,26.6473739461698,40.71218198711114,3.3312911329320847,3328.937,1.7936240148573608,1.8564874208181568,0.0575326636726469,0.0287663318363234,47
154,3.5623454342368555,2.672012007453096,4.199933846791869,0.2219615161167919,1.5279218393387732,-1.927509725704535,-2.0165540953857675,0.0028589701045215,0.4040668216252261,33.43585640373788,25.69911743242072,39.88526123315293,3.375809341922384,3329.266,1.7831890223273277,1.8564874208181568,-0.0104349925300331,-0.0026087481325082,48
158,3.558336657621618,2.674271233724938,4.199365021329158,0.2211630242404102,1.52509378760422,-1.9267185977839405,-2.022483480851903,0.0012369720338688,0.4055885131371584,32.66698125020078,24.83328108182313,39.18287352945846,3.410710826213734,3301.579,1.7673642076278957,1.8564874208181568,-0.0158248146994319,-0.0039562036748579,49
162,3.554013138622869,2.6309416727017187,4.19902365945384,0.2244170962814481,1.5680819867521216,-1.9261308349663744,-2.016804145903712,0.0027115029184951,0.4068434847542995,32.28423408691397,24.361616832363048,38.95156480403077,3.477296802755773,3283.563,1.7570177850353066,1.8564874208181568,-0.0103464225925891,-0.0025866056481472,50
166,3.552376095886298,2.6629725743154204,4.199432142144215,0.222045693802601,1.536459567828795,-1.9202346781375208,-2.0172800396238526,0.0031272458314235,0.4201798083466841,32.00739178780946,24.019157444608588,38.607510759873634,3.511463608907252,3275.125,1.7468706179837907,1.8564874208181568,-0.0101471670515158,-0.0025367917628789,51
170,3.549618661283733,2.612942119873717,4.199640922827531,0.2262225932909048,1.5866988029538145,-1.9201011498853635,-2.0159193745006387,0.0012894534058489,0.4206076443839264,32.06387071886056,24.00664649428476,38.920359903369054,3.565622841015737,3265.656,1.7417172507457144,1.8564874208181568,-0.0051533672380763,-0.001288341809519,52
174,3.54938103086703,2.615719844266148,4.199305653118061,0.226444631751982,1.5835858088519132,-1.9144278105456467,-2.020605919573001,0.0010352326876111,0.4328590035817753,32.43754560319043,24.328038456694348,39.23273115358871,3.6022709283889247,3266.093,1.7364225056478186,1.8564874208181568,-0.0052947450978957,-0.0013236862744739,53
178,3.547211868041896,2.6287695472774453,4.198949734540481,0.2256048866862126,1.5701801872630354,-1.908340706503589,-2.017554048083073,0.0021414406216503,0.4454245921181926,32.16809876635083,24.12159109376564,38.9649270684008,3.563053000695821,3257.594,1.7263217239235826,1.8564874208181568,-0.010100781724236,-0.002525195431059,54
182,3.5467052098640246,2.6655106679421823,4.19834220599025,0.2226094623669177,1.5328315380480677,-1.902207182631691,-2.016416703030436,0.0017702200905978,0.4575237574010793,32.05752645824972,23.971565610462942,38.83927283461771,3.580382906894387,3248.593,1.7158065389330133,1.8564874208181568,-0.0105151849905693,-0.0026287962476423,55
186,3.544629653883431,2.650495153350403,4.198995776266302,0.2244108788342533,1.548500622915899,-1.9020484449938715,-2.0170229987437884,0.0014307662327893,0.4582494402016183,31.97592092807272,23.83541998401671,38.82796377704433,3.613712963904532,3238.766,1.710533351135192,1.8564874208181568,-0.0052731877978213,-0.0013182969494553,56
190,3.5436291614253204,2.643236235233877,4.19916986492694,0.2251626394650501,1.555933629693063,-1.8964907679062355,-2.016783933430818,0.0049011998067657,0.4695119039783484,32.21689335291319,23.956923878018035,39.14007944734004,3.680920741665673,3240.14,1.706014499648521,1.8564874208181568,-0.0045188514866709,-0.0011297128716677,57
194,3.5444946147995258,2.656450207001938,4.199246833083063,0.2250288003365719,1.5427966260811248,-1.895971437908019,-2.019982930624072,0.0017964242690772,0.4700220134159711,32.55632993697177,24.465118009505925,39.349611598028886,3.5876341260521625,3230.109,1.7003110272642588,1.8564874208181568,-0.0057034723842621,-0.0014258680960655,58
198,3.5409201846556857,2.626177688152069,4.19925518864016,0.2275926795404217,1.5730775004880906,-1.889964879983928,-2.016448312230377,0.0048990136261112,0.4809252461296192,32.40048085325998,24.267851748683743,39.29444535878087,3.6261445424786727,3229.7810000000027,1.6945798601797897,1.8564874208181568,-0.005731167084469,-0.0014327917711172,59
202,3.541195668799061,2.6582230344240045,4.199610827671791,0.2253901682415922,1.5413877932477869,-1.889370382442051,-2.026465491633473,0.0024344067431928,0.4822531223123997,32.29371860868794,24.14386556947967,39.10487658009542,3.637499367495382,3212.469,1.6849029086609286,1.8564874208181568,-0.009676951518861,-0.0024192378797152,60
206,3.540671044783382,2.695100237338448,4.1994453812630566,0.2220033764373275,1.5043451439246085,-1.8776883243431417,-2.017330650607364,0.0014513205321675,0.5029620620589579,32.1360714480678,23.93408558388468,39.0462609369598,3.654819125074113,3213.219,1.6744741591159715,1.8564874208181568,-0.010428749544957,-0.0026071873862392,61
210,3.537604879026877,2.639091813583503,4.198991968341307,0.2274702116502318,1.5599001547578042,-1.883106598669776,-2.02257876070347,0.0059339984616673,0.4936099038550067,32.38268549723498,24.08059534182364,39.398032192832,3.738665594798859,3203.578,1.6745692479879102,1.8564874208181568,9.508887193865334e-05,2.3772217984663332e-05,62
214,3.538422485261741,2.6857210282450983,4.197785116892181,0.2244563950317913,1.5120640886470826,-1.876359921441716,-2.0158674131052456,0.0034449440902895,0.5045046007331752,32.30899951427637,24.428816535813286,39.10678394120843,3.573601688124995,3195.125,1.663716375981405,1.8564874208181568,-0.010852872006505,-0.0027132180016262,63
216,3.53928626988912,2.69017866510873,4.201331130571617,0.2237217691429451,1.5111524654628874,-1.870955026010444,-2.016878594815316,0.0012286208011475,0.5143997774045596,32.56636929496716,24.3288116844709,39.44448954135193,3.698714627901927,3195.312999999994,1.659013868748246,1.8564874208181568,-0.004702507233159,-0.0023512536165795,64
220,3.533690170241391,2.639895313359579,4.199339974904826,0.2284155018484487,1.5594446615452475,-1.8705599868289544,-2.019019155129933,0.0006759557151863,0.5149956757914231,32.46542951751835,24.12488538702097,39.509602016775695,3.763161934375441,3186.297,1.6538540573335014,1.8564874208181568,-0.0051598114147446,-0.0012899528536861,65
224,3.534367734544495,2.68991452927918,4.198916244859707,0.2240112856380017,1.509001715580527,-1.8640049795794804,-2.0179820220655023,0.0017286665299136,0.5255367036226928,32.347056454418095,23.980294072799666,39.33486536224533,3.768638783876801,3176.438,1.642653782130131,1.8564874208181568,-0.0112002752033704,-0.0028000688008426,66
228,3.5312941932103548,2.65935818848874,4.198537488587242,0.2270920459202185,1.539179300098502,-1.8636932149873204,-2.0158401305926343,0.0008822013179447,0.5263075365065475,32.371538940646154,23.969183667109306,39.43723270017243,3.798378346405976,3167.593,1.6378578430223698,1.8564874208181568,-0.0047959391077612,-0.0011989847769403,67
232,3.5309134771684274,2.6657030585650423,4.198943932259475,0.2267451154884145,1.5332408736944323,-1.857820396301907,-2.0192083553177325,0.0032196054196979,0.5360241740397207,32.45549347979197,24.037074564457946,39.51375235624076,3.806767841094206,3167.719,1.6327350407099108,1.8564874208181568,-0.0051228023124589,-0.0012807005781147,68
236,3.5287226893409893,2.642986759012803,4.199579806494986,0.2292703535960907,1.5565930474821834,-1.8572160981955343,-2.017754065523427,0.0023292227087573,0.5366022681919891,32.50017194695606,24.074008046047823,39.60170302810528,3.822022211269683,3159.077999999994,1.6277528915533617,1.8564874208181568,-0.0049821491565491,-0.0012455372891372,69
240,3.52625493581969,2.631116911889304,4.198782234828033,0.2307324709807415,1.5676653229387294,-1.8568340008006827,-2.016206764491147,0.0036382151418645,0.5375143566828329,32.50100298369444,24.04353667889633,39.68746359758208,3.84957926477219,3148.829,1.622125485521159,1.8564874208181568,-0.0056274060322025,-0.0014068515080506,70
244,3.528684324337005,2.696157404617167,4.19910517813207,0.2247705585097621,1.5029477735149035,-1.8448886500218813,-2.018425729441905,0.0024093430745418,0.5559145972091805,32.4728927422438,24.007622451152475,39.53535075538898,3.831645839375169,3149.094,1.6113256603765849,1.8564874208181568,-0.0107998251445742,-0.0026999562861435,71
248,3.525556939424901,2.6667596238241567,4.198510853141954,0.2277989515876497,1.5317512293177975,-1.8444180038305809,-2.0200094988659028,0.0018183081167425,0.5567175936954798,32.50480154634882,23.99346277596251,39.6502371632164,3.864104505537645,3140.547,1.6065631397488385,1.8564874208181568,-0.0047625206277464,-0.0011906301569366,72
252,3.5226805646793737,2.6403185448373043,4.198732430468704,0.2305058404755205,1.5584138856313996,-1.843879038983512,-2.0160906793454063,0.002394554712978,0.557421835420678,32.51218336210202,23.977316018708777,39.69929058154853,3.885789404543481,3131.625,1.6015142233917594,1.8564874208181568,-0.005048916357079,-0.0012622290892697,73
256,3.524673458789008,2.69892986372897,4.198799630396931,0.2255461479342319,1.4998697666679617,-1.83711254029409,-2.017218805788003,0.0034591794789042,0.5670761474198778,32.45692821941515,23.92726467831658,39.56076309770468,3.870777990261271,3121.907,1.590369231400328,1.8564874208181568,-0.0111449919914314,-0.0027862479978578,74
260,3.5213155754526824,2.6682466504353,4.198753541225669,0.2283826127026775,1.5305068907903694,-1.831595707598376,-2.017576881832417,0.0029115539788594,0.5758422473114834,32.447059186431154,23.8787540270112,39.63708096307912,3.902676905350374,3122.125,1.5857889968242211,1.8564874208181568,-0.0045802345761067,-0.0011450586440266,75
264,3.51803386486462,2.6479207279724903,4.200309982421394,0.231178723168512,1.5523892544489035,-1.8311195242792309,-2.0163186530776205,0.0016912873756319,0.5758733468618624,32.32889654966259,23.90454749592773,39.43977047692484,3.849418725395146,3121.672,1.5849430707374117,1.8564874208181568,-0.0008459260868094,-0.0002114815217023,76
266,3.52368419553968,2.6741633856529066,4.201124089732316,0.229177960034919,1.526960704079409,-1.843279976491472,-2.016322017667326,0.0031344620126884,0.5581982237984048,32.84488475360107,24.47294963967077,39.83902225625452,3.793028909243664,3120.86,1.5955263892495937,1.8564874208181568,0.0105833185121819,0.0052916592560909,77
270,3.519146638240668,2.6892528956736257,4.198150316653697,0.227199705904542,1.5088974209800714,-1.829798505957538,-2.016058383461316,0.0022149158304022,0.577259511293026,32.31731555011648,23.81400684876703,39.41794949618613,3.864121159323799,3103.828,1.5747301747801037,1.8564874208181568,-0.0207962144694899,-0.0051990536173724,78
274,3.516233648608237,2.688809122993162,4.198524048997099,0.2273324183483178,1.5097149260039369,-1.8236746835609148,-2.0176016183677974,0.0026959062866318,0.5868747718090098,32.06376130177751,23.405971076202263,39.262781682151214,3.943799041030261,3095.094,1.5649019950937946,1.8564874208181568,-0.0098281796863091,-0.0024570449215772,79
278,3.514773138461639,2.6743555987897745,4.198840869468569,0.2284721001606275,1.5244852706787944,-1.817672077021088,-2.018404141903304,0.0025925671672866,0.5952075610841622,32.21997626855924,23.504268200620626,39.47237839941986,3.979884835052351,3095.781,1.5597659473370362,1.8564874208181568,-0.0051360477567583,-0.0012840119391895,80
282,3.513299297915008,2.6430294964336345,4.198119631667182,0.2314217062849809,1.555090135233547,-1.8179238657973995,-2.016777852675889,0.0015197601976623,0.5952405875017754,32.7120225448885,23.98624197921992,40.03754146951368,3.9976006239496304,3094.328,1.5594815668184234,1.8564874208181568,-0.0002843805186127,-7.109512965319809e-05,81
286,3.514484830704665,2.6584858447131823,4.198320288264955,0.2306075996259379,1.5398344435517726,-1.817160673909645,-2.019500858990014,0.0053758117379334,0.5961269317003768,32.945022147355694,24.332016492731967,40.14273016201157,3.942211963592412,3086.531,1.55468935359061,1.8564874208181568,-0.0047922132278135,-0.0011980533069533,82
290,3.5109677353595243,2.629782173759164,4.1980467610750285,0.2329526759800367,1.5682645873158645,-1.8110297241968545,-2.025028692484549,0.0012996959200754,0.6042377451924877,32.857549597381336,24.210935532035016,40.1165626728546,3.968850384263857,3085.625,1.5488741079890418,1.8564874208181568,-0.005815245601568,-0.001453811400392,83
294,3.510935874957801,2.6622967647315545,4.199047008209673,0.2307329830817022,1.5367502434781186,-1.8094435644526072,-2.017188769565156,0.0036542472558787,0.605972691577863,32.629663328789654,24.000424305912805,39.87503330866132,3.951047957236267,3067.203,1.538236598942558,1.8564874208181568,-0.0106375090464838,-0.0026593772616209,84
298,3.509393098217416,2.682380966742509,4.197669918520713,0.2288570136594319,1.5152889517782042,-1.8026537331443493,-2.0203529496154493,0.0013741929346254,0.6147018605615803,32.379859014262976,23.66809609847637,39.61961987024145,3.988147604013235,3058.157,1.527914258251028,1.8564874208181568,-0.01032234069153,-0.0025805851728825,85
302,3.5066782411556563,2.640189476892272,4.197600624105256,0.2324429087783303,1.5574111472129846,-1.8031542757366408,-2.016749317444538,0.0020536118932937,0.6147768190719081,32.68215852457039,23.845674209557423,40.067324667444815,4.061372918664878,3058.812,1.5285252629756445,1.8564874208181568,0.0006110047246166,0.0001527511811541,86
306,3.510988562300809,2.693769409137257,4.197985718630326,0.2279824823099926,1.504216309493069,-1.7965666438696486,-2.016964364118414,0.0022338210190657,0.6225281437334834,32.99387423636739,24.23969113753901,40.24716716520102,4.008265788698764,3058.578,1.522647325284378,1.8564874208181568,-0.0058779376912665,-0.0014694844228166,87
310,3.510305462695178,2.695787450704935,4.198164128530042,0.2281087434098021,1.502376677825107,-1.7959771394311956,-2.017715447411052,0.0029663849324865,0.6233048468787379,33.04539707211165,24.30453859448875,40.30253125568348,4.01550117256657,3049.328,1.5174859938489869,1.8564874208181568,-0.0051613314353911,-0.0012903328588477,88
313,3.5222215314850214,2.6920548172137724,4.222920057935785,0.2345502488144419,1.530865240722013,-1.822916991757235,-2.017087516284557,0.0015450426899526,0.5880606956486941,32.856295641052824,24.112523495131093,40.09418103142496,3.981090680585509,3177.219,1.605818899130659,1.8564874208181568,0.0883329052816721,0.0294443017605573,89
316,3.5163492154331264,2.629071246219689,4.200423045909808,0.2342514069587575,1.5713517996901194,-1.8294275689587536,-2.0177115857667665,0.0029495288044011,0.5790386830763732,33.33950238056361,24.719311536144843,40.52238496316615,3.928333833868852,3082.937,1.5638491446744425,1.8564874208181568,-0.0419697544562165,-0.0139899181520721,90
320,3.5134397623234963,2.631343871050918,4.198372063670128,0.233380165286286,1.56702819261921,-1.816317296828028,-2.0160877086861952,0.0016903309192767,0.5967165768532282,33.35156485472646,24.73538913848975,40.56886357314186,3.951653441190732,3074.266,1.5480915247767786,1.8564874208181568,-0.0157576198976638,-0.0039394049744159,91
324,3.515137522009075,2.6983970036642315,4.198353213898968,0.2272428580756852,1.4999562102347364,-1.8033689952639715,-2.0174325692631547,0.0017335297510131,0.6138243789661205,33.147486361012966,24.49414087755308,40.27804845768325,3.951757042402464,3066.0,1.5323755631868592,1.8564874208181568,-0.0157159615899193,-0.0039289903974798,92
328,3.50830390643132,2.6338485871981514,4.197873789078739,0.2331667808997218,1.5640252018805874,-1.802670753119494,-2.017976023705107,0.0032014025687714,0.6146945270651876,33.00727586174936,24.254986942423244,40.2921849196155,4.008284181289492,3056.437,1.5269528268489705,1.8564874208181568,-0.0054227363378887,-0.0013556840844721,93
332,3.509190808443004,2.671566207861818,4.197955644238241,0.2298351205591367,1.526389436376423,-1.7958941337499832,-2.016684455267326,0.0012207622759792,0.6233018675049735,32.91990812745461,24.1488106351578,40.184384347174266,4.0190435754293565,3048.219,1.5169573017136326,1.8564874208181568,-0.0099955251353378,-0.0024988812838344,94
336,3.506809757955536,2.6540810507928123,4.197918434710392,0.2317035993739233,1.5438373839175794,-1.795344963527795,-2.0185074328810417,0.0027177292470912,0.624318776563091,32.99903328622305,24.20595238055968,40.320066232195046,4.044741656549233,3039.218,1.511897596014269,1.8564874208181568,-0.0050597056993635,-0.0012649264248408,95
340,3.50609090727422,2.656849703962618,4.197739340034368,0.2314152977627636,1.54088963607175,-1.7893518988259454,-2.0206154364574687,0.0029660267437679,0.6320325499876801,33.03772281691292,24.228213693022468,40.33650561265159,4.042950285126565,3039.047,1.5065638960681105,1.8564874208181568,-0.0053336999461586,-0.0013334249865396,96
344,3.503715772726596,2.6363048614501152,4.19785490446139,0.2334502533155451,1.5615500430112743,-1.7883879159763685,-2.017421211930756,0.0019690360203288,0.6328913986760089,33.07740307192613,24.25745983903501,40.43267631588412,4.058632380945664,3030.375,1.5015453526671363,1.8564874208181568,-0.0050185434009741,-0.0012546358502435,97
348,3.506747996136716,2.69951692300468,4.197306756122815,0.2278216639829029,1.4977898331181354,-1.7815447770741009,-2.0224772834102507,0.0027223693578794,0.6414356710358949,33.05467981523988,24.228985806758885,40.314538591575015,4.045827846714321,3021.0,1.4908444050400238,1.8564874208181568,-0.0107009476271124,-0.0026752369067781,98
352,3.5058813026542324,2.698216006032282,4.197528212001444,0.227984522444182,1.499312205969162,-1.775311564296696,-2.0179249554704706,0.0006217348755526,0.6486068932660061,33.11570360624461,24.27409668200787,40.386661855917744,4.056672478286734,3021.75,1.485868384561201,1.8564874208181568,-0.0049760204788227,-0.0012440051197056,99
356,3.504168333530808,2.6911707598773864,4.19743662221161,0.2288775444027308,1.5062658623342235,-1.7742377662318358,-2.018486701026112,0.0025745064118452,0.6498057454815246,33.12942148982364,24.26045465629052,40.43384612547835,4.070998143447877,3012.265,1.480413677976106,1.8564874208181568,-0.0054547065850951,-0.0013636766462737,100
360,3.503056893147064,2.690162319231471,4.197717228550219,0.2292650522729736,1.5075549093187477,-1.773860289771637,-2.017202918759472,0.002304044135428,0.6507355272479427,33.130681310493344,24.24695415512884,40.44479269068758,4.079963844026956,3002.641,1.4752095869031632,1.8564874208181568,-0.0052040910729427,-0.0013010227682356,101
364,3.4982324882487936,2.6355034454892072,4.192454851360723,0.2331957362920639,1.5569514058715157,-1.7809702419814517,-2.017032616337778,0.0013818757062667,0.6422230325919555,33.20069210329718,24.337824191545764,40.58499656066617,4.0996268557124855,3012.0,1.4859035988304024,1.8564874208181568,0.0106940119272391,0.0026735029818097,102
367,3.5065859365661325,2.6594753656507684,4.202845001527377,0.2327793636251861,1.543369635876609,-1.7879098523188452,-2.020648432189961,0.0037903464383519,0.633757279790088,33.78697527817091,25.05068794027295,40.99869158762305,4.00137718412186,3020.11,1.4960918298136696,1.8564874208181568,0.0101882309832672,0.0033960769944224,103
371,3.501457140697961,2.644554999824577,4.197952808231904,0.2335250205477887,1.5533978084073272,-1.780229415660985,-2.018056806197647,0.0029141195307161,0.6432393686749752,33.673365085761986,24.845214918132577,40.997807625227495,4.065518600867025,3002.172000000006,1.4808005946928984,1.8564874208181568,-0.0152912351207712,-0.0038228087801928,104
375,3.501658387162809,2.6719601666204564,4.198017952345714,0.2310936543774782,1.526057785725258,-1.7731015168894209,-2.017916668624779,0.00078441654882,0.6514705765655358,33.535818118317145,24.68293151974539,40.84213757482493,4.071805413255272,2992.703,1.4697543268466824,1.8564874208181568,-0.0110462678462159,-0.0027615669615539,105
379,3.4966186408455298,2.6598211033173382,4.192162800008929,0.2312311484294728,1.5323416966915908,-1.7705879947441516,-2.027591717224413,0.0054462356427572,0.654212957890516,33.32269982188509,24.442107279152207,40.69012464267011,4.102402769286851,2964.468,1.4539012274845928,1.8564874208181568,-0.0158530993620895,-0.0039632748405223,106
383,3.4991645719433246,2.688360455508818,4.196993378341778,0.2294777187989595,1.5086329228329602,-1.7600629827474803,-2.017344770444764,0.0015596672777035,0.667000512961465,33.346230327490304,24.37516209951004,40.69938049882204,4.1187097532725945,2983.375,1.454146206723569,1.8564874208181568,0.0002449792389762,6.124480974406543e-05,107
387,3.496080777360074,2.6376728619288525,4.197603515102162,0.2342679360166439,1.5599306531733093,-1.765575132998529,-2.017072416845675,0.0026865938325838,0.6607978776580166,33.64948900485925,24.70475717255037,41.06026204078849,4.130055203457506,2975.297,1.455023751906683,1.8564874208181568,0.000877545183114,0.0002193862957785,108
391,3.4959014526388,2.645120521151077,4.196406678544622,0.2334336475422632,1.551286157393545,-1.7588271887545277,-2.017938882324793,0.0031991265142638,0.6677722505465497,33.79269513542102,24.85143118542252,41.19696040482682,4.127007891809572,2974.9850000000006,1.449042163761236,1.8564874208181568,-0.005981588145447,-0.0014953970363617,109
395,3.49758697990267,2.698012437629632,4.197098662004674,0.229142139192038,1.4990862243750418,-1.7516428147438297,-2.029098489464331,0.0037817943235626,0.6759686601230658,33.52446663707275,24.582992198113057,40.84446688602949,4.107121567467311,2966.25,1.4386709371480566,1.8564874208181568,-0.0103712266131794,-0.0025928066532948,110
399,3.4956989619989507,2.692894277298908,4.196909312093871,0.2296125408087406,1.5040150347949637,-1.7513097768253418,-2.025048878675005,0.0013123608369275,0.6767833456075123,33.39042251934235,24.38167771883123,40.764203830749366,4.147556736723813,2956.359,1.433445432156979,1.8564874208181568,-0.0052255049910776,-0.0013063762477694,111
403,3.492875380810072,2.648392365505812,4.197105220217278,0.2334116463244922,1.5487128547114666,-1.7511840784846122,-2.0170494375017745,0.0017334904566314,0.6767869141766419,33.67370212742761,24.640411065560848,41.11212504270441,4.164046290316763,2956.344,1.4333958900838095,1.8564874208181568,-4.954207316942849e-05,-1.2385518292357124e-05,112
407,3.49551076423368,2.6832134764262,4.196244829545076,0.2302632037460925,1.5130313531188766,-1.7446206812145286,-2.017587381204539,0.0022931157457021,0.6838024379199837,33.91080564765892,24.932873139487384,41.27256611507568,4.130728324479157,2956.406,1.42806487344776,1.8564874208181568,-0.0053310166360496,-0.0013327541590124,113
411,3.494233359045084,2.684960445221862,4.19680260180666,0.230515957734019,1.5118421565847977,-1.7436362428649814,-2.0245398824990146,0.0014033494395084,0.6846051890564013,33.7850680599871,24.80325379769347,41.15574924454392,4.144241804988197,2947.266,1.4229203181741186,1.8564874208181568,-0.0051445552736413,-0.0012861388184103,114
415,3.491197414255986,2.669922120529456,4.196227405416926,0.2319251590229384,1.5263052848874703,-1.7425325036061032,-2.01689808000431,0.0032832319808608,0.6854953037815841,33.61126807392732,24.578577776974136,41.03237216951879,4.172674533291295,2937.984,1.417429032731308,1.8564874208181568,-0.0054912854428106,-0.0013728213607026,115
419,3.488909408157624,2.664105530655056,4.196558172556389,0.2325529031117027,1.5324526419013331,-1.7419837011363046,-2.0197651300783948,0.0026192373361047,0.6864030353770245,33.45598581472246,24.354940329833727,40.937269906716935,4.211566699707515,2929.125,1.412409228794446,1.8564874208181568,-0.0050198039368618,-0.0012549509842154,116
423,3.487376295811431,2.634098605983684,4.196870541112335,0.2350213275320319,1.562771935128651,-1.7421680980861822,-2.018228083548545,0.0010338439367061,0.686435308908867,33.723267448788484,24.616751003686066,41.240704611971786,4.224667834776898,2928.454,1.412578792940193,1.8564874208181568,0.0001695641457468,4.239103643671749e-05,117
427,3.491994243745711,2.68378702970616,4.196795527524874,0.2307179160200798,1.5130084978187144,-1.735841378420618,-2.0178512019397976,0.0022798019176169,0.6933478478788404,34.050076369857344,25.01363389840176,41.43649987692296,4.168989536988808,2929.375,1.4075983731469897,1.8564874208181568,-0.0049804197932032,-0.0012451049483008,118
431,3.491585878898649,2.660031949282934,4.189287343772767,0.2314340526179757,1.5292553944898328,-1.7567879869499758,-2.017223089332264,0.0036040078454246,0.6705438927885254,33.889346908026745,25.159494190646395,41.16703904201915,4.072979899996419,2946.031,1.4333920485221476,1.8564874208181568,0.0257936753751579,0.0064484188437894,119
433,3.495576227046425,2.650011641082063,4.201144545237731,0.2339736707676502,1.5511329041556676,-1.7573176114092577,-2.0257290511470427,0.0022668920626443,0.6694688446745368,34.067648550088656,25.21215090210571,41.36216559728765,4.085856241889734,2955.438,1.4382550176792908,1.8564874208181568,0.0048629691571431,0.0024314845785715,120
437,3.4938988589692483,2.6936969083341418,4.196925753814179,0.2295440572633406,1.5032288454800375,-1.7427628393326555,-2.01734921830549,0.0034196589413944,0.6856017380135446,33.75168100943646,24.8439113089274,41.02198772703674,4.104311380057595,2937.625,1.4173547174485526,1.8564874208181568,-0.0209003002307381,-0.0052250750576845,121
441,3.49159162968384,2.697073130067154,4.196901090271507,0.2293288145942056,1.4998279602043532,-1.7352637407600366,-2.016959683770622,0.0025963216962809,0.6933146489933393,33.46482299584788,24.47190444990649,40.78818812957494,4.144480066638334,2929.078,1.406981663677643,1.8564874208181568,-0.0103730537709094,-0.0025932634427273,122
445,3.4885729299834787,2.6806995515145213,4.196688955833435,0.2308795387800195,1.5159894043189133,-1.7344350518111926,-2.0173176445033945,0.0020094191444747,0.6942236682134463,33.40210697922146,24.335820690902352,40.81506138506309,4.186006847766958,2918.375,1.4012037783587623,1.8564874208181568,-0.0057778853188807,-0.0014444713297201,123
449,3.4869021151089825,2.6695398084864568,4.196339302740304,0.2317200968216318,1.5267994942538472,-1.7280392046289716,-2.0174893103299003,0.0046477889906135,0.7011017090448697,33.410688917712235,24.324432889352373,40.85837421987642,4.202402162925674,2919.812,1.3967008232726328,1.8564874208181568,-0.0045029550861295,-0.0011257387715323,124
453,3.4855485210036417,2.671695307817951,4.196181412764837,0.2320368945792356,1.524486104946886,-1.7326888725308258,-2.016208232434632,0.002291601393935,0.6961086414901655,33.38984948261314,24.27764742305546,40.839876773287166,4.223993508985999,2900.422,1.391284788852726,1.8564874208181568,-0.0054160344199067,-0.0013540086049766,125
457,3.4838912547260388,2.661289185949965,4.195770804194879,0.232594706839208,1.534481618244914,-1.7260735249920125,-2.01785516482798,0.0022764200332024,0.7028749959302109,33.3700433438796,24.239023397259928,40.85376069244676,4.228319663198283,2901.375,1.3862287677978349,1.8564874208181568,-0.0050560210548911,-0.0012640052637227,126
461,3.483198941484065,2.667817533540102,4.195456241846729,0.2320093486771037,1.5276387083066272,-1.7195393742714091,-2.01649929452358,0.0016756334707971,0.7094441800501549,33.27215987470977,24.12349712975845,40.74795214258888,4.234132939694458,2901.187,1.3804366761974138,1.8564874208181568,-0.005792091600421,-0.0014480229001052,127
465,3.4836274447098883,2.684008069130594,4.19654355365607,0.2309975768994666,1.5125354845254757,-1.7185829844462923,-2.0162911974216766,0.0022384407354535,0.7104295747135849,33.222444215660225,24.053006415445992,40.68794001196382,4.243207916713656,2891.64,1.3752364150256224,1.8564874208181568,-0.0052002611717913,-0.0013000652929478,128
469,3.480172442538601,2.6585256208771644,4.194357133255019,0.2328888860424913,1.5358315123778543,-1.717672415155695,-2.016416530728208,0.0049133976681189,0.7114589545468621,33.26207748383125,24.05808219537432,40.7810749453613,4.270669269535446,2882.906,1.3705128024895008,1.8564874208181568,-0.0047236125361216,-0.0011809031340304,129
473,3.478452148610975,2.6372250579822927,4.195863681881766,0.2349115652478485,1.5586386238994736,-1.7177080769362936,-2.01668335956764,0.0011794780565366,0.7112700457368812,33.312029905516525,24.086387020526896,40.88159339768709,4.285594428971785,2883.265,1.37050855662704,1.8564874208181568,-4.245862460727778e-06,-1.0614656151819446e-06,130
477,3.4785782556105507,2.6514257735606432,4.19558455466442,0.2337161311459613,1.5441587811037762,-1.7109669363015376,-2.0156447128046424,0.002524948681905,0.7178817791871309,33.25287943255863,24.008188700976785,40.81191473576834,4.288549064319252,2882.969,1.3647355108681518,1.8564874208181568,-0.0057730457588882,-0.001443261439722,131
481,3.4825195584604582,2.676384659108382,4.188483624251573,0.2299670056547322,1.5120989651431906,-1.7184206130755166,-2.015672372070857,0.0023505638634883,0.7104440687417272,33.745054045019884,24.7195455297238,41.11793533148924,4.196060981362627,2891.656,1.375392016895762,1.8564874208181568,0.0106565060276102,0.0026641265069025,132
483,3.4886823636752826,2.694913850281781,4.200346502821317,0.2305166507714859,1.5054326525395352,-1.7260471943596487,-2.01575998810726,0.0021180176276842,0.7029280466636602,33.88841975386692,24.84307993981448,41.248795355864885,4.172985355606769,2901.25,1.3861115151535393,1.8564874208181568,0.0107194982577771,0.0053597491288885,133
485,3.4858502383832755,2.697334371630628,4.1981749992980655,0.229689874761782,1.5008406276674382,-1.712021613408506,-2.016014837696764,0.0015018865835744,0.7169288800053295,33.7353756996425,24.576580515525823,41.16242984455477,4.220925520758632,2891.703,1.369850003583894,1.8564874208181568,-0.0162615115696451,-0.0081307557848225,134
489,3.478794177297151,2.642540259937964,4.195715092938243,0.2341576664677154,1.5531748330002788,-1.711022510206629,-2.0165238233233063,0.0014907630238953,0.7178849800923008,33.59131052719714,24.340286688400784,41.16437554618679,4.292879138992345,2883.016,1.3647827949260758,1.8564874208181568,-0.0050672086578182,-0.0012668021644545,135
493,3.4812826020756744,2.699226257883075,4.195755769877104,0.2296261723890385,1.4965295119940296,-1.703421414006958,-2.0182163733141314,0.0029819941842475,0.7252203529345469,33.32366688599416,24.03013803682012,40.86421618020504,4.2977729880449305,2873.453,1.3543220466259964,1.8564874208181568,-0.0104607483000793,-0.0026151870750198,136
497,3.480352041587074,2.676480329780849,4.195911764444989,0.2313507672371101,1.5194314346641398,-1.703574708739156,-2.016150778973011,0.0015383602403595,0.7250143495493764,33.691961507697364,24.39265860056665,41.25434553511566,4.308684792274605,2874.031,1.3546417018378962,1.8564874208181568,0.0003196552118998,7.991380297495132e-05,137
501,3.4781127815565127,2.642142168479886,4.195824004004723,0.2342151364439594,1.553681835524837,-1.7034912994217155,-2.01761812862162,0.0030940952671648,0.7251866928085958,33.887639684793655,24.647812199908287,41.45023191903855,4.288100406630046,2874.234,1.354703921319241,1.8564874208181568,6.221948134466082e-05,1.5554870336165205e-05,138
505,3.4765867130506125,2.644725254926797,4.196258226051591,0.2343390483658449,1.5515329711247938,-1.7023383270190764,-2.017297732143782,0.0056941514906116,0.726300026957014,33.67308060941856,24.39982529977077,41.27708509224051,4.30529685563554,2864.984,1.349314997503458,1.8564874208181568,-0.0053889238157829,-0.0013472309539457,139
509,3.4733769291841643,2.632270655366611,4.196612664794988,0.2357464633242318,1.564342009428377,-1.7014238498912502,-2.017223266913469,0.0031481012336326,0.7272134622451198,33.411988203265814,24.071743981632668,41.06460515498328,4.343168774264048,2855.093,1.3441891937970554,1.8564874208181568,-0.0051258037064025,-0.0012814509266006,140
513,3.4726366397371127,2.639100611887612,4.195850781215982,0.2348389817175472,1.55675016932837,-1.6950436046971955,-2.0197342717689364,0.0017629793721903,0.7333519547642081,33.29926524979532,23.873389284419225,40.99284868101728,4.376203061199199,2855.625,1.3389913790695755,1.8564874208181568,-0.0051978147274798,-0.0012994536818699,141
517,3.473439372740961,2.637841830893275,4.196002392961924,0.2347983138357648,1.5581605620686485,-1.695057731610264,-2.016896104476736,0.0050093924911675,0.7335626760276208,33.59980731390034,24.168977704033605,41.29040553417739,4.38509807605157,2855.594,1.3389145230206971,1.8564874208181568,-7.685604887841535e-05,-1.921401221960384e-05,142
521,3.4754777099091454,2.668286095904868,4.196207586734141,0.2326856456592287,1.5279214908292724,-1.6937809113323188,-2.0199925086996786,0.0025365511428236,0.7343985203891996,33.61961195858585,24.28428480579148,41.22740227746052,4.3315046908749135,2847.437,1.3340066759761655,1.8564874208181568,-0.0049078470445316,-0.0012269617611329,143
525,3.4722884821666766,2.649019812683856,4.195534582569042,0.2341041725672906,1.5465147698851869,-1.6869434054016963,-2.016745074407458,0.0028787153794497,0.7406453707024624,33.3945201718652,24.00593985304127,41.04619550953222,4.355772728473297,2847.36,1.3286444309174914,1.8564874208181568,-0.0053622450586741,-0.0013405612646685,144
529,3.471373665098864,2.664058512378051,4.1957439573980455,0.2333466969440909,1.5316854450199946,-1.6860649112944592,-2.0163628111205263,0.0042700685649877,0.7415168583920652,33.16734508187535,23.715060546682704,40.85874389007758,4.389640806041505,2837.328,1.323170899227622,1.8564874208181568,-0.0054735316898693,-0.0013683829224673,145
533,3.472616016287509,2.6883611693898826,4.19586805747139,0.2313300011614801,1.5075068880815077,-1.6795829780331424,-2.016212123867104,0.0023204014455349,0.7474505249209339,33.10962161613893,23.56356159483333,40.79196924883506,4.41254377922931,2837.281,1.3181691588445197,1.8564874208181568,-0.0050017403831024,-0.0012504350957756,146
537,3.4738146874457896,2.6869753836302124,4.195347750909715,0.2310717956383346,1.5083723672795024,-1.679793840292355,-2.0168197393548124,0.0041697279349171,0.7476125202754746,33.46501751186519,23.955208980751504,41.14127834456325,4.41399055456936,2838.515,1.3184664436640334,1.8564874208181568,0.0002972848195137,7.432120487843585e-05,147
541,3.4701426486639693,2.6507536817766586,4.196065828878837,0.2343349904722685,1.545312147102178,-1.6851739865098712,-2.0187637742643867,0.0033179608221933,0.7426401126844396,33.4426191014044,23.967802824849823,41.14429319149828,4.405907457499604,2828.328,1.318293040102702,1.8564874208181568,-0.0001734035613314,-4.335089033286055e-05,148
545,3.467523652225441,2.664632278910652,4.184534803011309,0.2299310431457854,1.5199025241006576,-1.686381203630258,-2.016191969154752,0.0021406905839278,0.7416010886402903,33.037928170775885,23.58968747789601,40.66184230912503,4.378936217766459,2838.265,1.323872422244268,1.8564874208181568,0.0055793821415659,0.0013948455353914,149
548,3.476752584083925,2.6400211837268666,4.201240476440081,0.2354036411320432,1.561219292713214,-1.715777469309528,-2.021651287065962,0.0028823561171506,0.7135712492118176,33.4949493613756,24.23768156950588,41.04669454497069,4.298521877619114,2864.547,1.3601216766554785,1.8564874208181568,0.0362492544112105,0.0120830848037368,150
552,3.4758956827369127,2.674198661305034,4.195703567262997,0.2314145023564492,1.5215049059579635,-1.7007216920098716,-2.017592416950431,0.0024155477323689,0.7281444869556635,33.491363029025784,24.167374158398008,41.0462053156659,4.320694493018863,2846.39,1.3395306867947354,1.8564874208181568,-0.020590989860743,-0.0051477474651857,151
556,3.475812179626641,2.696427051131168,4.195744519551191,0.2298286633088004,1.4993174684200228,-1.6928138295817332,-2.0171105982760715,0.0040085795198053,0.7355491829025723,33.329808599922345,23.98739486311109,40.8683026432256,4.326577824845248,2837.969,1.3290286565120697,1.8564874208181568,-0.0105020302826657,-0.0026255075706664,152
560,3.4746554404904435,2.692834029769684,4.196363050482315,0.2303410490299951,1.5035290207126315,-1.6861104874993165,-2.0165753451036377,0.0036169899531147,0.7415448385525264,33.27302769298771,23.87546148452671,40.85283588259973,4.342373783875506,2838.156,1.3236741274998955,1.8564874208181568,-0.0053545290121741,-0.0013386322530435,153
564,3.472301781313945,2.681747855329962,4.1957929878569455,0.2313572835146948,1.5140451325269837,-1.685043785043406,-2.0157688095228656,0.0028522205733032,0.7425021379234665,33.229879126701434,23.800482246729,40.85270645265791,4.372506036726199,2829.843,1.318633896753293,1.8564874208181568,-0.0050402307466026,-0.0012600576866506,154
568,3.4729305773503527,2.696791414385091,4.195797286482793,0.2300922714371363,1.499005872097702,-1.678524839793589,-2.016274841649268,0.0012910201456034,0.7485063258578094,33.20860833999321,23.75244046991811,40.8263251809212,4.375591656512413,2829.625,1.3134751321324272,1.8564874208181568,-0.0051587646208657,-0.0012896911552164,155
572,3.4696192030612285,2.664695973142795,4.196349384378125,0.2331464644258439,1.5316534112353306,-1.6839115230941766,-2.016821101865832,0.0042895806992014,0.7436617614037866,33.236115055926255,23.77068333600904,40.90308836809665,4.397428370935168,2819.437,1.3132020634442203,1.8564874208181568,-0.0002730686882068,-6.826717205171695e-05,156
576,3.470018470757559,2.679191623358613,4.195609431921248,0.2319010543734744,1.5164178085626352,-1.6773783325850855,-2.01659334421236,0.0019608791198133,0.749467869640777,33.18660088296571,23.69874029857621,40.84337405460518,4.3975602464184975,2819.579,1.3077959946944353,1.8564874208181568,-0.0054060687497849,-0.0013515171874462,157
580,3.470762691935287,2.699983457940659,4.195339917236225,0.2304156716587069,1.4953564592955662,-1.676425373206175,-2.018075144841628,0.0018902843294412,0.7504749213693337,33.174058099115534,23.681325932299053,40.81792110626284,4.403923127546659,2810.672,1.3030329186405918,1.8564874208181568,-0.0047630760538435,-0.0011907690134608,158
584,3.468111467035994,2.666300786624286,4.19540205700612,0.232919708838876,1.5291012703818336,-1.67627880896028,-2.018091528339797,0.0024103529115243,0.7506572509412427,33.253984518546055,23.748579260944844,40.94699384765951,4.420460445044872,2811.485,1.3033573559038203,1.8564874208181568,0.0003244372632285,8.110931580712633e-05,159
588,3.4648625780221494,2.630850137384784,4.195685302232799,0.2358919511891503,1.5648351648480152,-1.6817992883033976,-2.0177167019715503,0.0043239362691777,0.7455663662944304,33.3198093248819,23.789078897860136,41.07493805830632,4.448685891734653,2802.422,1.3034100438655642,1.8564874208181568,5.268796174395796e-05,1.3171990435989487e-05,160
592,3.467864133752208,2.673348140468748,4.195561297751176,0.2326319085826406,1.5222131572824282,-1.6750812261110135,-2.0160479224870884,0.0021385267941699,0.7514866168761039,33.33765795318198,23.827460066667,41.02476444658572,4.4180440266599135,2801.625,1.2978870806495706,1.8564874208181568,-0.0055229632159936,-0.0013807408039984,161
596,3.464021404592563,2.632763831012711,4.196066962029683,0.2358468286065869,1.5633031310169718,-1.675366426273468,-2.017067096348242,0.0014821450901276,0.7513142100782045,33.29076744042025,23.73823038565628,41.06214198725253,4.452871364364479,2802.031,1.2980735056918902,1.8564874208181568,0.0001864250423195,4.660626057989559e-05,162
600,3.4664623858156745,2.6687371180046218,4.196640912532072,0.2333268815865849,1.5279037945274498,-1.6744879201095209,-2.018208092691312,0.001664565598057,0.7524291600776425,33.27568841807217,23.73611267134457,40.98366325567302,4.4397651815234,2793.39,1.293463613844243,1.8564874208181568,-0.0046098918476471,-0.0011524729619117,163
604,3.46850906693551,2.696396337945361,4.1956235749123225,0.2310130188837717,1.4992272369669617,-1.6674467270234996,-2.018933300007017,0.002688419180445,0.7584698210792726,33.32067807371405,23.80026564355092,40.98234242711097,4.41924833390441,2793.39,1.288003392619118,1.8564874208181568,-0.0054602212251251,-0.0013650553062812,164
608,3.466806213058136,2.6794834862925194,4.195862008850563,0.2324429767597101,1.5163785225580435,-1.6674702882406252,-2.023790681896976,0.0026918488897051,0.7586689544577084,33.37314972896719,23.849121770252687,41.06375085817118,4.432728785638638,2792.485,1.2874525221379407,1.8564874208181568,-0.0005508704811771,-0.0001377176202942,165
612,3.471070722008039,2.6787137407179737,4.18482689434833,0.2297938191642851,1.506113153630356,-1.6888978346592105,-2.017308526034403,0.0013355993263935,0.739392013708175,33.71351889594897,24.92195746617458,41.047029587744966,4.153195340111811,2802.016,1.3090153642307354,1.8564874208181568,0.0215628420927946,0.0053907105231986,166
614,3.475472204020004,2.655378369801326,4.201968615940368,0.2355928568279962,1.5465902461390422,-1.6979281889133206,-2.017696449416675,0.0033069171348786,0.7314040443688112,33.86531768239223,25.09329713312876,41.051007697556734,4.009191205685926,2820.39,1.3250793286429356,1.8564874208181568,0.0160639644122002,0.0080319822061001,167
2,3.556946061827572,2.4757677568281857,4.179823027658306,0.2260193210975841,1.70405527083012,-1.990533350635129,-2.015537581193984,0.0004337624657511,0.2014980448792201,32.14277785992152,24.27707330832413,39.16298653238707,3.4516879795744755,3690.234,2.035337591005598,2.035337591005598,0.0,0.0,0
4,3.56147580138708,2.35152551190002,4.177288238505559,0.2314150428972292,1.82576272660554,-1.990277542145709,-2.0149020169266376,-0.0002076460832787,0.2019092784154672,32.29307515705474,24.63823886086074,39.2462026826329,3.3954199016861684,3672.344,2.025140246031412,2.035337591005598,-0.0101973449741858,-0.0050986724870929,1
6,3.566752469641321,2.440479715106544,4.1781213228923,0.2235489609002163,1.737641607785756,-1.9899467848963857,-2.014434345552428,-0.0006575492150127,0.2024727155112687,32.24414709253608,24.704057719023776,38.999202460252846,3.3498112511075084,3651.641,2.013326371345464,2.035337591005598,-0.0118138746859481,-0.005906937342974,2
8,3.5687953371516272,2.479155853900392,4.1785623580417175,0.2209790874208208,1.6994065041413258,-1.989600928209944,-2.0142051662535234,0.0001981188152475,0.202976043273228,32.14711742429942,24.648384924528084,38.84362777186652,3.34097552798371,3631.563,2.0132846655407413,2.035337591005598,-4.170580472262486e-05,-2.085290236131243e-05,3
10,3.563970503289941,2.280187848173442,4.17824995156942,0.2350350947520463,1.898062103395978,-1.98954836065757,-2.013995769332238,-0.0011423311186216,0.2027939059818593,32.06687277315468,24.634206199911688,38.97798888258284,3.335733628730513,3629.172,2.000528337624771,2.035337591005598,-0.0127563279159703,-0.0063781639579851,4
12,3.5735512387791406,2.4392842568466446,4.193216523251186,0.2254790767639312,1.7539322664045414,-1.9901040351037365,-2.0151519685741275,-0.0015410535505561,0.2022953831615659,32.03447836207717,24.34339960435996,38.83989920742278,3.4066857624064704,3652.281,2.0138990759931645,2.035337591005598,0.0133707383683936,0.0066853691841968,5
14,3.5711391343785897,2.2812068449406446,4.193732603145628,0.2359700655161548,1.912525758204984,-1.9900886222380367,-2.0145081864690626,-0.003149094123493,0.2021566588924074,32.11157496697372,24.43094638944468,39.04610837498471,3.418111771999715,3650.828,2.013101105626967,2.035337591005598,-0.0007979703661975,-0.0003989851830987,6
16,3.568150746216304,2.366410527029613,4.176826628115461,0.2269030060742154,1.810416101085848,-1.9891170520197208,-2.0146816699579064,-0.0008455879137331,0.2044815234039151,32.112576242471775,24.65043547143169,38.87507521022778,3.361489124744099,3572.453,1.96878982627284,2.035337591005598,-0.0443112793541269,-0.0221556396770634,7
18,3.569283415581244,2.436020049578708,4.176369138969733,0.2225588245195615,1.740349089391025,-1.9892116643905464,-2.015071955488147,-0.0009662247647393,0.2046990658224278,32.03566207329278,24.564976908542672,38.7260539826455,3.3625006565584763,3550.594,1.9681661764334244,2.035337591005598,-0.0006236498394156,-0.0003118249197078,8
20,3.563388513484579,2.1864377487643725,4.176897989902666,0.2402526225604835,1.9904602411382928,-1.989191243247005,-2.0155176072270926,0.0001388226084139,0.2048713624028979,31.99527968872302,24.515019617858613,38.98629728904917,3.385578589102732,3551.25,1.9572307917560536,2.035337591005598,-0.0109353846773707,-0.0054676923386853,9
22,3.566658719765511,2.3406023605912454,4.177579509962451,0.2287529216435241,1.8369771493712053,-1.9891317699701736,-2.014079047237871,-0.0021060459646946,0.2054573708045248,31.87412757184136,24.40648205159496,38.65978861919643,3.3793205188021544,3530.25,1.9455991514129352,2.035337591005598,-0.0116316403431184,-0.0058158201715592,10
25,3.568703597012284,2.4263021374140443,4.177996110793395,0.2245021597962224,1.7516939733793508,-1.9887805507702208,-2.0134697854511865,-0.0009907853602489,0.2065843983752092,32.120959708576166,24.666067568688486,38.84979195732924,3.3808182139223475,3491.016,1.934750504484113,2.035337591005598,-0.0108486469288222,-0.0036162156429407,11
27,3.569207084156356,2.475369770000704,4.176316409477926,0.2216105334001575,1.7009466394772228,-1.988732086640128,-2.0148749194363664,-0.0003236492635691,0.2072942912114452,32.11021168908644,24.81910585902456,38.75128344015104,3.338808503004872,3470.281,1.9232799539368028,2.035337591005598,-0.01147055054731,-0.005735275273655,12
29,3.5659271296109383,2.342364523655007,4.177992455010172,0.2299104622684298,1.8356279313551649,-1.988720029036864,-2.0144081790374893,-0.0004261867664927,0.2072069655826112,31.98906127891816,24.627666776864352,38.76853764058789,3.374254229146447,3470.0,1.911889930948487,2.035337591005598,-0.0113900229883159,-0.0056950114941579,13
31,3.561241727064949,2.188400081882664,4.177439981618572,0.2403587697834046,1.989039899735908,-1.988787404228788,-2.014472686005532,-0.0010580730504302,0.2076990497369646,31.87881444863544,24.45091312956072,38.84686112344348,3.4094253817648514,3450.297,1.9010667141979305,2.035337591005598,-0.0108232167505564,-0.0054116083752782,14
33,3.557881987836072,2.1206980945954057,4.17561570814845,0.244523709215342,2.054917613553044,-1.98859108959304,-2.0146756268214814,-0.0037766213378683,0.2080360311620029,31.7674507110244,24.26604433063594,38.8658897816528,3.442042131356067,3429.407,1.8891989948061456,2.035337591005598,-0.0118677193917848,-0.0059338596958924,15
35,3.56282437243777,2.369981457799298,4.177602520456299,0.2289925495882759,1.8076210626570008,-1.9884892463229664,-2.015931347705288,0.0009547908042232,0.2089614865733148,31.78991634963658,24.34725293029431,38.647578733807656,3.4218510147625074,3409.484,1.878278372248849,2.035337591005598,-0.0109206225572966,-0.0054603112786483,16
37,3.559195328016864,2.247991649924625,4.176354539745044,0.2362539061879907,1.928362889820419,-1.988347427444488,-2.01432419683381,0.0003362560415229,0.2093662777742531,31.82883467218067,24.38027426491721,38.79218188173866,3.438861518594519,3390.422,1.8675697161520208,2.035337591005598,-0.0107086560968281,-0.005354328048414,17
39,3.5580906165580983,2.4115317107898875,4.177450270459645,0.2324882160525024,1.7659185596697575,-1.9774549866256104,-2.015920256743369,-0.0022772410696178,0.2555143974441181,31.890449470827843,24.455293448252306,38.77022223929529,3.452471732465585,3390.281,1.8675892574453767,2.035337591005598,1.954129335590693e-05,9.770646677953463e-06,18
42,3.565899462157853,2.203355846859377,4.174584178175673,0.2366643556634363,1.9712283313162955,-1.9892347833261184,-2.0202081897757225,0.000974138023539,0.2038860410248102,31.51177053595285,24.511611712923585,37.54320599748628,3.103623335557848,3591.734,1.979626548250818,2.035337591005598,0.1120372908054412,0.0373457636018137,19
46,3.570814209348872,2.35887751155593,4.175224020262452,0.2257817183072902,1.816346508706522,-1.9890474874073767,-2.014116181004981,-0.0003149484747221,0.2051049765214555,31.874488497680712,24.910587532937,37.90362577530197,3.1350663437202995,3552.297,1.9575499080884025,2.035337591005598,-0.0220766401624155,-0.0055191600406038,20
50,3.5666817833633124,2.218672914041916,4.177217300859919,0.2346094183364103,1.9585443868180028,-1.988682950523383,-2.014039356997488,-0.0012008977604898,0.2054837524109853,31.53911453638972,24.56766501155013,37.6701605139887,3.1381261956274136,3531.578,1.9458150170787551,2.035337591005598,-0.0117348910096473,-0.0029337227524118,21
54,3.566839274502584,2.339723057947995,4.176681511062203,0.2275721037589103,1.836958453114208,-1.9885447318884863,-2.014851230713757,0.0005293257555654,0.2067225742974954,31.220866832188783,24.224319222372547,37.34166959188387,3.158169521103049,3492.907,1.9242461121680088,2.035337591005598,-0.0215689049107459,-0.0053922262276864,22
58,3.571051969392875,2.399750820894273,4.190384318239257,0.2274735465135579,1.7906334973449836,-1.9885639445355097,-2.013606338093071,-0.0023840361465472,0.205949863235092,31.119005145018026,24.029961629396936,37.28979017254232,3.191016881727366,3511.594,1.945981133142164,2.035337591005598,0.0217350209741546,0.0054337552435386,23
62,3.56663084740298,2.491410879472442,4.176973413125379,0.2206872835029021,1.6855625336529363,-1.9880563928902784,-2.014324216253238,-0.0016423681986834,0.2082194776973129,31.03324407815673,24.01574359300704,37.16794481484507,3.178274753040712,3431.9370000000054,1.901407930553079,2.035337591005598,-0.0445732025890848,-0.0111433006472712,24
66,3.552739224085492,2.1387303309558976,4.173452155236546,0.247611408661123,2.034721824280649,-1.9772969675547487,-2.0138293357975146,-0.0013483637694533,0.254357010276143,31.001249222460967,23.89771458163466,37.51577848501052,3.2517471075044155,3431.125,1.878674213680085,2.035337591005598,-0.0227337168729941,-0.0056834292182485,25
70,3.556095975504661,2.346064498302046,4.1764585468168685,0.2350474792446774,1.8303940485148225,-1.9771693646864963,-2.022139165928567,-0.0002601209110219,0.2551582914599148,30.92143474404136,23.81688709830912,37.24165964092258,3.2514088568578026,3412.406,1.8683061328264217,2.035337591005598,-0.0103680808536632,-0.0025920202134158,26
74,3.5504500858303394,2.327337743316428,4.17626102066065,0.2406067659878122,1.8489232773442223,-1.9660385076397235,-2.019521715890847,0.0002252111894657,0.2937138458930206,30.92936024820721,23.762584263292904,37.27233216178077,3.2941943415901576,3410.688,1.8560244070083,2.035337591005598,-0.0122817258181215,-0.0030704314545303,27
78,3.546007083640312,2.486311723336632,4.172855540858831,0.2354492688492975,1.6865438175221992,-1.9445990482746272,-2.0145859231710013,0.0012030807811573,0.3577078373373369,31.00810965793079,23.77382410040801,37.2071345030198,3.341032131000837,3410.718,1.8451997961855773,2.035337591005598,-0.0108246108227225,-0.0027061527056806,28
82,3.554257954720065,2.292166351092089,4.188187801734904,0.2427128625572547,1.896021450642814,-1.9769156942357176,-2.01454229289152,0.0017843402447845,0.2558933807761204,30.96779499306422,23.7568921940262,37.49607769896255,3.31669361949765,3392.719,1.857228890885317,2.035337591005598,0.0120290946997394,0.0030072736749348,29
86,3.555857469677978,2.434300686181212,4.189991619197343,0.2207853625694854,1.7556909330161314,-1.9997552547832569,-2.015096988943597,-0.0027900265773602,0.1470043535498793,31.10097217303459,23.74029655014346,37.25007396118109,3.2531629586518043,3470.672,1.924776088909064,2.035337591005598,0.0675471980237467,0.0168867995059366,30
90,3.5537306734803207,2.472619908000758,4.186982490201218,0.2236896583668776,1.7143625822004598,-1.9884344406296768,-2.0246589334484746,0.0002199461690219,0.2090147822320789,31.307368922041046,24.18583594954418,37.39699052067588,3.156544785963643,3414.109,1.8822317526092551,2.035337591005598,-0.0425443362998085,-0.0106360840749521,31
94,3.545265000362152,2.403422072720937,4.186483106541616,0.2321533209925861,1.7830610338206785,-1.9771310999966945,-2.014540253971324,-0.0013831277471471,0.25597312110332,31.13133998716456,23.96227406279053,37.2852066420257,3.2111654279221145,3395.219,1.855276687885587,2.035337591005598,-0.026955064723668,-0.006738766180917,32
98,3.538408778928339,2.4006679782182205,4.187721936001791,0.2362466707050809,1.787053957783571,-1.965705768920947,-2.01409107585058,0.001159493985813,0.2951821945658388,30.82871377910505,23.520157783193987,37.080390421974414,3.273173572550457,3386.0,1.839250891718188,2.035337591005598,-0.016025796167399,-0.0040064490418497,33
102,3.529768831133268,2.3194299432177345,4.184171356892756,0.2439099480182485,1.8647414136750216,-1.9542494702422435,-2.0132183154407977,0.0012199865224596,0.3301024928060525,30.761533072057244,23.52943289153009,36.98024266357476,3.26325912224477,3368.187,1.8185396073994429,2.035337591005598,-0.0207112843187451,-0.0051778210796862,34
106,3.53006768404233,2.340173173498008,4.186779863144672,0.244307450843308,1.846606689646664,-1.9490605727432448,-2.014277570695985,0.0007126137257657,0.3456683188151143,31.30305692941581,23.947667716448013,37.59874124546701,3.325705159902736,3368.266,1.8134770059567056,2.035337591005598,-0.0050626014427372,-0.0012656503606843,35
110,3.5248882875629555,2.382960351080877,4.186482965601712,0.2437596038408747,1.8035226145208347,-1.9373547119632697,-2.014866249205715,0.0010041973417186,0.3750698159946979,31.06432144678013,23.724670891624807,37.33680914521836,3.3542974150774905,3358.719,1.7971018450305436,2.035337591005598,-0.0163751609261619,-0.0040937902315404,36
114,3.5190926887152725,2.351855540704836,4.184741677172267,0.2466646374551046,1.832886136467432,-1.931260408871348,-2.014036681172477,0.000927975516279,0.3898005855519572,30.96654665282149,23.509674105704786,37.39499820465976,3.4007883405434325,3339.5,1.7810046294120476,2.035337591005598,-0.0160972156184959,-0.0040243039046239,37
118,3.5151810230271,2.3535104841115886,4.186114015167315,0.2478316884589455,1.8326035310557267,-1.925413982519257,-2.013562007420154,0.0004104562259902,0.4032503267568939,30.82645569799297,23.239016261869025,37.35233964342659,3.473951745369301,3331.265,1.7710130422682329,2.035337591005598,-0.0099915871438147,-0.0024978967859536,38
122,3.514029112834162,2.3948058223938364,4.186378094589789,0.2462039635221528,1.7915722721959524,-1.9198444871883995,-2.0146073733834746,0.000933218792395,0.4166720426682412,31.080769482413952,23.40832459139638,37.58677381866742,3.524616662385745,3321.188,1.7604712448170945,2.035337591005598,-0.0105417974511383,-0.0026354493627845,39
126,3.514139684003936,2.4418858444380294,4.185742966026202,0.2438026290293721,1.743857121588173,-1.908733158939213,-2.0156412315711094,0.0014623495361316,0.4405439902279281,31.694287817425337,23.99387524361192,38.20704456989348,3.541321887482378,3321.844,1.7502913788006589,2.035337591005598,-0.0101798660164356,-0.0025449665041089,40
130,3.509578354212467,2.391848815367812,4.18499542353586,0.2482268101265912,1.7931466081680476,-1.90276801874341,-2.014135597110891,-0.0009765358148676,0.4523465874192101,31.875581783696685,24.22249363678538,38.340431886092745,3.526080775204936,3311.828,1.7394925037732578,2.035337591005598,-0.010798875027401,-0.0026997187568502,41
134,3.5110708693292705,2.3166154227865463,4.175622772952551,0.2572766067465748,1.8590073501660045,-1.909324756651121,-2.013918427729744,0.0005605769329787,0.4388877345508464,31.543288143901563,23.93160080766445,38.521539672721865,3.634659703403752,3327.391,1.7546766553637203,2.035337591005598,0.0151841515904624,0.0037960378976156,42
136,3.5159179315855056,2.4110989960643794,4.191704957733779,0.2459852185551819,1.7806059616693997,-1.9306372167933323,-2.0164764928559697,0.0006125224393033,0.3913947338973055,31.420983409991024,23.80004225730534,38.03707160241571,3.5081719161772016,3312.078,1.7659390941842177,2.035337591005598,0.0112624388204973,0.0056312194102486,43
140,3.50585340727078,2.4510125175432287,4.185468369564667,0.2443116740829718,1.7344558520214384,-1.907114151507875,-2.014424639912736,0.0007263099562474,0.4422052936741676,31.15837149963786,23.32504476677704,37.9342856877206,3.62563742991546,3293.172,1.7337887419624838,2.035337591005598,-0.0321503522217339,-0.0080375880554334,44
144,3.5010379345914444,2.471216186082459,4.184201889006967,0.2435154606775506,1.7129857029245086,-1.8953541357988333,-2.013684034338365,0.0006105952606363,0.4660772511913581,31.15661421699882,23.22751550921504,37.88470784051604,3.66886365748169,3275.328,1.713325912040734,2.035337591005598,-0.0204628299217497,-0.0051157074804374,45
148,3.497407662636496,2.470968641396993,4.185838836583766,0.2445959190290591,1.7148701951867733,-1.8892713805954209,-2.015243276008703,0.0013481309742365,0.4777097893062262,31.206611383963253,23.20127236203539,38.065368726791895,3.719915578953458,3265.016,1.7024077813673466,2.035337591005598,-0.0109181306733874,-0.0027295326683468,46
150,3.5388872766749144,2.4288023941361625,4.1729165619005535,0.2309867758956904,1.744114167764391,-1.98193599249298,-2.014822027548639,0.0008839578040008,0.2364515161076043,33.61169282822636,26.602945710082057,39.788440481350335,3.154396442141881,3328.937,1.82371946178183,2.035337591005598,0.1213116804144833,0.0606558402072416,47
154,3.5327430295356828,2.3551430866643166,4.186982012423103,0.2418018875756491,1.8318389257587864,-1.9653277079992453,-2.014147642384201,0.0013785124508379,0.2976263378401198,32.85630077141311,25.5878756709222,39.21290317800791,3.3014338549444924,3329.266,1.8081284050314708,2.035337591005598,-0.0155910567503592,-0.0038977641875898,48
158,3.521214759733266,2.365933525789291,4.186537777937825,0.2452054406792465,1.820604252148534,-1.9470636598230844,-2.013545732341586,0.0013469218858249,0.3489537540343098,32.210981559158874,24.78851122180796,38.66937823121345,3.4005903322527105,3301.579,1.7757610945034283,2.035337591005598,-0.0323673105280424,-0.0080918276320106,49
162,3.509311143950668,2.3481961394586457,4.182282350256796,0.248638831497769,1.8340862107981504,-1.92416284263864,-2.0143501433980724,0.0011884652184539,0.4061890328898604,31.96509008165028,24.29903895658481,38.5170065164806,3.5201708513727663,3283.563,1.7447409841836798,2.035337591005598,-0.0310201103197484,-0.0077550275799371,50
166,3.50716091973708,2.46945948630322,4.185961817428056,0.2424586650189987,1.7165023311248355,-1.912447043935375,-2.013955993405398,0.0023455920246722,0.4317752957380261,31.74480184018953,23.98489574710264,38.29250529949152,3.5757503955650507,3275.125,1.729207034132373,2.035337591005598,-0.0155339500513067,-0.0038834875128266,51
170,3.500928918686389,2.4666715880697576,4.1836566973224585,0.2430609784085709,1.7169851092527009,-1.8950209973545984,-2.0143598768040447,0.0008097171102984,0.4667188589869889,31.876564068962463,23.99541497188152,38.52091685291118,3.6558828773689824,3265.656,1.7081086552553244,2.035337591005598,-0.0210983788770486,-0.0052745947192621,52
174,3.4973019898820894,2.448293126278513,4.184390004467988,0.2453760679343642,1.7360968781894748,-1.883708243517891,-2.0146981664689427,2.3587764193591595e-05,0.4881903895942605,32.24289319481841,24.295032488841088,38.95436345473558,3.672889296106637,3266.093,1.6975954237461768,2.035337591005598,-0.0105132315091476,-0.0026283078772869,53
178,3.492903830118716,2.4745215382882586,4.184732708741646,0.2438793645597097,1.7102111704533876,-1.8716651994380047,-2.0150505202774576,0.0028840576269616,0.508922907014493,32.07305565938816,24.10547107270791,38.73136385469604,3.6834438401651113,3257.594,1.6820634524029463,2.035337591005598,-0.0155319713432304,-0.0038829928358076,54
182,3.488659224822318,2.469127855241356,4.185835940524748,0.2448974746562021,1.716708085283392,-1.8654809345089407,-2.016431910751689,0.0008062258329325,0.5191412899392004,32.0301409298912,23.97620032331416,38.74827601131975,3.74788604064954,3248.593,1.6714768322295086,2.035337591005598,-0.0105866201734377,-0.0026466550433594,55
186,3.482293080477401,2.4177173347922416,4.185703389994729,0.2489494176128845,1.7679860552024875,-1.8592903578576,-2.013961242413253,0.0013000288987228,0.5292867036601664,31.984935871368258,23.819965773306656,38.84227056628921,3.8030419719405057,3238.766,1.6607591387047655,2.035337591005598,-0.010717693524743,-0.0026794233811857,56
190,3.477575664197982,2.3775131079338427,4.184887437252902,0.2514916927324808,1.80737432931906,-1.848156298789804,-2.01427897654196,3.3324869557570366e-05,0.5476209059238868,32.23677365476226,23.93813574784708,39.22138199620832,3.8864318857653655,3240.14,1.651121015038069,2.035337591005598,-0.0096381236666964,-0.0024095309166741,57
194,3.478743650648925,2.443723814618984,4.1845671326128535,0.2474382290635301,1.7408433179938694,-1.841574247353844,-2.0170700253976435,0.0008339594777993,0.5572043810030383,32.56097148037261,24.4429147063286,39.46651089916252,3.7845576572627713,3230.109,1.640134925619093,2.035337591005598,-0.0109860894189761,-0.002746522354744,58
198,3.4740152461288862,2.4324278256917147,4.184590722398005,0.2478147664618082,1.75216289670629,-1.8297533943331723,-2.0153270924031044,0.0022672987245563,0.5744007772604264,32.48984985901219,24.244880453394085,39.352653481724175,3.835762334103568,3229.7810000000027,1.629199941616544,2.035337591005598,-0.0109349840025489,-0.0027337460006372,59
202,3.4718387718772696,2.494085641889116,4.181227276564003,0.2422602086439929,1.6871416346748864,-1.817086069772996,-2.0264444143525524,0.0025875856512713,0.59213769752695,32.42612199208859,24.11448837545242,39.31890647034385,3.8710134033093055,3212.469,1.6088496302961666,2.035337591005598,-0.0203503113203773,-0.0050875778300943,60
206,3.463180130644551,2.382347172890769,4.182601669503782,0.2504181845874574,1.8002544966130132,-1.8111560774496664,-2.014269976996697,0.0017194503246426,0.6001337686853253,32.29984271249387,23.92892683205548,39.47196886600465,3.927776584794101,3213.219,1.6035244898969248,2.035337591005598,-0.0053251403992418,-0.0013312850998104,61
210,3.463469391967206,2.406668297987779,4.183991041340736,0.2487915389344337,1.7773227433529568,-1.8113056300795984,-2.0248983473305704,0.0007053447084269,0.600869683312538,32.610757585145336,24.06213313647768,39.74009698783903,4.013744044379012,3203.578,1.5989712144027983,2.035337591005598,-0.0045532754941264,-0.0011383188735316,62
214,3.46021805164007,2.4204142690378765,4.182425008087469,0.2487212354561505,1.7620107390495925,-1.803802475704306,-2.0134062122749032,0.0003711699027851,0.609256745218589,32.25699351958767,24.42380807187004,39.03600072360686,3.6982862582092095,3195.125,1.5876273123575604,2.035337591005598,-0.0113439020452379,-0.0028359755113094,63
216,3.462574876665621,2.45078452455252,4.190985194174346,0.2466133989346025,1.740200669621827,-1.7982439953659044,-2.014898941623113,0.001011704895855,0.6170700333090209,32.47193402838835,24.29784270606684,39.16106395962828,3.78790549192839,3195.312999999994,1.5829719744686166,2.035337591005598,-0.0046553378889437,-0.0023276689444718,64
220,3.4537077937586056,2.393032881923072,4.181860480163402,0.2484868200983083,1.78882759824033,-1.7857963808615818,-2.014097659688176,0.0007636707747866,0.6325019447665697,32.40219271195366,24.115666972211724,39.20051799483514,3.846376961560338,3186.297,1.567137636713563,2.035337591005598,-0.0158343377550536,-0.0039585844387634,65
224,3.4514035349888337,2.3938995980718403,4.183449364094532,0.2488480181764858,1.7895497660226916,-1.7850748194527644,-2.01648199199959,0.0005527600059578,0.6334473857166003,32.30987415652578,23.949350638183297,39.15878418316098,3.8820938385045634,3176.438,1.5613446139713882,2.035337591005598,-0.0057930227421747,-0.0014482556855436,66
228,3.450781146333252,2.4373294683003053,4.182943907496545,0.2453130005434406,1.74561443919624,-1.7785916660457872,-2.014359351341952,-9.517952000869488e-05,0.6414164907293518,32.35440526839345,23.94684852697399,39.18225956809825,3.903699189649736,3167.593,1.551171189279042,2.035337591005598,-0.0101734246923461,-0.0025433561730865,67
232,3.446105572450592,2.3705330061374523,4.182592999177517,0.249252351248828,1.812059993040065,-1.7727874712030285,-2.016181081460114,0.00150486520794,0.6485964889257356,32.4731363791227,24.029360363522056,39.38159156766375,3.931024295459936,3167.719,1.5406741606295171,2.035337591005598,-0.0104970286495249,-0.0026242571623812,68
236,3.4418152533277144,2.351294851260762,4.177556435498103,0.2487652105075045,1.8262615842373404,-1.7601807681971695,-2.0224281819207026,0.0044825272319085,0.6631565458391762,32.52334649341759,24.054796737761627,39.44712875501599,3.938262085403885,3159.077999999994,1.5253138744624433,2.035337591005598,-0.0153602861670738,-0.0038400715417684,69
240,3.445008015985666,2.436845595522602,4.183199732433941,0.2447913717691086,1.7463541369113391,-1.76530278835697,-2.015670909853089,0.0010131499204386,0.6571846357909039,32.518264823491045,24.004853828853747,39.40950590627068,3.9548553266160913,3148.829,1.5301570318067428,2.035337591005598,0.0048431573442995,0.0012107893360748,70
244,3.441164687975023,2.39030487147494,4.183585552184287,0.2475013732087286,1.7932806807093464,-1.7593486488770236,-2.0154336980599203,0.0029393579553847,0.6641591087376718,32.5437072434024,23.98676553992143,39.48443326993031,3.976991828284564,3149.094,1.524656683447409,2.035337591005598,-0.0055003483593338,-0.0013750870898334,71
248,3.443620591429828,2.4892160721496315,4.183170360974043,0.2406026011996967,1.6939542888244117,-1.752616789873766,-2.014176241235146,0.0051389417845652,0.6716629492050046,32.562223096007365,23.97265590751813,39.4416762582387,3.975934247345534,3140.547,1.5145492986655429,2.035337591005598,-0.010107384781866,-0.0025268461954665,72
252,3.439943269617906,2.450611393803655,4.183501501534186,0.2431699821482146,1.7328901077305314,-1.7516949849801624,-2.0151247064734266,0.0019635914622084,0.6726373836789596,32.58978020040808,23.95941142019243,39.53866201326228,4.000898498406376,3131.625,1.509391504602082,2.035337591005598,-0.0051577940634608,-0.0012894485158652,73
256,3.43602719305159,2.4111946043456745,4.183243008796117,0.2455989171946552,1.7720484044504423,-1.7510429704034998,-2.0150071612077523,0.001009697699575,0.6733747307759468,32.57089563557426,23.89672125029287,39.5867547936938,4.02666129809132,3121.907,1.5039974333050703,2.035337591005598,-0.0053940712970117,-0.0013485178242529,74
260,3.436309312279291,2.4609139768640715,4.182038001412004,0.2415711613630848,1.721124024547933,-1.7388746112390865,-2.0158858292130217,0.001556366600458,0.6864768027433327,32.5378543470942,23.846991377084784,39.49975288442087,4.020828997942116,3122.125,1.4935201918040188,2.035337591005598,-0.0104772415010514,-0.0026193103752628,75
264,3.430470227771154,2.378420264362521,4.182440318401142,0.2472853158271117,1.8040200540386209,-1.738622547139575,-2.0170367841185635,0.0012040695085459,0.6863796794736801,32.65645090520509,23.868790356430857,39.9686395722832,4.103220643198136,3121.672,1.4876323024497422,2.035337591005598,-0.0058878893542766,-0.0014719723385691,76
266,3.4417311090871063,2.3844697219937414,4.189962701965466,0.2506857548397359,1.8054929799717243,-1.7870762809520675,-2.015207980747731,0.0004792431384679,0.6310954422556229,33.180785234653264,24.45395460946014,40.42668250871336,4.098677157793769,3120.86,1.5302876214401704,2.035337591005598,0.0426553189904281,0.021327659495214,77
270,3.4355429213552537,2.448639661640692,4.181214475643097,0.243845033223026,1.732574814002405,-1.7612682208672186,-2.013340550431054,0.0013906428309179,0.6615169962236325,32.71220835503141,23.81264716305157,40.02451449021777,4.174127825229612,3103.828,1.5040760088360112,2.035337591005598,-0.0262116126041591,-0.0065529031510397,78
274,3.4272336842373576,2.362869757217078,4.182157933832856,0.2487276936927746,1.8192881766157776,-1.7545532300777185,-2.0143052426244057,0.0016812263902274,0.6692392427565726,32.543943889007906,23.37953304199608,40.02167483360719,4.293837140083576,3095.094,1.4887593608730894,2.035337591005598,-0.0153166479629218,-0.0038291619907304,79
278,3.430753651868756,2.479712742728869,4.1802491747767325,0.2398186898640942,1.700536432047863,-1.7364250156958492,-2.01522796444188,0.0068481184251259,0.6892528926488453,32.6655410721976,23.483667289937664,40.07821178158415,4.279541188128675,3095.781,1.4782779285546637,2.035337591005598,-0.0104814323184256,-0.0026203580796064,80
282,3.430880434209888,2.460990256984241,4.182775550999248,0.2412584602938845,1.7217852940150071,-1.7371686757879778,-2.0164424024266667,0.0002472528891452,0.6891473173604608,33.160922870564626,23.948764926788748,40.56578932835109,4.287969337587418,3094.328,1.478459982215684,2.035337591005598,0.0001820536610204,4.551341525510511e-05,81
286,3.431984614031654,2.4794507375590507,4.182970513713943,0.2403918787539756,1.703519776154892,-1.7358183569582517,-2.0141732645976056,0.0010030052573825,0.6899134259363504,33.414445545408455,24.305636072230342,40.75221353269305,4.242923162320275,3086.531,1.473214844899973,2.035337591005598,-0.0052451373157111,-0.0013112843289277,82
290,3.426913589626702,2.421513989921717,4.182588389688278,0.2435331371976242,1.761074399766561,-1.7297302660430056,-2.014533312293864,0.0019538634173119,0.696447397100997,33.3541679486525,24.16642252229391,40.71162611325717,4.274654939428474,3085.625,1.4675164935067897,2.035337591005598,-0.0056983513931831,-0.0014245878482957,83
294,3.422042235670516,2.392798962354417,4.180388252515709,0.2450521109496672,1.787589290161291,-1.727867109899114,-2.0150807231044525,0.0024649324773408,0.698121088593313,33.13634596100404,23.980795554734595,40.58721297402195,4.272886579538151,3067.203,1.4516292657521337,2.035337591005598,-0.015887227754656,-0.003971806938664,84
298,3.4202687142856667,2.410475236770924,4.182476201666448,0.2445224118963859,1.7720009648955242,-1.726907314763758,-2.0151017082510445,0.0011413024919993,0.6989995507446921,32.92241762841388,23.638284377724087,40.37035790264624,4.331246781656428,3058.157,1.4519237720967175,2.035337591005598,0.0002945063445838,7.36265861459584e-05,85
302,3.4248208106770663,2.4915333699239977,4.182567814531136,0.2387189576432824,1.691034444607138,-1.7211995934038338,-2.015773418279684,0.0003841275623097,0.705261585612315,33.20338483123576,23.829441222036376,40.667923693760464,4.359498212766225,3058.812,1.4471484694777743,2.035337591005598,-0.0047753026189432,-0.0011938256547358,86
306,3.423499088319266,2.444861994529003,4.182606347806988,0.2415601125159711,1.7377443532779853,-1.721141114732718,-2.016566183590645,0.0012181075137996,0.70520381156388,33.533950654066935,24.20984647694025,40.99035688395247,4.344683946650958,3058.578,1.4468538105659885,2.035337591005598,-0.0002946589117858,-7.366472794645418e-05,87
310,3.4247420964314874,2.484075539808225,4.183047552179642,0.2394044963910197,1.6989720123714165,-1.7200547727480755,-2.018144057635402,0.0004305744501005,0.7063056423778308,33.5767934055627,24.27322345224107,40.99774402817452,4.336933667265993,3049.328,1.4416741930284678,2.035337591005598,-0.0051796175375207,-0.0012949043843801,88
313,3.450702139255875,2.479017302613424,4.222516216835943,0.2498681190650427,1.7434989142225188,-1.8210481343824243,-2.0143333289759338,0.0002920618634497,0.5870046814200932,33.224088400657315,24.0581768445586,40.77265883698999,4.292984862195963,3177.219,1.5935866593100128,2.035337591005598,0.1519124662815449,0.0506374887605149,89
316,3.448047542990752,2.4820670710190385,4.1909374470770855,0.2428918235329487,1.708870376058047,-1.821445703423604,-2.016338466932382,0.0002026611206909,0.5868021780918599,33.37083344726966,24.676724380143,40.52220493430463,4.07675840902897,3082.937,1.5463902376915637,2.035337591005598,-0.047196421618449,-0.015732140539483,90
320,3.439948189189645,2.452449045714353,4.183028520369727,0.2424293316934498,1.7305794746553742,-1.7899159936953069,-2.01459511362196,0.0019503732302666,0.6278130340643914,33.43366634309322,24.71374963671338,40.57746834859555,4.094328906924488,3074.266,1.51470559175661,2.035337591005598,-0.0316846459349537,-0.0079211614837384,91
324,3.434112914501242,2.4198491932573414,4.1838942747302825,0.2444901326562916,1.7640450814729411,-1.7769345930773324,-2.0144018884289827,0.0005084867021221,0.6433896249887968,33.28676739403043,24.452648939888725,40.516963879873735,4.148554523311033,3066.0,1.4989786083335404,2.035337591005598,-0.0157269834230695,-0.0039317458557673,92
328,3.432560094036392,2.4706823501191706,4.1839835007856605,0.2411030727906866,1.71330115066649,-1.7640032117743043,-2.015270624937178,0.0007359350635753,0.6586649159229433,33.14347737377552,24.22465149338904,40.34325381638243,4.160423251021807,3056.437,1.4831110745410492,2.035337591005598,-0.0158675337924911,-0.0039668834481227,93
332,3.4270614887575657,2.413759774558071,4.183640209073579,0.244253898668663,1.7698804345155086,-1.7571701008871028,-2.015800833534411,0.0021242129148989,0.666669840838828,33.11021541795579,24.10781801916288,40.39341126895154,4.218777608920164,3048.219,1.4729664825468278,2.035337591005598,-0.0101445919942213,-0.0025361479985553,94
336,3.427340316812041,2.4562499847243027,4.183387047926521,0.2414807156920839,1.7271370632022185,-1.7502670210777267,-2.015384828991305,0.0017289535444482,0.6742901923854049,33.18991802149879,24.152350848480747,40.46341487442664,4.226492089676788,3039.218,1.4627604396099307,2.035337591005598,-0.010206042936897,-0.0025515107342242,95
340,3.423482197888437,2.401794655879554,4.18356344388626,0.2446424557348771,1.7817687880067057,-1.7439614243216512,-2.017707476586292,0.0015255121086987,0.6811805311767779,33.26265398635676,24.1926071662797,40.5818264138806,4.237392666333103,3039.047,1.4518364681062514,2.035337591005598,-0.0109239715036792,-0.0027309928759198,96
344,3.422095770106937,2.408768723613332,4.18171248971767,0.243681234330419,1.7729437661043388,-1.736850855663561,-2.0198780169470747,0.0017135739999164,0.6887151482292208,33.299978841087025,24.23860985559645,40.61670777074496,4.240456106278274,3030.375,1.4468670644030392,2.035337591005598,-0.0049694037032121,-0.001242350925803,97
348,3.421883545422636,2.4308118485818704,4.1832473219705815,0.2424923531812378,1.752435473388711,-1.7360045229798653,-2.0197856871193367,0.0020383190496457,0.6896541510589468,33.31663547841367,24.191028062692588,40.63164766168104,4.260205034784692,3021.0,1.441380399427779,2.035337591005598,-0.0054866649752602,-0.001371666243815,98
352,3.4195777411151886,2.398886415333129,4.183049768329545,0.2442863149287772,1.7841633529964165,-1.729690117077797,-2.015287001210607,0.0021980860706101,0.6962675710854851,33.39150630507064,24.226474805349635,40.74323383889164,4.280804367288263,3021.75,1.431210744960774,2.035337591005598,-0.0101696544670049,-0.0025424136167512,99
356,3.4175281789596474,2.3814379490849835,4.183092498086332,0.2453392538372266,1.801654549001348,-1.7287954627467013,-2.013949066691416,0.0005566103878417,0.697047878700166,33.41522427488497,24.22178922960351,40.81715493531611,4.299262709763484,3012.265,1.4260247179525716,2.035337591005598,-0.0051860270082024,-0.0012965067520506,100
360,3.4197860540725715,2.459885297095542,4.181536580807847,0.2403518759462408,1.7216512837123048,-1.7216729981632184,-2.015065571425412,0.001880313677633,0.7045973768027333,33.39690850726103,24.207764443084063,40.72877617289365,4.279105256934157,3002.641,1.420487649966195,2.035337591005598,-0.0055370679863766,-0.0013842669965941,101
364,3.4171369298988705,2.4007285025453995,4.172034399629829,0.2406918795355521,1.771305897084429,-1.7228162229694663,-2.0151971595728613,0.0022542409730723,0.703674489345141,33.73731993653,24.266994666970984,41.45494452672042,4.464044448960896,3012.0,1.4207006230355006,2.035337591005598,0.0002129730693056,5.3243267326419375e-05,102
367,3.4305347141293625,2.472830716079143,4.188427549455566,0.2395445276094182,1.715596833376423,-1.7486639022205694,-2.0180838913239434,0.0081523535564586,0.6766364586222329,34.08965316576344,25.01052330742872,41.39678877103747,4.2491873703569984,3020.11,1.452255804330839,2.035337591005598,0.0315551812953383,0.0105183937651127,103
371,3.4250844180972875,2.467318928642863,4.181499335679726,0.2392016981476776,1.7141804070368631,-1.7345160724760178,-2.015157068463395,0.0001978952928271,0.6914329019224659,33.9987286593769,24.81713061500866,41.36669473718026,4.299417325493445,3002.172000000006,1.431557632772571,2.035337591005598,-0.0206981715582679,-0.0051745428895669,104
375,3.417133986279293,2.3692462667541,4.179546243153898,0.2447570142696636,1.8102999763997984,-1.7271570233190523,-2.013917344838714,0.0013926531441986,0.6989258053585963,33.907397114007345,24.66015421423191,41.37787352037061,4.346415144643425,2992.703,1.415015751158943,2.035337591005598,-0.016541881613628,-0.004135470403407,105
379,3.417521467040602,2.4482618595124874,4.18101558225098,0.2408080362142482,1.7327537227384928,-1.7305179027385762,-2.026182069042455,0.005189848551175,0.6950775843262647,33.70518417605219,24.417272340572964,41.14095609169821,4.357781964328754,2964.468,1.4097311506517451,2.035337591005598,-0.0052846005071978,-0.0013211501267994,106
383,3.418162323668036,2.4598632768748825,4.182667734360821,0.2398545231930544,1.722804457485939,-1.7141443638380731,-2.01548065880372,0.0017804365403169,0.712645847764213,33.7458832944166,24.34226965648951,41.2168813199875,4.385409704614487,2983.375,1.404917318129309,2.035337591005598,-0.004813832522436,-0.001203458130609,107
387,3.420331935905118,2.497869764845928,4.179947555799937,0.2366669314510585,1.682077790954009,-1.706782327346661,-2.014398878088724,0.0004526100127092,0.7197036155373028,34.01657212624259,24.68862064835225,41.40391881889191,4.352005984144061,2975.297,1.395164296571563,2.035337591005598,-0.0097530215577461,-0.0024382553894365,108
391,3.4192916311692465,2.472236707252471,4.182316086490744,0.2390286773610217,1.7100793792382727,-1.7063596521950202,-2.015379938834276,0.0004074114617765,0.7197068332356091,34.175023374593785,24.83379380277289,41.58657133119858,4.354041697107458,2974.9850000000006,1.3945343832614077,2.035337591005598,-0.0006299133101552,-0.0001574783275388,109
395,3.414352330355796,2.427874990476308,4.18300582450457,0.2422117541434653,1.7551308340282623,-1.7052696591517462,-2.024938600791225,0.002731966470301,0.7206903789128402,33.976109677640174,24.567907151996646,41.43504077863728,4.382087060522724,2966.25,1.3893171179312644,2.035337591005598,-0.0052172653301432,-0.0013043163325358,110
399,3.412701167144591,2.427590520023505,4.182504606082063,0.2422050432716596,1.754914086058557,-1.7046265574439607,-2.027018156432659,0.0013872942238959,0.7213952667094184,33.84150372451663,24.35845427718724,41.37436880579148,4.426438431004594,2956.359,1.3838379472327809,2.035337591005598,-0.0054791706984835,-0.0013697926746208,111
403,3.410409522809144,2.37337869163978,4.179533028548021,0.2443571834392101,1.806154336908241,-1.6985503106996724,-2.014779909755338,0.0037299171946931,0.7278602667366414,34.1008464215818,24.62149945751311,41.66477948989921,4.429283182231005,2956.344,1.3736814238195123,2.035337591005598,-0.0101565234132685,-0.0025391308533171,112
407,3.414419320260644,2.4248604132549767,4.18250512422575,0.2417659584639163,1.757644710970773,-1.6982347588599789,-2.0151111715849144,0.0014127620211878,0.7275938938122148,34.34663683304219,24.9086579815824,41.81816829502593,4.398555379640064,2956.406,1.3786059891863676,2.035337591005598,0.0049245653668552,0.0012311413417138,113
411,3.4131710032395315,2.426962848243194,4.1828227593786,0.2422305560317487,1.7558599111354058,-1.6971165805711328,-2.0151664181090267,0.0008856833378857,0.7286470501073794,34.216231530637586,24.777867901281315,41.68664700078119,4.403435230805167,2947.266,1.3737600299108574,2.035337591005598,-0.0048459592755101,-0.0012114898188775,114
415,3.4107019261975147,2.417287750352038,4.182413969607667,0.2431598204101303,1.7651262192556296,-1.6959199401004303,-2.016248522283907,0.0022565477410673,0.7299387135336083,34.041617020161176,24.55493670403353,41.565382893773936,4.427228658094671,2937.984,1.3682580583942712,2.035337591005598,-0.0055019715165862,-0.0013754928791465,115
419,3.4089059214760367,2.4185087281747166,4.182451170946608,0.2433534817510635,1.7639424427718915,-1.6953163120957455,-2.015018401452086,0.0029458430897076,0.7307162124593425,33.890212870710734,24.31801713066025,41.46394809540406,4.468195522374229,2929.125,1.3633024037317505,2.035337591005598,-0.0049556546625206,-0.0012389136656301,116
423,3.4134080258317576,2.480937393224248,4.181305580928812,0.2391091835107565,1.7003681877045635,-1.6890383512433216,-2.014808414619914,0.001787051783338,0.7365985147966571,34.116762412437,24.575299028638764,41.6123634180086,4.440858026001165,2928.454,1.35809661401726,2.035337591005598,-0.0052057897144905,-0.0013014474286226,117
427,3.411221044859532,2.4078214169511205,4.1804870315884735,0.2427781100438389,1.772665614637353,-1.689240311218937,-2.014994164220888,0.0009686723211606,0.7366705561751957,34.490493589415046,24.98269073769502,42.0075404495327,4.435836689713161,2929.375,1.353269090999531,2.035337591005598,-0.0048275230177288,-0.0012068807544322,118
431,3.415521085221368,2.433234589649132,4.163570261072192,0.2372020053288333,1.7303356714230604,-1.7102007614808157,-2.014889154962298,0.0021530897065765,0.7162819617972487,34.23744800906639,25.141147272482755,41.61679232360952,4.2869335467351615,2946.031,1.3841605738237488,2.035337591005598,0.0308914828242177,0.0077228707060544,119
433,3.42298383625498,2.440822893388958,4.190012868765637,0.2414394100202812,1.7491899753766784,-1.730244918610445,-2.021897889619746,0.0009450807694683,0.6962615132210175,34.41428886050454,25.16934934625116,41.80245062827161,4.32119435671904,2955.438,1.4051467790651473,2.035337591005598,0.0209862052413984,0.0104931026206992,120
437,3.414757022019347,2.396078253891397,4.182418011462176,0.2441378489844082,1.7863397575707791,-1.715246592390148,-2.013990107965066,0.0022862143567549,0.7110232265703329,34.16445180476378,24.82143821287872,41.653004783464006,4.371208230317734,2937.625,1.378719022627353,2.035337591005598,-0.0264277564377943,-0.0066069391094485,121
441,3.41435871627236,2.449306948268824,4.182070839014939,0.2415232340200517,1.732763890746115,-1.701340492819173,-2.0141794769710484,0.0017603003484055,0.7245002916787043,33.877146811272176,24.44823164208337,41.36061809844917,4.397692811680924,2929.078,1.3682657783199066,2.035337591005598,-0.0104532443074463,-0.0026133110768615,122
445,3.409188669841805,2.384185417166802,4.182701902443236,0.2460496736273354,1.7985164852764344,-1.7004366132157598,-2.014245767720947,0.002448164539924,0.7253678587355785,33.839566254190565,24.316938949769007,41.42815616511055,4.451653713060872,2918.375,1.3573151296618016,2.035337591005598,-0.010950648658105,-0.0027376621645262,123
449,3.411930366643558,2.4440756213040964,4.182270325485355,0.2425896852256925,1.7381947041812589,-1.6873533635265776,-2.013969299900083,0.0010573004756267,0.7373003664947759,33.818304796930946,24.29935828307596,41.343265645039,4.430731206018662,2919.812,1.3524934638801596,2.035337591005598,-0.004821665781642,-0.0012054164454105,124
453,3.4094417183837504,2.429601429477468,4.182394535290608,0.2439075621911889,1.7527931058131403,-1.6919294969110734,-2.014779898380345,0.0016960165224917,0.7335386849531479,33.812621135472135,24.25578525763593,41.38118673567723,4.459629393541612,2900.422,1.3474099151661236,2.035337591005598,-0.0050835487140359,-0.0012708871785089,125
457,3.408189609747988,2.41022288115442,4.182061947471753,0.2453176784067779,1.7718390663173325,-1.6852952939579415,-2.014211676143238,0.0020320718333584,0.7395261452441036,33.79894614410012,24.22667614097166,41.378450473707446,4.460136031575844,2901.375,1.3370075130842318,2.035337591005598,-0.0104024020818918,-0.0026006005204729,126
461,3.40737851449911,2.4098927032454966,4.182288987105723,0.2458090615165247,1.7723962838602263,-1.6787428835073943,-2.0146307921789908,0.0080376766807166,0.7454352436652836,33.702723745621576,24.08401483096836,41.306600641009794,4.472061666110305,2901.187,1.3312352966718526,2.035337591005598,-0.0057722164123792,-0.0014430541030948,127
465,3.4085862639015,2.453938411405305,4.179662143533188,0.2430865651710103,1.7257237321278835,-1.6712137513430336,-2.013369705800471,0.0010416352989289,0.7521771809630792,33.63562651984647,24.032744419693664,41.20408103671912,4.464296886707149,2891.64,1.3259303781727645,2.035337591005598,-0.005304918499088,-0.001326229624772,128
469,3.404843616147767,2.3940396792395253,4.181392635232333,0.2473025976222259,1.787352955992808,-1.6768931248947176,-2.0139825284473383,0.0013051127215942,0.7474282095747105,33.69072406179652,24.035049734679703,41.32955629442644,4.503856031202928,2882.906,1.321578743867529,2.035337591005598,-0.0043516343052354,-0.0010879085763088,129
473,3.4081057374178703,2.45134737470238,4.182099866234647,0.2442210833322025,1.7307524915322667,-1.6701186583642826,-2.01389215215322,0.001905914988572,0.7532835002669596,33.71317033815572,24.06699631246609,41.300370296451625,4.4804543979131095,2883.265,1.321225074066109,2.035337591005598,-0.0003536698014201,-8.841745035503834e-05,130
477,3.409172854038073,2.475014603796582,4.182054276922838,0.2434048641865988,1.7070396731262565,-1.6634753413292604,-2.013710255019385,0.004822714606532,0.7589708333972093,33.65376593260611,23.996723972247743,41.2436462295636,4.481173590462752,2882.969,1.3156485301862682,2.035337591005598,-0.0055765438798407,-0.0013941359699601,131
481,3.411081762218424,2.4569179775419294,4.168816046299314,0.2409963916360495,1.7118980687573848,-1.6645875549232958,-2.0145340492151043,0.0016790557813109,0.7579357799006134,33.983578066068176,24.663353868241057,41.36464929786556,4.335679642629904,2891.656,1.3209025697502388,2.035337591005598,0.0052540395639706,0.0013135098909926,132
483,3.416748624671716,2.438240626221148,4.190149239555381,0.2445794002146044,1.751908613334233,-1.6918384605140158,-2.01382438347875,0.0011291190058123,0.7334467668216439,33.816348135475515,24.805357555777945,40.89285784811417,4.157409676256734,2901.25,1.3474328767273906,2.035337591005598,0.0265303069771518,0.0132651534885759,133
485,3.4169689184247174,2.4946397780995584,4.187196878135145,0.2418829111188869,1.6925571000355868,-1.6711981411684529,-2.0133154561700204,0.0015509192623282,0.7523130560666373,33.60692030225909,24.568710436075083,40.652964511118334,4.158579088645514,2891.703,1.3260128072353616,2.035337591005598,-0.021420069492029,-0.0107100347460145,134
489,3.4105763913818787,2.4367455144223555,4.18232296515852,0.2457066092119761,1.7455774507361648,-1.6632769410531223,-2.0139168871011672,0.0017807462401955,0.7590269335533172,33.47350597721994,24.308667818003084,40.58410707337388,4.21322292649837,2883.016,1.3101186784831065,2.035337591005598,-0.0158941287522551,-0.0039735321880637,135
493,3.4113335283009314,2.485868996808533,4.1822817387062585,0.243669978984679,1.696412741897726,-1.6559085740676296,-2.0142276812428177,0.001136289876544,0.7654957106646719,33.209178727620106,24.0037960039902,40.322783635307104,4.224043353343756,2873.453,1.30521620229393,2.035337591005598,-0.0049024761891764,-0.0012256190472941,136
497,3.4081283345557187,2.395755020190792,4.181394192711236,0.2482278729797321,1.7856391725204448,-1.656100922060331,-2.014080368444908,0.0011258076444086,0.7655069350374726,33.58088963686094,24.35910018105313,40.78032921971219,4.2561126788303865,2874.031,1.3004061951355774,2.035337591005598,-0.0048100071583525,-0.0012025017895881,137
501,3.412573242269913,2.4504684570147006,4.182109437180301,0.2452230312011813,1.7316409801656008,-1.6493259508429792,-2.014831579693271,0.0035385904696668,0.7709658700007178,33.76400861956033,24.62177339088948,40.85731522464202,4.193931968929846,2874.234,1.300235735841116,2.035337591005598,-0.0001704592944613,-4.261482361533897e-05,138
505,3.407693686560286,2.3942028718004007,4.181210531150237,0.249342966530215,1.787007659349836,-1.6481131076816375,-2.014857985605384,0.0007121321492493,0.7718560566678059,33.57003564415372,24.362440700162463,40.74860220857894,4.228315089062405,2864.984,1.2895066722480757,2.035337591005598,-0.0107290635930403,-0.00268226589826,139
509,3.407349960804196,2.4303844034459368,4.180183763169455,0.2482146012944817,1.7497993597235184,-1.6402541382604887,-2.013906118562721,0.002070603795056,0.778065034301414,33.272050895552354,24.05758090644101,40.47227623020844,4.237196672375289,2855.093,1.279253057384795,2.035337591005598,-0.0102536148632808,-0.0025634037158202,140
513,3.409292163767801,2.4755630989048205,4.181641969595387,0.2465901601184922,1.7060788706905663,-1.6339151095418003,-2.01480412850878,0.0011760650851612,0.7837204519359695,33.12740933210319,23.84003655190612,40.28187574900838,4.246858259984162,2855.625,1.2792078171714618,2.035337591005598,-4.5240213333075374e-05,-1.1310053333268844e-05,141
517,3.409549235480477,2.446712151873903,4.1818501497507565,0.2475833965078593,1.7351379978768535,-1.6340244573659812,-2.014522533445452,0.0019702593856607,0.7838316988955946,33.439116773449626,24.11614509838886,40.637565231244686,4.270298038552276,2855.594,1.274036760902923,2.035337591005598,-0.0051710562685387,-0.0012927640671346,142
521,3.410318915287339,2.4607112018206894,4.1817089329030335,0.2473980180110981,1.720997731082344,-1.632488007933941,-2.0149438038428857,0.0040495370268256,0.7848803525722242,33.482874768414376,24.2483754316006,40.64243349478575,4.236324048558813,2847.437,1.2741273923001468,2.035337591005598,9.063139722376155e-05,2.2657849305940392e-05,143
525,3.409269478846637,2.46197885229738,4.178725976011113,0.2481022682551449,1.7167471237137333,-1.6192610042624402,-2.0150039133931816,0.0014280969271294,0.7951183753696195,33.22136307064441,23.97276387413658,40.38713367022122,4.229433369947142,2847.36,1.263763942644078,2.035337591005598,-0.0103634496560687,-0.0025908624140171,144
529,3.409437443506909,2.4999079970509284,4.181148894438262,0.247440127719142,1.681240897387334,-1.6178242977824624,-2.015129426588159,0.0037301935665104,0.796212152834948,32.98562738901426,23.67821307261489,40.15316398972329,4.254562559265268,2837.328,1.2581373688955233,2.035337591005598,-0.0056265737485547,-0.0014066434371386,145
533,3.403885091976961,2.4061574188511727,4.181246648937272,0.2532123266842987,1.775089230086099,-1.6181015728870058,-2.015749061229573,0.001436003251364,0.7959104627910828,32.97018278153956,23.51872262795036,40.26211669866818,4.320691363853224,2837.281,1.253259864055301,2.035337591005598,-0.0048775048402223,-0.0012193762100555,146
537,3.4065929107527846,2.40921365026611,4.182124874468928,0.2526320232410776,1.772911224202817,-1.6180985297864203,-2.014223314502266,0.0088086122111483,0.7962214097717415,33.31018716138479,23.900390232503312,40.65437976632703,4.314882989913479,2838.515,1.2532313315493426,2.035337591005598,-2.8532505958356325e-05,-7.133126489589081e-06,147
541,3.4095930016592684,2.4705399687343235,4.179545017207998,0.2490847222904234,1.7090050484736743,-1.6103535053387172,-2.016335249580649,0.0018528412705641,0.8022686918286582,33.23406652671602,23.92716190106188,40.41021687551566,4.247229394906718,2828.328,1.2480874960313575,2.035337591005598,-0.0051438355179851,-0.0012859588794962,148
545,3.409409922814414,2.4996841687041944,4.164241788212258,0.2450153667333106,1.6645576195080634,-1.611644410040853,-2.01499403966668,0.000657295059648,0.8010853524879897,33.117656712920734,23.56322177792888,40.49521984011741,4.380274662730237,2838.265,1.2534354284944844,2.035337591005598,0.0053479324631269,0.0013369831157817,149
548,3.4195489282896943,2.4839695531514434,4.189238693156103,0.2466700164316275,1.7052691400046591,-1.6420364978388975,-2.0181368086516467,0.00114204030608,0.7774199520441293,33.78417036686004,24.18298607119453,41.357879741754175,4.440412482093005,2864.547,1.28980487732669,2.035337591005598,0.0363694488322055,0.0121231496107351,150
552,3.4151799904188,2.4675402264113453,4.180842923747738,0.2480742228576014,1.7133026973363927,-1.6194806393973795,-2.014277449216773,0.0006389432339644,0.7950525227865529,33.806439563441614,24.13790128994837,41.37902988743146,4.4572811045999154,2846.39,1.2635402021758837,2.035337591005598,-0.0262646751508062,-0.0065661687877015,151
556,3.4154594925159083,2.4946438160388325,4.18123823034649,0.2480617016753451,1.6865944143076574,-1.6048643562670923,-2.0138128429431967,0.0057812483075358,0.8060358618163398,33.63735785291911,23.963097388160715,41.20920760771975,4.450962807667149,2837.969,1.2479761706842851,2.035337591005598,-0.0155640314915985,-0.0038910078728996,152
560,3.4130336456755868,2.4577382116375843,4.1798277092808815,0.2513379562071556,1.7220894976432972,-1.5916400783224371,-2.014917756386988,0.0023397381848139,0.8158903428123628,33.58195933847606,23.85096067907487,41.20630554355683,4.472326760440252,2838.156,1.2321202877943334,2.035337591005598,-0.0158558828899517,-0.0039639707224879,153
564,3.4094524356574096,2.40986495422137,4.180792839927961,0.2554175559048416,1.770927885706591,-1.5901105081883435,-2.014930078850297,0.0010089516629164,0.81704386414875,33.56245583951572,23.75303412345965,41.28239317323536,4.515353242870561,2829.843,1.2271137666213534,2.035337591005598,-0.0050065211729799,-0.0012516302932449,154
568,3.4138496008165014,2.479418189447868,4.181365190126037,0.2521876111582164,1.7019470006781692,-1.5767754479909837,-2.0147963353542564,0.0008594805850041,0.8262753136633273,33.5111267532655,23.71579098948608,41.1595683576961,4.488716863512712,2829.625,1.2217397581377356,2.035337591005598,-0.0053740084836177,-0.0013435021209044,155
572,3.410900672125043,2.434585389303289,4.180594670510683,0.2554146162892581,1.7460092812073935,-1.575262673173442,-2.015518745222527,0.0011992086586358,0.8272958161026505,33.53675907012135,23.759120931060004,41.230427315370186,4.49738001188431,2819.437,1.211102678915174,2.035337591005598,-0.0106370792225616,-0.0026592698056404,156
576,3.4105744140130074,2.425682710641569,4.181424135030176,0.2569819410958422,1.7557414243886074,-1.5684640005188113,-2.0147884579094577,0.0016688329956906,0.8317378025292568,33.49803069556778,23.66231577866041,41.21487873613708,4.5075717019233785,2819.579,1.2056159765131735,2.035337591005598,-0.0054867024020004,-0.0013716756005001,157
580,3.4096514247359915,2.417924401749313,4.181921994951423,0.2581973170564696,1.7639975932021097,-1.5671286757845893,-2.0146138657111945,0.0026713892198369,0.8329428153403723,33.516977262709986,23.65025525718372,41.27439823262361,4.527649008570073,2810.672,1.2008936262717274,2.035337591005598,-0.0047223502414461,-0.0011805875603615,158
584,3.4128578373442537,2.4541577949851603,4.179593598747663,0.2562295547306426,1.7254358037625024,-1.5537993411647462,-2.0148417510809367,0.0021054554350767,0.8418998631531451,33.531923269271225,23.71646710308953,41.237668013317766,4.494711757510842,2811.485,1.1905903985558337,2.035337591005598,-0.0103032277158936,-0.0025758069289734,159
588,3.413450901705652,2.463616101176541,4.180557596235595,0.2563397256526232,1.7169414950590545,-1.5521827524962777,-2.013981544237104,0.0030546197767952,0.8426741525725665,33.567636169584304,23.75283925140291,41.24068073261839,4.488739697730475,2802.422,1.185179251041941,2.035337591005598,-0.0054111475138927,-0.0013527868784731,160
592,3.414388187503409,2.470375229475307,4.181414159913002,0.2568441721022827,1.7110389304376952,-1.5452652929126829,-2.014023708028726,0.0020243726684846,0.8470345896109175,33.60493096509702,23.80606714012504,41.28133907077437,4.480792235047609,2801.625,1.1796706818144624,2.035337591005598,-0.0055085692274785,-0.0013771423068696,161
596,3.412419038813061,2.4357634426689945,4.180815073540562,0.2599377773002801,1.7450516308715676,-1.538651770825325,-2.016504705213686,0.0039411217828642,0.8513560117080599,33.54281440778599,23.71321070187237,41.28338645880181,4.497310319961048,2802.031,1.1745952836753917,2.035337591005598,-0.0050753981390707,-0.0012688495347676,162
600,3.414810305745517,2.481190011798763,4.1697037841892834,0.2567621913262417,1.6885137723905204,-1.5169723774339865,-2.0192733708647617,0.0022476647345707,0.8647472127992183,33.472459360982775,23.707339766856947,41.14919304328959,4.458920775963431,2793.39,1.15381833159625,2.035337591005598,-0.0207769520791416,-0.0051942380197854,163
604,3.4166177332601,2.491537251958465,4.180283727512206,0.25786885910619,1.6887464755537414,-1.5238501013926742,-2.014625681416588,0.0020222968056506,0.8603890556014289,33.58210389885497,23.791460085164704,41.26268252018065,4.465400116342418,2793.39,1.1644009557372264,2.035337591005598,0.0105826241409763,0.002645656035244,164
608,3.4121341541171764,2.40904100737121,4.181170015245673,0.2637271867613533,1.772129007874463,-1.523792814686802,-2.016243208356173,0.000365940232113,0.8604329777233659,33.6634605108384,23.802896883148367,41.45791806300034,4.507073999103317,2792.485,1.1587974947916069,2.035337591005598,-0.0056034609456194,-0.0014008652364048,165
612,3.419700177568569,2.475767645530351,4.1575524997258,0.2529109631298057,1.6817848541954494,-1.539131085939872,-2.013736316594881,-0.0004237695743895,0.8511924609455338,33.730546074122294,24.698597962486065,41.11666214070682,4.1670548482657015,2802.016,1.1749748834769171,2.035337591005598,0.0161773886853102,0.0040443471713275,166
614,3.4234687742187893,2.4160441724133666,4.188511527828155,0.2619158664193414,1.772467355414788,-1.5426703969635054,-2.014876364498059,0.0032206172427055,0.8495522069665737,33.8912822372509,24.907725860706154,41.36263766174168,4.080219455624845,2820.39,1.1856752327929356,2.035337591005598,0.0107003493160184,0.0053501746580092,167
2,3.522006703394617,2.145975766935391,4.199497433806136,0.2874452516516924,2.0535216668707448,-1.8691188840185693,-1.996867242177128,0.0009103844987851,0.4752966796525294,32.62485875142121,23.92407356409745,40.59042914535701,3.8821725491629793,3690.234,1.89105229539079,1.89105229539079,0.0,0.0,0
4,3.531949043431712,2.111016698785212,4.198510349854315,0.2797089856913086,2.087493651069104,-1.8680422715350309,-1.994391196351152,0.0036015506039289,0.4765995999482217,32.738209593287145,24.261106709876195,40.26023408628707,3.767777623445933,3672.344,1.880637027686859,1.89105229539079,-0.010415267703931,-0.0052076338519655,1
6,3.5344025220217845,2.025108512818265,4.198280074112568,0.2837265457450501,2.1731715612943026,-1.877784734502072,-1.994681656822022,-0.0010276902277484,0.4584167741596034,32.68511456550919,24.3190033925327,40.27558633997852,3.746724750145294,3651.641,1.8806626717011388,1.89105229539079,2.5644014279846417e-05,1.2822007139923208e-05,2
8,3.53492504932652,1.922542180649595,4.198267468745592,0.2900870287846462,2.2757252880959973,-1.8875256535871228,-1.9952731083659303,-0.0006983471237198,0.4392237162661777,32.554748499572646,24.22357872488708,40.29314715799111,3.748713692085809,3631.563,1.8807709009833444,1.89105229539079,0.0001082292822056,5.411464110283149e-05,3
10,3.534536640068787,1.871159045064988,4.198464224146956,0.2922064159996836,2.3273051790819674,-1.8871559747738404,-1.9935500451030048,0.0005983417342468,0.439454184988277,32.46787845303298,24.13830760704513,40.2688726302198,3.757399994843755,3629.172,1.879450872828505,1.89105229539079,-0.0013200281548388,-0.0006600140774194,4
12,3.5411626672196816,2.175686706590344,4.197967993115647,0.2667430847635834,2.0222812865253035,-1.8675154082122565,-1.994104174576412,-0.0004243475852501,0.4775262409169319,32.48624734055599,24.135840711684263,39.67620802332074,3.7187797514899983,3652.281,1.8807003517117404,1.89105229539079,0.0012494788832349,0.0006247394416174,5
14,3.541165612176161,2.111788715601944,4.198023461704379,0.2711863392112483,2.086234746102435,-1.8673304059806155,-1.993164510431567,0.0005401764510727,0.4774906738400573,32.55779966353037,24.255515986671373,39.80381766292616,3.715226156950988,3650.828,1.8799352523566075,1.89105229539079,-0.0007650993551329,-0.0003825496775664,6
16,3.549458117635797,2.026250619894166,4.199372697237068,0.2729782429415227,2.1731220773429025,-1.9063154499484405,-1.9936540341331743,-0.000328171819449,0.3979115030496563,32.45374435641106,24.30295214496604,39.88810476942348,3.66750069286357,3572.453,1.88150881240388,1.89105229539079,0.0015735600472723,0.0007867800236361,7
18,3.5502805464079743,1.950589433290604,4.19921182024681,0.2771296154486181,2.2486223869562063,-1.916425930003817,-1.99377953803378,0.0005697252689816,0.3744374354627782,32.373246444985035,24.257530932186896,39.95162250671474,3.662879470802171,3550.594,1.8696907870385844,1.89105229539079,-0.0118180253652955,-0.0059090126826477,8
20,3.5481347674910286,1.868824706765806,4.198957678253482,0.283812978267983,2.330132971487676,-1.9165016044519976,-1.99378312138298,0.0035107556642499,0.3742086617157418,32.30534276235138,24.189583713016194,40.05202185471829,3.6783546666995854,3551.25,1.870052380139199,1.89105229539079,0.0003615931006146,0.0001807965503073,9
22,3.548427214895644,1.7896213776724978,4.198832114024662,0.2888963372471808,2.409210736352164,-1.926771167846017,-1.9942511729128327,-9.593499764332656e-05,0.3483926910622938,32.183319483399806,24.062655752137022,40.1213838436794,3.687673913430504,3530.25,1.8700442394188577,1.89105229539079,-8.140720341387464e-06,-4.070360170693732e-06,10
25,3.5560433603714667,1.910336108594535,4.198945227315025,0.2760417717530499,2.2886091187204896,-1.936979366983281,-1.9938120330189373,-0.0018154689461531,0.3204322222158979,32.378853181816005,24.334878490739897,40.174657039770814,3.63791535075196,3491.016,1.8596518987766364,1.89105229539079,-0.0103923406422212,-0.003464113547407,11
27,3.5604849642800684,1.9086884059809104,4.199051302806796,0.2717170193494012,2.2903628968258856,-1.947065774665518,-1.9942213710086447,0.0021769059281878,0.2882487625048244,32.2913249500013,24.352069874766624,40.016434730174936,3.582678179632668,3470.281,1.8590746560862208,1.89105229539079,-0.0005772426904155,-0.0002886213452077,12
29,3.5562872542469752,1.7868782934275431,4.198107645780677,0.2826191895837473,2.411229352353134,-1.946961601670498,-1.9939995868905829,-0.0004508051048845,0.2883646179237529,32.14782797344657,24.125190486792462,40.16569230743226,3.622670216832461,3470.0,1.8590084577709232,1.89105229539079,-6.619831529763864e-05,-3.309915764881932e-05,13
31,3.5647746218187324,2.1361343961784502,4.19925638222589,0.2549992595793087,2.06312198604744,-1.946851050742258,-1.994356138623711,-0.0011324628611877,0.2889420202723332,32.01380948237792,24.072501109913752,39.46139677634257,3.570709862627515,3450.297,1.8593622586957048,1.89105229539079,0.0003538009247816,0.0001769004623908,14
33,3.565438928797127,2.0133501283179167,4.199087384946408,0.2598113371383103,2.185737256628491,-1.9574063719005568,-1.9935665024864544,0.0005922421493807,0.2517107639272867,31.88131010347136,23.938131916668528,39.5636595172155,3.5607713646101,3429.407,1.8587355450601035,1.89105229539079,-0.0006267136356012,-0.0003133568178006,15
35,3.565961679108638,1.8575547668336485,4.199009971925293,0.2666938102935131,2.341455205091645,-1.9680136940585704,-1.993742172224942,-0.0019590482402041,0.2065885715543249,31.854304304240515,23.932016714666645,39.628948319501816,3.552969052142723,3409.484,1.847817291322145,1.89105229539079,-0.0109182537379586,-0.0054591268689793,16
37,3.572496559005355,2.165755612420893,4.1985172274243965,0.2443446202400194,2.032761615003503,-1.9680499927642312,-1.9946244036549008,0.0004326258514957,0.2072756278223803,31.85655540457676,23.97681979044544,39.22534721491488,3.5240064913765976,3390.422,1.8485252916137047,1.89105229539079,0.0007080002915598,0.0003540001457799,17
39,3.5699492020415136,2.0270686341513207,4.198245740608724,0.2532936670816869,2.171177106457403,-1.9680218912213907,-1.994455565707021,-0.0024409084852146,0.2071688448563672,31.86718260708393,23.9807756950204,39.4126321606434,3.5311983271559155,3390.281,1.848378951850034,1.89105229539079,-0.0001463397636707,-7.316988183536655e-05,18
42,3.5464338449590023,1.905311669649934,4.196262462698172,0.2870418502164071,2.2909507930482382,-1.90666567906068,-1.9992261048783584,-0.0008292148953224,0.3970264906393026,32.35216872128999,24.35868522365832,39.95874037686836,3.6200786747538674,3591.734,1.8807805437609768,1.89105229539079,0.0324015919109428,0.0108005306369809,19
46,3.5531968089006387,1.7951975189442124,4.1969587758867,0.2883972011276421,2.401761256942488,-1.926711860467765,-1.9940266531677509,0.0007573311396121,0.3474355799752832,32.60219299451182,24.65025766803762,40.31302300333008,3.609319632122495,3552.297,1.88147215974436,1.89105229539079,0.0006916159833831,0.0001729039958457,20
50,3.5599340214678805,2.1058524852518143,4.197071720130598,0.262396085205122,2.091219234878784,-1.9260915660103672,-1.993858646326954,0.0013452537587627,0.3484920989459363,32.19571819720114,24.30627397473693,39.359447242364645,3.5383074860799546,3531.578,1.8810954313244783,1.89105229539079,-0.0003767284198816,-9.418210497041946e-05,21
54,3.5595604968238,1.846021007590992,4.19690260801443,0.2755055664428783,2.3508816004234374,-1.9468340181835688,-1.9927272592846583,0.0006146261200233,0.2875425978967295,31.805988160181123,23.9467139821556,39.454159451189874,3.5365956799637424,3492.907,1.8710089649779995,1.89105229539079,-0.0100864663464788,-0.0025216165866197,22
58,3.552385161941813,1.7370300333706354,4.1966416719103465,0.2881767172049014,2.459611638539711,-1.9364196896718648,-1.9934659604006035,-0.0002739360521714,0.3198201269594437,31.737001978644926,23.7951049382806,39.64174827400944,3.6015349556344587,3511.594,1.8701995151941373,1.89105229539079,-0.0008094497838622,-0.0002023624459655,23
62,3.5707670304281067,2.0506492642329937,4.1971302559922,0.2505087558173121,2.1464809917592067,-1.9675984733558023,-1.993000639305042,-0.0003786300348992,0.2061696647227011,31.51707667966367,23.71845701771557,38.86906912217273,3.467097459094623,3431.9370000000054,1.8706715362800983,1.89105229539079,0.000472021085961,0.0001180052714902,24
66,3.565722484743929,1.8254369744762284,4.19652461108806,0.2672429322671614,2.371087636611832,-1.9680130544442065,-1.9947910338783703,-0.0014954156580665,0.2060166906789619,31.442860781038384,23.64183560576637,39.11839966443177,3.4910890369414163,3431.125,1.8596124644020169,1.89105229539079,-0.0110590718780814,-0.0027647679695203,25
70,3.571283506748709,2.134879000684994,4.196790308710931,0.2454629972635874,2.0619113080259366,-1.967557275755036,-1.9956093835681803,0.0005398984445576,0.2067971048262254,31.32326275303232,23.51989277533736,38.68010761281634,3.477481789559444,3412.406,1.860033909718346,1.89105229539079,0.0004214453163291,0.0001053613290822,26
74,3.56797162748914,1.970455493406623,4.196693048697735,0.256383090128758,2.2262375552911124,-1.967618505240168,-1.9936520198661487,-8.502750867487407e-05,0.2065711513338981,31.28571570579735,23.467259682273063,38.863045678198645,3.496093238915817,3410.688,1.8591653109160768,1.89105229539079,-0.0008685988022691,-0.0002171497005672,27
78,3.5646314038791784,1.813269430976001,4.197078923354,0.2688392479727567,2.383809492377999,-1.9678214300979184,-1.9944764248874856,-0.0021454320098209,0.2065564568256399,31.331850868998004,23.492198340361576,39.14531169811219,3.5126895678617203,3410.718,1.8481398178778288,1.89105229539079,-0.011025493038248,-0.002756373259562,28
82,3.568983888921194,2.048365732409564,4.196062203382386,0.2510097241436422,2.1476964709728223,-1.967505635477996,-1.9940826161567085,-0.0025121744881896,0.2070579900700325,31.32285733932258,23.51112503683739,38.8380564174779,3.493749326793328,3392.719,1.849201702126164,1.89105229539079,0.0010618842483351,0.0002654710620837,29
86,3.564620688944316,2.181560983985832,4.206531081984383,0.242356483976059,2.0249700979985508,-1.9683447778186904,-1.994081294125572,-0.0020329549327671,0.2052121714544894,31.60843645212248,23.527236127318183,38.95965174080089,3.51820888005486,3470.672,1.8834677437950849,1.89105229539079,0.0342660416689208,0.0085665104172302,30
90,3.569438814221784,2.1177799354077496,4.203187727641822,0.2390427400001807,2.085407792234073,-1.978806775438716,-2.003329552797809,0.0016192589541852,0.1469868865058396,31.782101501165204,23.9542942093336,39.05387577229197,3.380302800718849,3414.109,1.8628211117905844,1.89105229539079,-0.0206466320045004,-0.0051616580011251,31
94,3.568742147335628,2.1637448793153697,4.202997027311235,0.2361226467707183,2.039252147995865,-1.9785908218423576,-1.9938003511879967,-0.001677256736689,0.1471173426616735,31.51504198920288,23.73407143959736,38.699551697978606,3.363520252997762,3395.219,1.852085039652352,1.89105229539079,-0.0107360721382323,-0.002684018034558,32
98,3.5642424070467817,2.045656147205805,4.2027504558714135,0.2435637592164921,2.157094308665608,-1.9784335668087776,-1.994233953094661,-0.0024901255072808,0.1472609174758871,31.13866351339678,23.309807963383705,38.6052414906155,3.4075643650648044,3386.0,1.8469504648208708,1.89105229539079,-0.0051345748314812,-0.0012836437078703,33
102,3.5653038098527605,2.1356202266992863,4.202665067816707,0.2380524119042055,2.0670448411174203,-1.9781601679702336,-1.9932621441916,0.0002120880463095,0.1477765014129555,31.068710515588776,23.305948209951065,38.42604747702835,3.3689280446409944,3368.187,1.836828431169018,1.89105229539079,-0.0101220336518528,-0.0025305084129632,34
106,3.565432167703823,2.042987153745025,4.20243913428064,0.2436019823106268,2.159451980535615,-1.978376589969064,-1.9932668899112056,0.0016978688568831,0.1476906460971523,31.618244836823447,23.739006255698545,39.0468968949422,3.439402205358536,3368.266,1.837161961967228,1.89105229539079,0.0003335307982097,8.338269955243671e-05,35
110,3.5622303163451425,1.978616239411895,4.202794567899269,0.248370936300835,2.2241783284873744,-1.9780771457931063,-1.9945447573637072,0.0006200071499489,0.1480722071651302,31.3315280636684,23.487622777066665,38.83676495861389,3.413453157377257,3358.719,1.8316722583718847,1.89105229539079,-0.0054897035953425,-0.0013724258988356,36
114,3.564481026852489,2.15845357648832,4.203135326288817,0.2369382273164456,2.044681749800497,-1.9780971417908424,-1.9937887547057835,0.0003106338402807,0.1484371221177698,31.132569191182142,23.2595984254445,38.49981470604549,3.426266595856784,3339.5,1.8211470951317783,1.89105229539079,-0.0105251632401068,-0.0026312908100267,37
118,3.561614556780574,2.092603698932653,4.202837061508687,0.241210893749047,2.1102333625760337,-1.977978349880126,-1.992201283338572,1.0269396682341148e-05,0.1485468782929041,30.972969676157927,23.021675511770265,38.582340147970775,3.473098581113468,3331.265,1.816506091511515,1.89105229539079,-0.0046410036202633,-0.0011602509050658,38
122,3.5630587459190144,2.152888643167804,4.202745735932991,0.2377592209805917,2.049857092765188,-1.978433495721842,-1.9945004268443045,0.0006306807076325,0.1486956307108426,31.1990648511682,23.18977956751028,38.787499833494046,3.499964417763432,3321.188,1.811381560150456,1.89105229539079,-0.0051245313610592,-0.0012811328402648,39
126,3.5629534367704405,2.0537418826405966,4.203198796599359,0.244270629646186,2.1494569139587627,-1.9782873833989176,-1.993174676650297,0.0005017093700327,0.148884805092314,31.722267598269813,23.74662782512349,39.31221126031847,3.489535773627038,3321.844,1.8116056333939583,1.89105229539079,0.0002240732435025,5.601831087564957e-05,40
130,3.563446012076242,2.079330058633996,4.202901668731174,0.2429287782575352,2.1235716100971787,-1.978196143267665,-1.994616038219737,0.0014954532137275,0.148965936617679,31.900827580605675,23.98219553879158,39.40567993360536,3.453732440693354,3311.828,1.8060548955557405,1.89105229539079,-0.0055507378382178,-0.0013876844595544,41
134,3.563998342345823,2.075979330452076,4.196154302326916,0.2532702940342307,2.1201749718748406,-1.9670969462670496,-1.995287894351176,0.0009071057750656,0.2090627886753873,31.5372402498617,23.71372956170196,39.32802757827611,3.5356532818719244,3327.391,1.8132041826994056,1.89105229539079,0.0071492871436651,0.0017873217859162,42
136,3.5604902283110547,2.0674349483094465,4.204477224486428,0.2452923043251051,2.137042276176981,-1.9781214643703728,-1.9951041266249487,-0.0007153493376797,0.1489594972779903,31.24662583059252,23.52099861667097,38.6112528181758,3.352701649272975,3312.078,1.8062641938283528,1.89105229539079,-0.0069399888710524,-0.0034699944355262,43
140,3.5567002097886946,2.037264031192436,4.20211656315423,0.2471815020007749,2.164852531961794,-1.978036445732872,-1.9939079880095487,-0.0012469857773277,0.1494284562122661,30.939399361884792,23.07246859020669,38.56972695128688,3.427249603700407,3293.172,1.7958310249900458,1.89105229539079,-0.0104331688383074,-0.0026082922095768,44
144,3.5584127263446006,2.1632674190148338,4.202901194454151,0.2397240468529603,2.039633775439317,-1.977935781469453,-1.9931708315999248,0.0005268652442651,0.1499746649560789,30.88485700435457,22.983640218520343,38.34572083526661,3.4451204067835475,3275.328,1.7858852600390451,1.89105229539079,-0.0099457649510006,-0.0024864412377501,45
148,3.556136820956992,2.106631526845483,4.201790697233378,0.2435323971413377,2.0951591703878947,-1.9780170042003,-1.9937766833094568,-0.0024226440673283,0.1499226700475632,30.920682316695828,22.96992297871689,38.48254063494672,3.482820431217398,3265.016,1.780326860450275,1.89105229539079,-0.00555839958877,-0.0013895998971925,46
150,3.568999942180493,2.1809272860788376,4.191916354433964,0.2377985887575091,2.0109890683551264,-1.9779140108313504,-1.993416647067197,-0.0001758019097429,0.1486015946765911,33.8805778170798,26.46604285791351,41.0499421893331,3.252960553213002,3328.937,1.8150756899575573,1.89105229539079,0.0347488295072824,0.0173744147536412,47
154,3.571059290544873,2.1773498094527195,4.20342192245769,0.2378590679850671,2.026072113004971,-1.978162017642311,-1.994657617315832,-0.0012601283929447,0.1485828333547708,33.038339318294426,25.38232315092876,40.361944885615415,3.3468582106910603,3329.266,1.815702515484584,1.89105229539079,0.0006268255270265,0.0001567063817566,48
158,3.566692128462209,2.180136101967249,4.202807443974011,0.23760527129618,2.0226713420067624,-1.9779553399945096,-1.9927642557550824,-0.0007693308142824,0.1492321114384013,32.27329169539202,24.50191010057804,39.6676965288026,3.3756627697109653,3301.579,1.800243217805667,1.89105229539079,-0.0154592976789169,-0.0038648244197292,49
162,3.563327431073248,2.128629519907685,4.203276539809248,0.2410548801073988,2.0746470199015623,-1.9779914337720728,-1.9950332824030967,-0.0006536943792753,0.1496135945463944,31.937919783481355,24.043121291612863,39.481181404811096,3.443436671543625,3283.563,1.7904476205609308,1.89105229539079,-0.0097955972447363,-0.002448899311184,50
166,3.559014621482901,2.155901281560187,4.202580870413733,0.2427711596580828,2.0466795888535465,-1.972188984422817,-1.994232501388858,0.0007008105306003,0.1832155418321409,31.688686599521045,23.72477221974692,39.4190511430692,3.496381532348714,3275.125,1.780343032300132,1.89105229539079,-0.0101045882607988,-0.0025261470651997,51
170,3.556694583634292,2.067103728219671,4.203244171517053,0.2487959944615331,2.1361404432973816,-1.9723254573804136,-1.9927179646840103,0.0001504085743458,0.1834197596471907,31.779120691032947,23.738337987235628,39.72196117128354,3.555534379207058,3265.656,1.775328769596812,1.89105229539079,-0.0050142627033198,-0.0012535656758299,52
174,3.555013984911923,2.061983186454309,4.202697222668131,0.2513247440204203,2.1407140362138213,-1.966838273678528,-1.99371542403896,-0.0009153700172719,0.2115267205729815,32.133873372089305,24.06931067212055,40.041366724781085,3.5837263034233016,3266.093,1.770262973473285,1.89105229539079,-0.0050657961235269,-0.0012664490308817,53
178,3.552637375406741,2.143037413381466,4.202581421564202,0.2484397729897574,2.059544008182736,-1.960929600351624,-1.99255052774098,0.0001465971906707,0.2366096302019096,31.889431533099835,23.85737755230868,39.66314441864834,3.551631064170752,3257.594,1.760081061854204,1.89105229539079,-0.0101819116190811,-0.0025454779047702,54
182,3.547186025484395,1.992905798820928,4.201275185814673,0.2591347484640653,2.208369386993745,-1.9607588424014128,-1.994265959280498,-0.0009119903753978,0.2369026854682799,31.81736328028127,23.739137412822192,39.84751541049116,3.610373519382387,3248.593,1.749647593537689,1.89105229539079,-0.010433468316515,-0.0026083670791287,55
186,3.546814755244375,2.0335961968180234,4.202508747096239,0.2566708502475146,2.168912550278216,-1.9607439129501685,-1.9932021181710204,0.0010974883571477,0.2372544912429528,31.72316205746117,23.58399487368775,39.74335777163101,3.6410744013520295,3238.766,1.749650075059311,1.89105229539079,2.481521621966465e-06,6.203804054916162e-07,56
190,3.544785017297265,2.0213017345171265,4.202333230196108,0.2590391092431144,2.1810314956789814,-1.9550964299704847,-1.9932663431900044,0.001774869767192,0.2595637502376604,31.957150654392294,23.70822834446801,40.07246786936068,3.721644074023953,3240.14,1.745028739214683,1.89105229539079,-0.0046213358446278,-0.0011553339611569,57
194,3.546521542096416,2.0789964919635966,4.202490707154508,0.2559966343933013,2.123494215190912,-1.955058998571939,-1.9938941800121164,0.0005136007463939,0.2597754002497576,32.29917704213345,24.21598770999788,40.24771611400392,3.631661556788779,3230.109,1.739645745528673,1.89105229539079,-0.0053829936860101,-0.0013457484215025,58
198,3.540832547654255,1.9925354808829656,4.202290557382721,0.2637981986834192,2.209755076499756,-1.9491545130405272,-1.9929599237339224,-0.0018160550004962,0.2799244598386189,32.128842946565555,24.018596493562136,40.27220819224188,3.646211067036828,3229.7810000000027,1.7285642277717963,1.89105229539079,-0.0110815177568766,-0.0027703794392191,59
202,3.542992511358393,2.14041602578448,4.20313824854604,0.2543359523100831,2.06272222276156,-1.9485230174751031,-2.002837999763986,0.0002657157345997,0.2810230250199101,32.021134355757404,23.868157730931408,39.89848456781458,3.671202377906511,3212.469,1.723900324588418,1.89105229539079,-0.0046639031833783,-0.0011659757958445,60
206,3.5360811169860216,2.006753861515003,4.202703239422359,0.2648942463001822,2.195949377907356,-1.9431227050969848,-1.994963835157279,0.0003221994780719,0.2998951401853699,31.85904886148665,23.679272417109907,40.0571305311587,3.723390766043564,3213.219,1.7139788776485192,1.89105229539079,-0.0099214469398987,-0.0024803617349746,61
210,3.5392436935272635,2.121868132176415,4.202907102508285,0.256967427749331,2.0810389703318704,-1.9430080085541768,-2.0016459444206927,0.0004335128310188,0.3003153138279422,32.16100333536097,23.840345275714288,40.240711749549135,3.792421226705538,3203.578,1.7139701997004613,1.89105229539079,-8.677948057922436e-06,-2.169487014480609e-06,62
214,3.534823706293257,2.011964875882845,4.201457080806326,0.2662038409344857,2.1894922049234804,-1.9425165961920088,-1.99404442992524,0.0008557352401421,0.3009740923792116,32.10276048728767,24.23912269518512,40.12941739090177,3.603832657322533,3195.125,1.7036521173638766,1.89105229539079,-0.0103180823365847,-0.0025795205841461,63
216,3.5366477402090606,2.0744390946376323,4.204304103661928,0.2616558182168718,2.129865009024296,-1.9370190075205085,-1.99394242124594,0.0009344669590898,0.3186080584168873,32.33880662180898,24.100749099673767,40.3959693732437,3.7734678513608726,3195.312999999994,1.7040137474382486,1.89105229539079,0.000361630074372,0.000180815037186,64
220,3.535206284098092,2.188793384556236,4.20220228055958,0.2554479106914472,2.013408896003344,-1.931019209657836,-1.994068391906693,0.0022188981259913,0.3358311193593271,32.21373014824893,23.89454515016851,40.18751058333668,3.806474467128874,3186.297,1.6935716157343033,1.89105229539079,-0.0104421317039453,-0.0026105329259863,65
224,3.53298522375534,2.1739523632140685,4.202001482736379,0.2570678864082441,2.0280491195223105,-1.930473835480344,-1.9931157642861432,-0.0005031657572301,0.3361045071772884,32.09949526722965,23.747372758256024,40.14605167557969,3.83680147094081,3176.438,1.6876577363877656,1.89105229539079,-0.0059138793465376,-0.0014784698366344,66
228,3.532158560934324,2.1783847786257136,4.202600613133091,0.2574332184607594,2.0242158345073777,-1.930551031475332,-1.993287600757209,0.002667224750398,0.3367955832619307,32.11305439113157,23.732576134274755,40.18846095484838,3.853453179673045,3167.593,1.6830744356583152,1.89105229539079,-0.0045833007294504,-0.0011458251823626,67
232,3.5308376380023527,2.191481814157953,4.202328519159183,0.2573513281864761,2.0108467050012298,-1.924719540998312,-1.9932567265208057,0.000550345930346,0.3526649608118804,32.20371989479744,23.784085634385107,40.2789498830108,3.8766566501795,3167.719,1.6779270142025482,1.89105229539079,-0.0051474214557669,-0.0012868553639417,68
236,3.5296958440720005,2.1753473356526807,4.202855889678493,0.2590331783571659,2.0275085540258124,-1.9245739020356047,-1.993361006627344,0.0026001975071493,0.353068484581917,32.23340825772458,23.83125634938924,40.310727434969614,3.8809728822466494,3159.077999999994,1.6732060275966172,1.89105229539079,-0.004720986605931,-0.0011802466514827,69
240,3.5281819372126093,2.1832922624558813,4.202212609390717,0.2590267647030847,2.018920346934836,-1.9243785304854075,-1.9942955362628867,5.813877826634093e-05,0.353697587121458,32.212169716369466,23.78037304316956,40.31733812871393,3.897110967912235,3148.829,1.6674367208253988,1.89105229539079,-0.0057693067712183,-0.0014423266928045,70
244,3.5265730179666974,2.192864020990023,4.202335745153063,0.25895117983184,2.00947172416304,-1.9184028799161776,-1.995101711321148,-0.0006209850775538,0.3688510351600927,32.21746401954225,23.770282871894263,40.332563430145015,3.918876824662239,3149.094,1.6622662630667526,1.89105229539079,-0.0051704577586462,-0.0012926144396615,71
248,3.5245022548553444,2.156097212664392,4.201997273379946,0.2617924505301996,2.045900060715553,-1.9181664471622712,-1.9939693898192543,-0.0008196546730972,0.3693014357812534,32.23410177209762,23.76194654931583,40.431258866851486,3.9425202907421366,3140.547,1.6574243065763063,1.89105229539079,-0.0048419564904462,-0.0012104891226115,72
252,3.5228548406546385,2.138540138129487,4.201599523927098,0.2633490260817586,2.063059385797611,-1.9180994998619485,-1.9959097500887344,-0.0005785652845972,0.3697212191012891,32.228343983674435,23.75126365079373,40.46247985933005,3.951613635856311,3131.625,1.652538684928734,1.89105229539079,-0.0048856216475723,-0.001221405411893,73
256,3.522282912123785,2.1646493163558524,4.20196227209543,0.2622165090473685,2.0373129557395773,-1.9179522150902,-1.995053192036484,0.0007067950076479,0.3704409853164542,32.1833106060944,23.692389087728422,40.40103455658551,3.954583146041962,3121.907,1.6472174627573322,1.89105229539079,-0.0053212221714018,-0.0013303055428504,74
260,3.5189923820688493,2.1187211383693167,4.202045571197949,0.2657987880982344,2.0833244328286327,-1.9116539768893368,-1.993252278498655,0.0025842973651256,0.385013243725902,32.17200142078129,23.642375027314003,40.4426971996319,3.989270609895539,3122.125,1.6364136810898071,1.89105229539079,-0.010803781667525,-0.0027009454168812,75
264,3.51778442795708,2.1377868706438155,4.204697039833386,0.2660021511721999,2.0669101691895704,-1.911586551073689,-1.993442401381344,0.0016296703790506,0.3850783041628466,32.03316223587618,23.617774403005388,40.26214977673693,3.928321114584468,3121.672,1.6362554312048496,1.89105229539079,-0.0001582498849574,-3.956247123937384e-05,76
266,3.521222605727349,2.103155697792567,4.203964293328523,0.267463244027458,2.1008085955359563,-1.917648718820213,-1.993721164618022,-0.0003124695442695,0.3703282072913335,32.506671891788216,24.167910537487234,40.64566836195685,3.863021171137795,3120.86,1.641119179218384,1.89105229539079,0.0048637480135342,0.0024318740067671,77
270,3.5172227884430147,2.186737546753024,4.201985395805308,0.2625180523459421,2.015247849052284,-1.91113377024742,-1.995080127131668,0.0010705188392996,0.3859863634088458,31.96103948562093,23.55302449077993,39.95209030011925,3.9075613618643454,3103.828,1.6315700789656966,1.89105229539079,-0.0095491002526872,-0.0023872750631718,78
274,3.5125010864221813,2.100774791159369,4.20178017149305,0.2684194030833104,2.101005380333681,-1.9108556098369367,-1.9937540476262583,0.0012645403116355,0.3864575673331354,31.798082670491866,23.15836420422582,40.16503458324407,4.039383392805075,3095.094,1.621213282987236,1.89105229539079,-0.0103567959784605,-0.0025891989946151,79
278,3.512961463507468,2.1417010068719846,4.202220537976551,0.2654991445134645,2.0605195311045663,-1.9049762303506044,-1.9934634318284483,0.0007746435520126,0.4005172724970495,31.95802833708937,23.26175935743409,40.36674175781141,4.100074784183007,3095.781,1.6164273214762122,1.89105229539079,-0.0047859615110239,-0.0011964903777559,80
282,3.512520410039196,2.0912297625621297,4.2013887453306085,0.2692443243789981,2.110158982768479,-1.905106852054852,-1.9955237523449136,0.0004752084007865,0.4005777576368912,32.41813169746276,23.705879583857502,40.88269125311642,4.104813634275824,3094.328,1.615823510161921,1.89105229539079,-0.0006038113142912,-0.0001509528285728,81
286,3.5151454557578807,2.166300950520593,4.201620573144587,0.264592914024469,2.0353196226239936,-1.9049079394753687,-1.9937747556066168,0.0014730247330521,0.4011093811263723,32.64044972789331,24.063147568932987,40.85633220225456,4.035276418212726,3086.531,1.61672418029789,1.89105229539079,0.000900670135969,0.0002251675339922,82
290,3.513443179473182,2.1843637809529235,4.201668680267049,0.2638836935216724,2.017304899314125,-1.898761620917719,-1.993529946094214,0.0007479343585839,0.4145639691317064,32.56399373078006,23.95500402082536,40.7780246115985,4.0489676097337375,3085.625,1.6108655863730026,1.89105229539079,-0.0058585939248874,-0.0014646484812218,83
294,3.509708940257453,2.113995772639173,4.202567159315787,0.2695757399413419,2.0885713866766142,-1.90433828068926,-1.993795039414877,0.002791130516547,0.4023836860850073,32.28305350922276,23.71296646985381,40.5829305350897,4.030966130077138,3067.203,1.6006603374309376,1.89105229539079,-0.0102052489420649,-0.0025513122355162,84
298,3.5042771471757,2.0287779476202195,4.201472345711643,0.2759386941922997,2.172694398091424,-1.904192698545851,-1.994813747444024,0.0015411386303345,0.4031010093914232,32.06065237439007,23.38046937634272,40.6345689985191,4.1025915192805655,3058.157,1.5959174487005665,1.89105229539079,-0.004742888730371,-0.0011857221825927,85
302,3.509207943122176,2.1948906641943635,4.201332830124454,0.2640340111657324,2.006442165930091,-1.8982712229514884,-1.994905249607193,-7.384784317216585e-05,0.4163384641983915,32.365261126964526,23.58248831945852,40.75070125010339,4.154090104643841,3058.812,1.5962179519462243,1.89105229539079,0.0003005032456577,7.512581141444485e-05,86
306,3.5095064920492853,2.1621122251410005,4.201522880341636,0.2665102035429568,2.0394106552006352,-1.8977934870545985,-1.9940601969636649,0.0018530612527821,0.4164923578079049,32.68851871366292,23.98206918597125,41.0672419235651,4.12963931213872,3058.578,1.5958065114633972,1.89105229539079,-0.000411440482827,-0.0001028601207067,87
310,3.505203266169396,2.0092802451741245,4.201386492450036,0.2778003723633003,2.192106247275911,-1.903643646720525,-1.9937194932286224,0.0040410194427514,0.4037263184241458,32.747733642524246,24.051439279589804,41.40590880756584,4.151667084862949,3049.328,1.5906507821480704,1.89105229539079,-0.0051557293153268,-0.0012889323288317,88
313,3.528118234591976,2.144268362237989,4.233325435700087,0.2741630579925055,2.0890570734620977,-1.936992342648715,-1.9937139334305616,0.0010773421833417,0.3195835892676469,32.50500516961017,23.850620264439623,41.01558674901627,3.999264397606396,3177.219,1.6888211161855506,1.89105229539079,0.0981703340374802,0.03272344467916,89
316,3.519590928396835,2.09628137739202,4.203917718634026,0.2705473630434238,2.1076363412420065,-1.9233409193548263,-1.9940123642001173,0.0001619323178991,0.3573271222732376,32.91993878980996,24.43569034018692,41.31851435911838,3.9779476648867633,3082.937,1.6259938279733204,1.89105229539079,-0.0628272882122302,-0.0209424294040767,90
320,3.5146260368096875,2.037656085248936,4.202046403451837,0.2748582335987081,2.164390318202902,-1.916884219356136,-1.9933319825535087,0.0025807635004239,0.3729974923595268,32.948305858317944,24.481210786362457,41.4002950560853,4.0004148447474615,3074.266,1.6157433862812898,1.89105229539079,-0.0102504416920305,-0.0025626104230076,91
324,3.5115494818370454,2.050265845971926,4.201592874087554,0.2738568804220646,2.1513270281156283,-1.910472150518363,-1.9934516762680057,0.0003022515281129,0.3884097695100597,32.76906651915661,24.22844716982348,41.2508092329952,4.043926015268153,3066.0,1.6056626764846538,1.89105229539079,-0.010080709796636,-0.002520177449159,92
328,3.510769869032659,2.1421639870693685,4.201214370586727,0.2677238086862575,2.0590503835173584,-1.904277326283454,-1.994203337533412,-0.0006093698061376,0.4029610000929736,32.59734424608833,24.003142454503458,40.95362783962595,4.061553116289224,3056.437,1.5949746921524348,1.89105229539079,-0.0106879843322189,-0.0026719960830547,93
332,3.50804494279531,2.093098662464846,4.201660608337926,0.2714351723858833,2.10856194587308,-1.904002494100001,-1.9942540792901025,0.000577433970476,0.403474714597581,32.52349894408369,23.879196296054904,40.989022190981714,4.1006818446076005,3048.219,1.5904102438871943,1.89105229539079,-0.0045644482652404,-0.0011411120663101,94
336,3.507748080950393,2.109503853325003,4.201750207865124,0.2705086991832359,2.092246354540121,-1.9036546380501311,-1.999980148540772,0.001450116371467,0.4043586768146547,32.578228834731775,23.935993772910926,41.02622774121347,4.111733496864432,3039.218,1.5853517062988178,1.89105229539079,-0.0050585375883764,-0.0012646343970941,95
340,3.506667352106726,2.1295447836320704,4.201226117420626,0.2692433210994772,2.071681333788556,-1.8977146678452768,-1.995744295058308,0.0003095311788683,0.4177461648867441,32.62728298499839,23.980765847990668,41.01371342582121,4.116933403314129,3039.047,1.5799737147242376,1.89105229539079,-0.0053779915745801,-0.001344497893645,96
344,3.50618439217454,2.138556110583413,4.201796973837129,0.2691227468747876,2.063240863253716,-1.8973347377958825,-1.995283636272928,0.0007088973292597,0.4182360497473145,32.652115712561326,23.999220368885872,41.04923314430273,4.118310158305885,3030.375,1.5752185465278068,1.89105229539079,-0.0047551681964308,-0.0011887920491077,97
348,3.5051004339266254,2.143779366990932,4.201200470517945,0.2689389259212894,2.057421103527013,-1.8970045774163773,-1.9943198333456515,0.0016972268277341,0.4188464005659871,32.64767456395258,23.973654052530293,41.05277512550887,4.135322062548897,3021.0,1.569798484648868,1.89105229539079,-0.0054200618789388,-0.0013550154697347,98
352,3.5054479186890566,2.199196544880164,4.201289094579205,0.2654737839390413,2.002092549699041,-1.890912739928928,-1.9968908750212224,0.0050718814465873,0.4318752742370957,32.6993879231031,24.01135599553165,41.02092182377061,4.1434355534635925,3021.75,1.5702565375950357,1.89105229539079,0.0004580529461677,0.0001145132365419,99
356,3.500074246846,2.0252901014990434,4.201033482375415,0.2780974884933766,2.1757433808763715,-1.8968789299198896,-1.9939195524210047,-9.090347803085198e-05,0.4193757586765284,32.724576765133094,24.011740056772418,41.34840278359994,4.183372291476193,3012.265,1.565249873909438,1.89105229539079,-0.0050066636855976,-0.0012516659213994,100
360,3.5011647157526498,2.0874226328484515,4.201482697501314,0.2734435466054509,2.1140600646528624,-1.8964710309338209,-1.9941986616958327,0.0010516290130581,0.4198750606930129,32.70434030242972,23.99347983811607,41.23753665797544,4.172822950886433,3002.641,1.559633933561147,1.89105229539079,-0.0056159403482909,-0.0014039850870727,101
364,3.500407285435189,2.0863200514042264,4.196165946742788,0.2727539732933852,2.109845895338561,-1.8967768141795405,-1.9932029763532653,0.0024946169574364,0.4196828008013977,32.74051962267582,24.069019867711653,41.21700308433066,4.141460947088176,3012.0,1.5649820533392105,1.89105229539079,0.0053481197780633,0.0013370299445158,102
367,3.507816455272743,2.0588247910323827,4.205246397279064,0.2757283357353109,2.146421606246681,-1.90314856001036,-1.99697276936168,0.0002870995994081,0.4052945132199409,33.38712825139849,24.773284683784794,41.89753189273277,4.106168727289112,3020.11,1.57497949984227,1.89105229539079,0.0099974465030594,0.0033324821676864,103
371,3.5025243992110107,2.007722684403967,4.201509838937999,0.2793983050650545,2.193787154534032,-1.9028574663381217,-2.0040394709724123,0.0011258644840676,0.406602016926949,33.270627344923426,24.60432088403771,41.90270996402953,4.15734860812137,3002.172000000006,1.5652811168780458,1.89105229539079,-0.009698382964224,-0.002424595741056,104
375,3.505155823274424,2.190682586389996,4.201909525379603,0.2671609601841865,2.0112269389896067,-1.8963219640753084,-2.0003771874564404,0.0012275375949171,0.4207390457585838,33.115074143665915,24.423639542020226,41.48233804274523,4.145666540073196,2992.703,1.559755497470126,1.89105229539079,-0.0055256194079198,-0.0013814048519799,105
379,3.498364647513572,2.008435320437976,4.199865517000471,0.2800179112567817,2.1914301965624947,-1.908430732943726,-2.005293715624197,0.0010402847333103,0.3948750790494943,32.90572814040102,24.19968791502018,41.6411622659972,4.18531988772862,2964.468,1.549897685670499,1.89105229539079,-0.009857811799627,-0.0024644529499067,106
383,3.500140843862167,2.164636064139996,4.200859733656452,0.2688781343035709,2.036223669516456,-1.889754408573026,-1.9945472659822976,0.0003412651456227,0.4344167924236918,32.953112654161664,24.11639369687997,41.433877603827945,4.228928723876436,2983.375,1.543877153134502,1.89105229539079,-0.0060205325359969,-0.0015051331339992,107
387,3.49909547013937,2.064742753691984,4.20162098338246,0.2760027250501692,2.1368782296904767,-1.895916758897512,-1.9938553434941435,-0.0006483552972097,0.4220196727922293,33.2282109237263,24.459092848668902,41.8543569979417,4.2233786094138015,2975.297,1.5450187488690073,1.89105229539079,0.0011415957345053,0.0002853989336263,108
391,3.501035761164061,2.170172617792397,4.201149059944848,0.2690639185860018,2.0309764421524514,-1.889387844169526,-1.994538814315664,0.0027223591581976,0.4354171727207348,33.361342590516294,24.609806274773607,41.78271326384125,4.200820925974331,2974.9850000000006,1.5445940154102908,1.89105229539079,-0.0004247334587164,-0.0001061833646791,109
395,3.497212315865497,2.120750718982474,4.200810741834928,0.2725395525815381,2.080060022852454,-1.88891859636704,-2.0003871362753527,0.0017320639758289,0.4358379461976045,33.12431679486816,24.334930769941984,41.62744766181303,4.219242537204774,2966.25,1.5343086721758876,1.89105229539079,-0.0102853432344032,-0.0025713358086008,110
399,3.496089957852059,2.13627215665258,4.200373974181371,0.271483182584801,2.064101817528791,-1.888507115001076,-1.996471333028226,0.0004949274212671,0.4362675159871197,32.991553593266204,24.14077679739368,41.552128441464966,4.259597344555285,2956.359,1.5287603942958483,1.89105229539079,-0.0055482778800393,-0.0013870694700098,111
403,3.495877119417779,2.093857236476905,4.201791474587699,0.2745316604198063,2.107934238110793,-1.88881808207332,-1.9936433250812409,0.0010239776284218,0.4365325722003185,33.2318318845246,24.39166057089849,41.839167194182565,4.262261181975609,2956.344,1.5289260249179843,1.89105229539079,0.000165630622136,4.140765553400927e-05,112
407,3.493116071455022,1.9959465760122976,4.20067023466464,0.2817618222544089,2.204723658652343,-1.8887930414931369,-1.9952567240378405,0.0018837863099458,0.4365818139018804,33.5098123920945,24.67206702561961,42.23998716092915,4.274457633860022,2956.406,1.529091650133123,1.89105229539079,0.0001656252151387,4.140630378468568e-05,113
411,3.492655946458748,2.0305769860653866,4.20021831736756,0.279043030854902,2.1696413313021736,-1.888168080257056,-2.001090966399853,-0.0001323108239163,0.4371486128735513,33.382402850667845,24.56852628281145,42.04090238497712,4.268524433351918,2947.266,1.5239059324661248,1.89105229539079,-0.0051857176669982,-0.0012964294167495,114
415,3.49208824531703,2.0758803797636745,4.200674971032527,0.2761335994927761,2.124794591268852,-1.887904907597145,-1.9951199234830208,0.0011947086906479,0.4379482947898885,33.17829959346276,24.34305560390618,41.803429062834496,4.274613938139993,2937.984,1.5186675419100617,1.89105229539079,-0.0052383905560631,-0.0013095976390157,115
419,3.490216477408044,2.079354904824249,4.200371214024706,0.2758276886812699,2.121016309200457,-1.8877303662432203,-1.995116853206629,0.0010653130649685,0.4384469835295734,33.01591345323486,24.0993140682898,41.6886924602386,4.313576443869671,2929.125,1.5136482266426952,1.89105229539079,-0.0050193152673665,-0.0012548288168416,116
423,3.490593195862046,2.0585109366080414,4.200965645223048,0.277468540309286,2.142454708615007,-1.887807716329412,-1.99495231189078,0.0004787085189064,0.438505597682676,33.271000362987586,24.36377918362768,41.98817160118213,4.3242665867829135,2928.454,1.5136050185229033,1.89105229539079,-4.32081197918599e-05,-1.0802029947964977e-05,117
427,3.4911419366203664,2.0253107306977376,4.201492773602507,0.2798972380490623,2.17618204290477,-1.887674933393443,-1.994323430810411,0.0014011551714919,0.4384231819570503,33.61966967517867,24.74466282559706,42.33252236723314,4.305718262524468,2929.375,1.5139470614867965,1.89105229539079,0.0003420429638931,8.551074097329359e-05,118
431,3.49283645226053,2.0069579017420067,4.192768207316796,0.280648377364394,2.185810305574789,-1.901022727285377,-1.993558124867768,0.0001912373509952,0.4101892452322283,33.29697162630193,24.95875411585554,41.63553796804361,4.0496455069214905,2946.031,1.5339599193158786,1.89105229539079,0.0200128578290821,0.0050032144572705,119
433,3.5025157522808223,2.19792648712031,4.204602036514753,0.2689584358507598,2.006675549394444,-1.8951144121477888,-2.002748484975491,0.0030058963802608,0.4233283885716984,33.393130865360554,24.95211336056763,41.470498076928735,4.027667151212495,2955.438,1.5391372798653098,1.89105229539079,0.0051773605494311,0.0025886802747155,120
437,3.492953565598811,2.0299415196572554,4.200995491738166,0.2795996279931968,2.171053972080911,-1.8941478117057609,-1.9944619397860408,0.0013222402114302,0.4245154192335867,33.13820710362847,24.59206034022774,41.54038193238441,4.122985103685159,2937.625,1.5236247972838737,1.89105229539079,-0.0155124825814361,-0.003878120645359,121
441,3.491746263651724,2.117150391576778,4.201036137691208,0.2735087098161374,2.0838857461144293,-1.887504201472892,-1.993640903324712,0.0019620386177833,0.4382617517151343,32.84069778843796,24.21295183077047,41.13947017697289,4.157487508293686,2929.078,1.5135813035589147,1.89105229539079,-0.0100434937249589,-0.0025108734312397,122
445,3.490432264232956,2.130989905274772,4.200762329918291,0.2729068935891816,2.0697724246435194,-1.887143404342272,-1.994011319738722,0.0007664599576748,0.4390627573549804,32.75739655594484,24.08347032776052,41.09041922644824,4.183156275222846,2918.375,1.5077850749847914,1.89105229539079,-0.0057962285741233,-0.0014490571435308,123
449,3.488861416967918,2.129431831748565,4.201013677167557,0.2728699120961805,2.071581845418992,-1.8807630082774924,-1.994441480864884,0.00122567742659,0.451902047050887,32.77234087259374,24.06336388722212,41.10034021580957,4.202981030070509,2919.812,1.5031960676037333,1.89105229539079,-0.0045890073810581,-0.0011472518452645,124
453,3.4891932104785104,2.164511453629433,4.200439147859412,0.2711434372617679,2.035927694229979,-1.886419275237733,-1.992734445097276,0.0028159136812845,0.4403385134265123,32.720417557744895,24.014672446811392,41.03075447325996,4.201910479264187,2900.422,1.497822059699588,1.89105229539079,-0.0053740079041453,-0.0013435019760363,125
457,3.487878571337592,2.1743012710834013,4.200264786461796,0.2703696312843611,2.0259635153783946,-1.8800039366336023,-1.994256304880574,0.0022981628295229,0.4532820883943287,32.710022803073514,23.987947203431663,40.99688397371006,4.212517381521927,2901.375,1.492848534633516,1.89105229539079,-0.0049735250660718,-0.0012433812665179,126
461,3.486430546073901,2.1928976284966537,4.200151660684939,0.2689857507962565,2.007254032188285,-1.873336653737241,-1.993300105892976,0.0016961980319279,0.465528036840312,32.62076759783716,23.86413247301575,40.88481342461614,4.2318435663728,2901.187,1.492414389867026,1.89105229539079,-0.0004341447664901,-0.0001085361916225,127
465,3.481257277522668,2.029849589914729,4.200453152662228,0.2805884049743061,2.1706035627474987,-1.879702248133121,-1.994355063355133,0.0003609582922841,0.4537710583671583,32.57651826255201,23.796556329674623,41.09400879501426,4.2680046087936,2891.64,1.487482776538081,1.89105229539079,-0.0049316133289449,-0.0012329033322362,128
469,3.4823550791204023,2.095949224783681,4.200291122451955,0.2757345575864043,2.1043418976682737,-1.8790751470067304,-1.9927610429233324,0.0001961097375452,0.4545290044639148,32.58396494906228,23.78880285644337,41.01377835587309,4.266172820747234,2882.906,1.482535148640411,1.89105229539079,-0.0049476278976698,-0.0012369069744174,129
473,3.4835074286280525,2.177723491219515,4.199877643371451,0.2702230568822358,2.022154152151936,-1.8728728303565048,-1.9944391195904976,0.0015180809940599,0.4670890953125287,32.623742674615976,23.82871891762843,40.90635248178393,4.259765769333201,2883.265,1.4827874322228984,1.89105229539079,0.0002522835824874,6.307089562185286e-05,130
477,3.478976541530706,2.056251340337525,4.200436806124781,0.2785599820113761,2.144185465787256,-1.872678642140012,-1.994379463643991,0.0005279711713773,0.4668330320827534,32.58599202496769,23.743478109305848,41.06596192416311,4.30066202858035,2882.969,1.476971179775059,1.89105229539079,-0.0058162524478393,-0.0014540631119598,131
481,3.483501191305966,2.1512510632923165,4.193077426787744,0.2710187642003124,2.041826363495428,-1.872734820116884,-1.992644974954703,0.0024042447038229,0.4662180398477774,32.864544723781215,24.457169523678328,40.84520330629611,4.080941387761504,2891.656,1.4819015554137276,1.89105229539079,0.0049303756386684,0.0012325939096671,132
483,3.489970199409661,2.1693699073642034,4.203372086437543,0.2716515037379007,2.03400217907334,-1.8800362373714223,-1.9933389783603288,0.000828308861303,0.453311253523682,33.079651096902374,24.575871874910508,41.12807910254104,4.10422717641776,2901.25,1.4981366198874824,1.89105229539079,0.0162350644737547,0.0081175322368773,133
485,3.484801138956006,2.116759239247948,4.202065190134895,0.2744248030587602,2.0853059508869465,-1.8730214281226407,-1.9933817364068824,0.0030675311032014,0.4663879788040059,32.932141650182686,24.32851203519328,41.094988453128494,4.167224495126409,2891.703,1.4820775214392872,1.89105229539079,-0.0160590984481951,-0.0080295492240975,134
489,3.47835437960934,2.009424225590032,4.200086642861885,0.2818515847566122,2.190662417271853,-1.8725486136074456,-1.9932411647857315,0.0030467354150696,0.4670460159468524,32.755748003791545,24.08043303814577,41.11877573165318,4.224926755149784,2883.016,1.4771155312812152,1.89105229539079,-0.0049619901580719,-0.0012404975395179,135
493,3.475694933923807,2.0034792344341588,4.199758658258613,0.2821225408880852,2.1962794238244543,-1.8724613181992065,-1.995591810750265,0.0021959636917793,0.4676019056235758,32.52965474617847,23.77234297368613,40.98003499062696,4.271493224906279,2873.453,1.4720772783056488,1.89105229539079,-0.0050382529755663,-0.0012595632438915,136
497,3.481431873453954,2.172988732474185,4.199843161074874,0.2703184554504022,2.026854428600689,-1.8659419458758728,-1.9935321227601952,0.0019190547671286,0.4798199080245358,32.848065199041,24.13000363319517,41.017509953482886,4.229905234799717,2874.031,1.472248013656454,1.89105229539079,0.0001707353508051,4.268383770128503e-05,137
501,3.479606033623236,2.087464676179042,4.200352076636086,0.2760443341294343,2.112887400457044,-1.865786095147701,-1.9930538887372675,0.0021311239778481,0.4796371624062805,33.072327061961936,24.398489581288885,41.299420742573055,4.223536418835768,2874.234,1.4670106672274663,1.89105229539079,-0.0052373464289876,-0.0013093366072469,138
505,3.47822589673296,2.110564313669325,4.200169604165679,0.2746745581820132,2.0896052904963542,-1.865460584903752,-1.996737767854495,0.0025488236883237,0.4803629887383534,32.85096451719535,24.15787591865575,41.105738037939375,4.2315095942649,2864.984,1.461767249533538,1.89105229539079,-0.0052434176939282,-0.001310854423482,139
509,3.4743233868367187,2.0724687293779813,4.199911577879335,0.2773685437531875,2.127442848501353,-1.865134613881632,-1.9940890874950363,0.0015365248744252,0.4811567076590405,32.572302329954546,23.833084099928943,40.87704013237699,4.272118524208809,2855.093,1.4566952670489708,1.89105229539079,-0.0050719824845673,-0.0012679956211418,140
513,3.4737305453330443,2.125382697327052,4.199564012073342,0.2735040903000701,2.07418131474629,-1.858515986418667,-1.9932272893446616,0.0011522148915565,0.4926088565466325,32.450684441760906,23.613836363374315,40.73021986226824,4.307107583090939,2855.625,1.451354972758956,1.89105229539079,-0.0053402942900147,-0.0013350735725036,141
517,3.47481272321405,2.1147331324879475,4.199951033620322,0.2741189658808237,2.0852179011323746,-1.8588972649148483,-1.9966895581151056,0.0030918125678027,0.4928853646213693,32.7394359440147,23.88537512458738,41.03226257370644,4.314471991597492,2855.594,1.451615926257375,1.89105229539079,0.0002609534984188,6.523837460470361e-05,142
521,3.476096426841386,2.1738445330859366,4.19995987158867,0.2707101067699333,2.0261153385027337,-1.858196967233421,-1.9930274022141448,0.0029628405126883,0.4936311001212133,32.775898242252914,24.02342893757079,40.89527781087817,4.253460060290458,2847.437,1.4468161332173683,1.89105229539079,-0.0047997930400065,-0.0011999482600016,143
525,3.4686822529487804,1.9947266977360072,4.200414702164272,0.2832693778438166,2.2056880044282647,-1.8581200056254088,-1.9935942445664656,0.0006568763083351,0.4934164587081907,32.5817324044051,23.75894434400727,41.02491521192672,4.322639954618495,2847.36,1.4467570607768785,1.89105229539079,-5.907244048986016e-05,-1.476811012246504e-05,144
529,3.4661964701943586,2.0033802121225017,4.199552965128597,0.2821947324675514,2.1961727530060955,-1.8577209868352305,-1.994370314261552,0.0026276137551773,0.4943028089733894,32.35021153014993,23.458006651239486,40.81596834579472,4.367565785231717,2837.328,1.4413797481446793,1.89105229539079,-0.0053773126321992,-0.0013443281580498,145
533,3.468183423895935,2.116470909151213,4.199706970400125,0.2740329443201372,2.083236061248912,-1.851245835407516,-1.9938361784378087,0.0021315502195588,0.5055252635242714,32.28754240914786,23.312450683066256,40.65138669632271,4.387918298052043,2837.281,1.4362456252208178,1.89105229539079,-0.0051341229238615,-0.0012835307309653,146
537,3.4678606629897453,2.051877342511651,4.199300346769649,0.2783171055410068,2.1474230042579974,-1.8514531972432,-1.994206051788244,0.0003083819002708,0.5055032219238349,32.603239183227075,23.67192071435474,40.965385542419945,4.3654701294274805,2838.515,1.4368154153924828,1.89105229539079,0.000569790171665,0.0001424475429162,147
541,3.4662499547181245,2.003221375307111,4.200086391757318,0.282385242428913,2.196865016450207,-1.8574211435317929,-1.993515247147098,0.0028170347777114,0.4949969475950789,32.61208344144242,23.703251528067923,41.11319128215138,4.37997105530099,2828.328,1.4362945145860049,1.89105229539079,-0.0005209008064779,-0.0001302252016194,148
545,3.462469269360201,1.9865974995249176,4.189989265375979,0.2818819841696323,2.2033917658510607,-1.857823928669184,-1.99378580594933,0.0021921104214289,0.4943078671975977,32.26742656599958,23.32719332912165,40.78738321989129,4.383264304717054,2838.265,1.4418575315878015,1.89105229539079,0.0055630170017966,0.0013907542504491,149
548,3.480518309485383,2.1908121182442706,4.202670619155847,0.270428573348554,2.0118585009115764,-1.8658259561850363,-1.996213250941652,0.0023628760398125,0.4805485663838978,32.637733704417855,23.97791363088396,40.73001188190229,4.214467261135465,2864.547,1.4672063484781797,1.89105229539079,0.0253488168903781,0.008449605630126,150
552,3.4723137993738336,2.033261415031626,4.199186500777735,0.2802109931464832,2.165925085746109,-1.8647784241320744,-1.993458887321793,0.0012510749735953,0.4816733351722642,32.665258715232376,23.91927093515108,40.990354594470126,4.283289390084547,2846.39,1.4518640367848883,1.89105229539079,-0.0153423116932913,-0.0038355779233228,151
556,3.474362108592906,2.19135439601875,4.199638763972608,0.2695426070546689,2.0082843679538582,-1.8578958465335809,-1.993662634441788,0.0026139024713906,0.4944188415321409,32.502652632323915,23.75032311694057,40.62521315513875,4.270076308909606,2837.969,1.44713797527485,1.89105229539079,-0.0047260615100381,-0.0011815153775095,152
560,3.472282321238876,2.1840705012733683,4.200028390360542,0.2699344065566691,2.015957889087173,-1.851194762921304,-1.9935668796843675,0.0027107013781295,0.5056082033558461,32.446842086875606,23.62817283156369,40.58944296824891,4.299125865852939,2838.156,1.441790586562399,1.89105229539079,-0.0053473887124511,-0.0013368471781127,153
564,3.4701761898320465,2.1664368343684446,4.199347098159206,0.2710858021641952,2.032910263790761,-1.8509042611451945,-1.9934697961408,0.0007252787010097,0.5063097294204744,32.39361892904713,23.53981212995311,40.584393586876246,4.325115898670607,2829.843,1.431630947911111,1.89105229539079,-0.0101596386512881,-0.002539909662822,154
568,3.4635011119445216,1.987193667465448,4.199148920577739,0.2832898045943784,2.211955253112291,-1.850858274670624,-1.9934414275491168,-0.000179521434056,0.5063070156205356,32.417221778010834,23.49802323358846,40.884444140401214,4.3883223279882495,2829.625,1.4318084249673686,1.89105229539079,0.0001774770562577,4.436926406442554e-05,155
572,3.467453100453348,2.1314172797434523,4.199648027535327,0.2734041808329979,2.0682307477918744,-1.8504182940365097,-1.9940355259074865,0.001281010018485,0.5071972807923033,32.40094040453025,23.52742809133315,40.65159637790841,4.3463556783787,2819.437,1.4262562585106868,1.89105229539079,-0.0055521664566817,-0.0013880416141704,156
576,3.4675864728547845,2.188995882590831,4.199193175738452,0.2695141803952856,2.0101972931476206,-1.843689287692697,-1.993771785891296,0.0005356664506589,0.5181427821072656,32.36314241861482,23.458033825865048,40.53138082339522,4.351714431704272,2819.579,1.4260877528924911,1.89105229539079,-0.0001685056181957,-4.212640454892558e-05,157
580,3.462182535852444,2.032246494641712,4.199053572226856,0.2801600866578969,2.166807077585145,-1.8498733070449755,-1.9938797141417293,0.0026041426376996,0.507894137527647,32.382600705235255,23.438813900162128,40.821433488540606,4.4093849536368666,2810.672,1.4212633510031694,1.89105229539079,-0.0048244018893217,-0.0012061004723304,158
584,3.465962999117946,2.1695130053947387,4.199879744716988,0.2708827931569411,2.030366739322249,-1.8432877207292044,-1.9940053249383376,0.0009364024885806,0.5188324984812375,32.4323818014572,23.504429518319206,40.643362943412974,4.376928450134194,2811.485,1.4163272748795108,1.89105229539079,-0.0049360761236585,-0.0012340190309146,159
588,3.4601727514874407,1.9917978280585305,4.198680179439704,0.283205640150527,2.2068823513811733,-1.8494580225090995,-1.9936134940183787,0.0012154494508675,0.5087585272156274,32.48861829940489,23.53850573910616,40.97063567014205,4.415256194230411,2802.422,1.4165781829175994,1.89105229539079,0.0002509080380885,6.27270095221455e-05,160
592,3.464226115253961,2.153448646261708,4.199235005181635,0.2718094069576828,2.045786358919928,-1.8426221358637016,-1.9932783787552537,0.0024889122249394,0.5198946086774101,32.524062377970175,23.59680665310433,40.74888323397497,4.383646752360037,2801.625,1.4108401729425175,1.89105229539079,-0.0057380099750818,-0.0014345024937704,161
596,3.458799193390812,2.0101572712330453,4.198950996279868,0.2815424871225148,2.188793725046823,-1.8427098003104343,-1.9936687629475545,0.0026875024090308,0.5196065660798354,32.482615965621896,23.507102422227057,40.93461596721165,4.428070620096844,2802.031,1.4109949628347804,1.89105229539079,0.0001547898922629,3.869747306572968e-05,162
600,3.4620805499710854,2.132718741006573,4.199393701075195,0.2733820368325612,2.066674960068622,-1.842239518040086,-1.9932378340066104,0.000994707873273,0.5205366588751019,32.46389583182878,23.49103023425758,40.74175890345818,4.408949817284241,2793.39,1.40617142903988,1.89105229539079,-0.0048235337949005,-0.0012058834487251,163
604,3.4578782949034514,2.0114763339798887,4.198994975977764,0.2814693412732219,2.187518641997876,-1.842252843487983,-1.9929534332525367,0.002778008422878,0.5205423339703974,32.55681404542561,23.555518771498985,41.00964443691023,4.442695390898806,2793.39,1.4063358479692922,1.89105229539079,0.0001644189294123,4.11047323530811e-05,164
608,3.461590937144894,2.1610456063312298,4.198421699164089,0.2711287554522599,2.03737609283286,-1.8356063485512333,-1.997554904717948,0.0017032344350931,0.5311150305328971,32.576296430484255,23.595817643467868,40.80558697887537,4.412579006003441,2792.485,1.4004552399066514,1.89105229539079,-0.0058806080626407,-0.0014701520156601,165
612,3.462906230864041,2.0143553387267827,4.188887274283021,0.2816361889661913,2.1745319355562387,-1.8561013515700384,-1.9933150584565904,0.0005141412894631,0.4974051152048578,32.81804879809979,24.482611948371623,40.92586026351328,4.125296278923238,2802.016,1.4217865046055154,1.89105229539079,0.0213312646988639,0.0053328161747159,166
614,3.47535804252648,2.1732119934933296,4.2050716026539625,0.2747384382111585,2.031859609160633,-1.8574370794605968,-2.00603752072988,0.0016833616341213,0.4959113817178485,32.92941193334214,24.737923198971707,40.57390100608222,3.919423534297816,2820.39,1.4324552720625434,1.89105229539079,0.010668767457028,0.005334383728514,167
